dataset,backbone,regime,event_recall_base,event_recall_bech,event_recall_delta,complete_miss_rate_base,complete_miss_rate_bech,complete_miss_rate_delta,boundary_mismatch_rate_base,boundary_mismatch_rate_bech,boundary_mismatch_rate_delta,fragmented_rate_base,fragmented_rate_bech,fragmented_rate_delta,exact_boundary_rate_base,exact_boundary_rate_bech,exact_boundary_rate_delta,point_recall_base,point_recall_bech,point_recall_delta,point_precision_base,point_precision_bech,point_precision_delta,mae_on_true_event_hours_base,mae_on_true_event_hours_bech,mae_on_true_event_hours_delta
GEFCOM14P,GBDT,negative,,,,,,,,,,,,,,,,,,,,,,,,
GEFCOM14P,GBDT,spike,0.46153846153846156,0.46153846153846156,0.0,0.5384615384615384,0.5384615384615384,0.0,0.3076923076923077,0.3076923076923077,0.0,0.0,0.0,0.0,0.15384615384615385,0.15384615384615385,0.0,0.4507042253521127,0.4507042253521127,0.0,0.5,0.5,0.0,60.26608202091273,60.26608202091273,0.0
GEFCOM14P,Linear,negative,,,,,,,,,,,,,,,,,,,,,,,,
GEFCOM14P,Linear,spike,0.5384615384615384,0.5384615384615384,0.0,0.46153846153846156,0.46153846153846156,0.0,0.38461538461538464,0.38461538461538464,0.0,0.07692307692307693,0.07692307692307693,0.0,0.07692307692307693,0.07692307692307693,0.0,0.4084507042253521,0.4084507042253521,0.0,0.8285714285714286,0.8285714285714286,0.0,54.84911225025631,54.84911225025631,0.0
LAGO_BE,GBDT,negative,0.0,0.0,0.0,1.0,1.0,0.0,0.0,0.0,0.0,0.0,0.0,0.0,0.0,0.0,0.0,0.0,0.0,0.0,0.0,0.0,0.0,33.57261012208192,33.57261012208192,0.0
LAGO_BE,GBDT,spike,0.12765957446808507,0.12765957446808507,0.0,0.8723404255319149,0.8723404255319149,0.0,0.0851063829787234,0.0851063829787234,0.0,0.02127659574468085,0.02127659574468085,0.0,0.02127659574468085,0.02127659574468085,0.0,0.0658682634730539,0.0658682634730539,0.0,0.12643678160919541,0.12643678160919541,0.0,67.81571767261883,67.81571767261883,0.0
LAGO_BE,Linear,negative,0.0,0.0,0.0,1.0,1.0,0.0,0.0,0.0,0.0,0.0,0.0,0.0,0.0,0.0,0.0,0.0,0.0,0.0,,,,17.213790462773325,17.213790462773325,0.0
LAGO_BE,Linear,spike,0.23404255319148937,0.23404255319148937,0.0,0.7659574468085106,0.7659574468085106,0.0,0.14893617021276595,0.14893617021276595,0.0,0.02127659574468085,0.02127659574468085,0.0,0.06382978723404255,0.06382978723404255,0.0,0.1497005988023952,0.1497005988023952,0.0,0.5208333333333334,0.5208333333333334,0.0,61.52724613971541,61.52724613971541,0.0
LAGO_DE,GBDT,negative,0.7659574468085106,0.7659574468085106,0.0,0.23404255319148937,0.23404255319148937,0.0,0.6808510638297872,0.6808510638297872,0.0,0.02127659574468085,0.02127659574468085,0.0,0.06382978723404255,0.06382978723404255,0.0,0.7628865979381443,0.7628865979381443,0.0,0.30265848670756645,0.30515463917525776,0.002496152467691304,26.562905878079345,24.966362610240516,-1.596543267838829
LAGO_DE,GBDT,spike,0.41463414634146345,0.41463414634146345,0.0,0.5853658536585366,0.5853658536585366,0.0,0.24390243902439024,0.24390243902439024,0.0,0.07317073170731707,0.07317073170731707,0.0,0.0975609756097561,0.0975609756097561,0.0,0.41919191919191917,0.41919191919191917,0.0,0.9764705882352941,0.9764705882352941,0.0,19.813568982533866,19.813568982533866,0.0
LAGO_DE,Linear,negative,0.7872340425531915,0.7872340425531915,0.0,0.2127659574468085,0.2127659574468085,0.0,0.5531914893617021,0.5531914893617021,0.0,0.0425531914893617,0.0425531914893617,0.0,0.19148936170212766,0.19148936170212766,0.0,0.788659793814433,0.788659793814433,0.0,0.523972602739726,0.523972602739726,0.0,19.97145706060459,19.97145706060459,0.0
LAGO_DE,Linear,spike,0.24390243902439024,0.24390243902439024,0.0,0.7560975609756098,0.7560975609756098,0.0,0.12195121951219512,0.12195121951219512,0.0,0.04878048780487805,0.04878048780487805,0.0,0.07317073170731707,0.07317073170731707,0.0,0.3383838383838384,0.3383838383838384,0.0,0.8170731707317073,0.8170731707317073,0.0,21.915309849537607,21.915309849537607,0.0
LAGO_FR,GBDT,negative,1.0,1.0,0.0,0.0,0.0,0.0,1.0,1.0,0.0,0.0,0.0,0.0,0.0,0.0,0.0,1.0,1.0,0.0,0.017857142857142856,0.017857142857142856,0.0,18.989807741364007,18.989807741364007,0.0
LAGO_FR,GBDT,spike,0.3421052631578947,0.3421052631578947,0.0,0.6578947368421053,0.6578947368421053,0.0,0.23684210526315788,0.23684210526315788,0.0,0.0,0.0,0.0,0.10526315789473684,0.10526315789473684,0.0,0.19469026548672566,0.19469026548672566,0.0,0.5641025641025641,0.5641025641025641,0.0,73.50994701767257,73.50994701767257,0.0
LAGO_FR,Linear,negative,0.0,0.0,0.0,1.0,1.0,0.0,0.0,0.0,0.0,0.0,0.0,0.0,0.0,0.0,0.0,0.0,0.0,0.0,0.0,0.0,0.0,7.02713953838275,7.02713953838275,0.0
LAGO_FR,Linear,spike,0.2894736842105263,0.2894736842105263,0.0,0.7105263157894737,0.7105263157894737,0.0,0.2894736842105263,0.2894736842105263,0.0,0.0,0.0,0.0,0.0,0.0,0.0,0.18584070796460178,0.18584070796460178,0.0,0.7,0.7,0.0,59.13647852184506,59.13647852184506,0.0
LAGO_NP,GBDT,negative,,,,,,,,,,,,,,,,,,,,,,,,
LAGO_NP,GBDT,spike,0.32258064516129037,0.32258064516129037,0.0,0.6774193548387096,0.6774193548387096,0.0,0.22043010752688172,0.22043010752688172,0.0,0.053763440860215055,0.053763440860215055,0.0,0.04838709677419355,0.04838709677419355,0.0,0.23708920187793428,0.23708920187793428,0.0,0.7231503579952268,0.7231503579952268,0.0,7.8247094544180875,7.8247094544180875,0.0
LAGO_NP,Linear,negative,,,,,,,,,,,,,,,,,,,,,,,,
LAGO_NP,Linear,spike,0.564516129032258,0.564516129032258,0.0,0.43548387096774194,0.43548387096774194,0.0,0.43548387096774194,0.43548387096774194,0.0,0.03225806451612903,0.03225806451612903,0.0,0.0967741935483871,0.0967741935483871,0.0,0.6870109546165885,0.6870109546165885,0.0,0.8633235004916421,0.8633235004916421,0.0,4.295985290697399,4.295985290697399,0.0
LAGO_PJM,GBDT,negative,0.0,0.0,0.0,1.0,1.0,0.0,0.0,0.0,0.0,0.0,0.0,0.0,0.0,0.0,0.0,0.0,0.0,0.0,,,,15.92384300673548,15.92384300673548,0.0
LAGO_PJM,GBDT,spike,0.8333333333333334,0.8333333333333334,0.0,0.16666666666666666,0.16666666666666666,0.0,0.8333333333333334,0.8333333333333334,0.0,0.0,0.0,0.0,0.0,0.0,0.0,0.8181818181818182,0.8181818181818182,0.0,0.140625,0.140625,0.0,60.42584707145667,60.42584707145667,0.0
LAGO_PJM,Linear,negative,0.2777777777777778,0.2777777777777778,0.0,0.7222222222222222,0.7222222222222222,0.0,0.2777777777777778,0.2777777777777778,0.0,0.0,0.0,0.0,0.0,0.0,0.0,0.2,0.2,0.0,0.375,0.375,0.0,10.419424567413477,10.419424567413477,0.0
LAGO_PJM,Linear,spike,0.0,0.0,0.0,1.0,1.0,0.0,0.0,0.0,0.0,0.0,0.0,0.0,0.0,0.0,0.0,0.0,0.0,0.0,,,,46.207941507587414,46.207941507587414,0.0
NEM_NSW1,GBDT,negative,0.06779661016949157,0.19067796610169496,0.1228813559322034,0.9322033898305084,0.809322033898305,-0.1228813559322034,0.05508474576271186,0.13983050847457626,0.0847457627118644,0.012711864406779662,0.0423728813559322,0.02966101694915254,0.0,0.00847457627118644,0.00847457627118644,0.027624309392265192,0.10313075506445672,0.07550644567219153,0.30612244897959184,0.509090909090909,0.2029684601113172,65.51852690088889,58.8137129402761,-6.704813960612789
NEM_NSW1,GBDT,spike,0.12121212121212122,0.12121212121212122,0.0,0.8787878787878788,0.8787878787878788,0.0,0.030303030303030304,0.030303030303030304,0.0,0.0,0.0,0.0,0.09090909090909091,0.09090909090909091,0.0,0.09836065573770492,0.09836065573770492,0.0,0.08571428571428572,0.08571428571428572,0.0,2699.9119260032107,2700.5317543531996,0.619828349988893
NEM_NSW1,Linear,negative,0.4661016949152542,0.4661016949152542,0.0,0.5338983050847458,0.5338983050847458,0.0,0.4152542372881356,0.4152542372881356,0.0,0.029661016949152543,0.029661016949152543,0.0,0.0211864406779661,0.0211864406779661,0.0,0.4419889502762431,0.4419889502762431,0.0,0.7395993836671803,0.7395993836671803,0.0,42.089834899663465,42.089834899663465,0.0
NEM_NSW1,Linear,spike,0.12121212121212122,0.12121212121212122,0.0,0.8787878787878788,0.8787878787878788,0.0,0.09090909090909091,0.09090909090909091,0.0,0.0,0.0,0.0,0.030303030303030304,0.030303030303030304,0.0,0.09836065573770492,0.09836065573770492,0.0,0.11764705882352941,0.11764705882352941,0.0,2653.0945195971894,2653.0945195971894,0.0
NEM_SA1,GBDT,negative,0.5661375661375662,0.6904761904761905,0.1243386243386243,0.43386243386243384,0.30952380952380953,-0.1243386243386243,0.3783068783068783,0.5238095238095238,0.14550264550264552,0.18253968253968253,0.14814814814814814,-0.03439153439153439,0.005291005291005291,0.018518518518518517,0.013227513227513227,0.3193050193050193,0.5111969111969112,0.19189189189189193,0.7615101289134438,0.6899426784783742,-0.07156745043506962,101.25752137697475,85.96940880088555,-15.288112576089205
NEM_SA1,GBDT,spike,0.2857142857142857,0.2857142857142857,0.0,0.7142857142857143,0.7142857142857143,0.0,0.2857142857142857,0.2857142857142857,0.0,0.0,0.0,0.0,0.0,0.0,0.0,0.37254901960784315,0.37254901960784315,0.0,0.06551724137931035,0.06713780918727916,0.0016205678079688063,2896.1278159152657,2896.1278159152657,0.0
NEM_SA1,Linear,negative,0.48677248677248675,0.6455026455026456,0.15873015873015883,0.5132275132275133,0.3544973544973545,-0.15873015873015878,0.4708994708994709,0.5978835978835979,0.12698412698412703,0.007936507936507936,0.013227513227513227,0.005291005291005291,0.007936507936507936,0.03439153439153439,0.026455026455026454,0.361003861003861,0.5096525096525096,0.14864864864864863,0.7937181663837012,0.7525655644241733,-0.04115260195952786,81.1925080125388,71.11532392109116,-10.077184091447634
NEM_SA1,Linear,spike,0.09523809523809523,0.09523809523809523,0.0,0.9047619047619048,0.9047619047619048,0.0,0.09523809523809523,0.09523809523809523,0.0,0.0,0.0,0.0,0.0,0.0,0.0,0.0392156862745098,0.0392156862745098,0.0,0.08695652173913043,0.08695652173913043,0.0,3112.7590525764967,3112.7590525764967,0.0
NEM_VIC1,GBDT,negative,0.45345345345345345,0.6006006006006006,0.14714714714714716,0.5465465465465466,0.3993993993993994,-0.14714714714714716,0.4114114114114114,0.5705705705705706,0.15915915915915918,0.03003003003003003,0.018018018018018018,-0.012012012012012012,0.012012012012012012,0.012012012012012012,0.0,0.36270691333982474,0.5024342745861733,0.13972736124634855,0.6723826714801444,0.6157517899761337,-0.056630881504010744,44.90760968417959,39.614066605515305,-5.293543078664285
NEM_VIC1,GBDT,spike,0.33333333333333337,0.33333333333333337,0.0,0.6666666666666666,0.6666666666666666,0.0,0.3333333333333333,0.3333333333333333,0.0,0.0,0.0,0.0,0.0,0.0,0.0,0.2571428571428571,0.2571428571428571,0.0,0.140625,0.140625,0.0,2820.9681111510986,2820.9681111510986,0.0
NEM_VIC1,Linear,negative,0.4504504504504504,0.5495495495495495,0.09909909909909909,0.5495495495495496,0.45045045045045046,-0.09909909909909914,0.4264264264264264,0.5135135135135135,0.08708708708708707,0.0,0.006006006006006006,0.006006006006006006,0.024024024024024024,0.03003003003003003,0.006006006006006006,0.37877312560856863,0.47370983446932813,0.0949367088607595,0.7243947858472998,0.6994967649173257,-0.024898020929974063,49.784353873279414,45.14851793335423,-4.635835939925187
NEM_VIC1,Linear,spike,0.16666666666666663,0.16666666666666663,0.0,0.8333333333333334,0.8333333333333334,0.0,0.16666666666666666,0.16666666666666666,0.0,0.0,0.0,0.0,0.0,0.0,0.0,0.14285714285714285,0.14285714285714285,0.0,0.07352941176470588,0.07692307692307693,0.0033936651583710425,2780.7570187637693,2780.7570187637693,0.0
UNIELEC_AT,GBDT,negative,0.273972602739726,0.273972602739726,0.0,0.726027397260274,0.726027397260274,0.0,0.2328767123287671,0.2328767123287671,0.0,0.0136986301369863,0.0136986301369863,0.0,0.0273972602739726,0.0273972602739726,0.0,0.18867924528301888,0.18867924528301888,0.0,0.7317073170731707,0.7317073170731707,0.0,36.36776430737476,36.36776430737476,0.0
UNIELEC_AT,GBDT,spike,0.48071495766698025,0.48071495766698025,0.0,0.5192850423330198,0.5192850423330198,0.0,0.33584195672624645,0.33584195672624645,0.0,0.07055503292568203,0.07055503292568203,0.0,0.07431796801505174,0.07431796801505174,0.0,0.3364886586890516,0.3364886586890516,0.0,0.9312901631240732,0.9312901631240732,0.0,53.8624600105767,53.8624600105767,0.0
UNIELEC_AT,Linear,negative,0.1095890410958904,0.1095890410958904,0.0,0.8904109589041096,0.8904109589041096,0.0,0.1095890410958904,0.1095890410958904,0.0,0.0,0.0,0.0,0.0,0.0,0.0,0.06918238993710692,0.06918238993710692,0.0,0.5641025641025641,0.5641025641025641,0.0,40.16366364393661,40.16366364393661,0.0
UNIELEC_AT,Linear,spike,0.9012229539040452,0.9012229539040452,0.0,0.09877704609595485,0.09877704609595485,0.0,0.5032925682031985,0.5032925682031985,0.0,0.11665098777046096,0.11665098777046096,0.0,0.2812793979303857,0.2812793979303857,0.0,0.8623861403822111,0.8623861403822111,0.0,0.9220853623603552,0.9220853623603552,0.0,18.660884667844524,18.660884667844524,0.0
UNIELEC_BE,GBDT,negative,0.0,0.0,0.0,1.0,1.0,0.0,0.0,0.0,0.0,0.0,0.0,0.0,0.0,0.0,0.0,0.0,0.0,0.0,0.0,0.0,0.0,48.21172907308453,47.24983236104362,-0.9618967120409039
UNIELEC_BE,GBDT,spike,0.36657681940700804,0.36657681940700804,0.0,0.633423180592992,0.633423180592992,0.0,0.29784366576819404,0.29784366576819404,0.0,0.04177897574123989,0.04177897574123989,0.0,0.026954177897574125,0.026954177897574125,0.0,0.1630387461906835,0.1630387461906835,0.0,0.7415841584158416,0.7415841584158416,0.0,86.68748637135234,86.68748637135234,0.0
UNIELEC_BE,Linear,negative,0.07857142857142863,0.07857142857142863,0.0,0.9214285714285714,0.9214285714285714,0.0,0.07142857142857142,0.07142857142857142,0.0,0.0,0.0,0.0,0.007142857142857143,0.007142857142857143,0.0,0.056818181818181816,0.056818181818181816,0.0,0.813953488372093,0.813953488372093,0.0,45.064304777353456,45.064304777353456,0.0
UNIELEC_BE,Linear,spike,0.5444743935309972,0.5444743935309972,0.0,0.4555256064690027,0.4555256064690027,0.0,0.4056603773584906,0.4056603773584906,0.0,0.02830188679245283,0.02830188679245283,0.0,0.1105121293800539,0.1105121293800539,0.0,0.6449717022202873,0.6449717022202873,0.0,0.8805349182763744,0.8805349182763744,0.0,32.36645505583445,32.36645505583445,0.0
UNIELEC_CZ,GBDT,negative,0.0,0.0,0.0,1.0,1.0,0.0,0.0,0.0,0.0,0.0,0.0,0.0,0.0,0.0,0.0,0.0,0.0,0.0,,,,44.05548336112982,44.05548336112982,0.0
UNIELEC_CZ,GBDT,spike,0.45884413309982486,0.45884413309982486,0.0,0.5411558669001751,0.5411558669001751,0.0,0.3213660245183888,0.3213660245183888,0.0,0.09544658493870403,0.09544658493870403,0.0,0.04203152364273205,0.04203152364273205,0.0,0.29508649245491353,0.29508649245491353,0.0,0.9218166139695315,0.9218166139695315,0.0,56.91328450293183,56.91328450293183,0.0
UNIELEC_CZ,Linear,negative,0.18367346938775508,0.18367346938775508,0.0,0.8163265306122449,0.8163265306122449,0.0,0.17346938775510204,0.17346938775510204,0.0,0.0,0.0,0.0,0.01020408163265306,0.01020408163265306,0.0,0.13394919168591224,0.13394919168591224,0.0,0.8285714285714286,0.8285714285714286,0.0,39.78905903555208,39.78905903555208,0.0
UNIELEC_CZ,Linear,spike,0.882661996497373,0.882661996497373,0.0,0.11733800350262696,0.11733800350262696,0.0,0.5542907180385289,0.5542907180385289,0.0,0.11646234676007006,0.11646234676007006,0.0,0.2119089316987741,0.2119089316987741,0.0,0.8150533676849466,0.8150533676849466,0.0,0.8929435483870968,0.8929435483870968,0.0,22.61053282927617,22.61053282927617,0.0
UNIELEC_DE,GBDT,negative,0.16806722689075626,0.16806722689075626,0.0,0.8319327731092437,0.8319327731092437,0.0,0.14285714285714285,0.14285714285714285,0.0,0.01680672268907563,0.01680672268907563,0.0,0.008403361344537815,0.008403361344537815,0.0,0.12115732368896925,0.12115732368896925,0.0,0.7282608695652174,0.7282608695652174,0.0,42.822147495974406,42.822147495974406,0.0
UNIELEC_DE,GBDT,spike,0.40417801998183467,0.40417801998183467,0.0,0.5958219800181653,0.5958219800181653,0.0,0.28247048138056313,0.28247048138056313,0.0,0.07811080835603997,0.07811080835603997,0.0,0.043596730245231606,0.043596730245231606,0.0,0.28074179743223965,0.28074179743223965,0.0,0.8872858431018936,0.8872858431018936,0.0,56.809150470146555,56.809150470146555,0.0
UNIELEC_DE,Linear,negative,0.11764705882352944,0.11764705882352944,0.0,0.8823529411764706,0.8823529411764706,0.0,0.11764705882352941,0.11764705882352941,0.0,0.0,0.0,0.0,0.0,0.0,0.0,0.059674502712477394,0.059674502712477394,0.0,0.6226415094339622,0.6226415094339622,0.0,45.99838312805342,45.99838312805342,0.0
UNIELEC_DE,Linear,spike,0.9173478655767484,0.9173478655767484,0.0,0.08265213442325159,0.08265213442325159,0.0,0.5712988192552225,0.5712988192552225,0.0,0.11171662125340599,0.11171662125340599,0.0,0.23433242506811988,0.23433242506811988,0.0,0.8347123157394198,0.8347123157394198,0.0,0.8693541996830428,0.8693541996830428,0.0,22.889107139569067,22.889107139569067,0.0
UNIELEC_DK,GBDT,negative,0.009615384615384581,0.009615384615384581,0.0,0.9903846153846154,0.9903846153846154,0.0,0.009615384615384616,0.009615384615384616,0.0,0.0,0.0,0.0,0.0,0.0,0.0,0.005649717514124294,0.005649717514124294,0.0,0.375,0.375,0.0,35.708996964918306,35.708996964918306,0.0
UNIELEC_DK,GBDT,spike,0.10869565217391308,0.10869565217391308,0.0,0.8913043478260869,0.8913043478260869,0.0,0.09213250517598344,0.09213250517598344,0.0,0.008281573498964804,0.008281573498964804,0.0,0.008281573498964804,0.008281573498964804,0.0,0.03113926769032535,0.03113926769032535,0.0,0.7268170426065163,0.7268170426065163,0.0,69.33248624667509,69.33248624667509,0.0
UNIELEC_DK,Linear,negative,0.028846153846153855,0.028846153846153855,0.0,0.9711538461538461,0.9711538461538461,0.0,0.028846153846153848,0.028846153846153848,0.0,0.0,0.0,0.0,0.0,0.0,0.0,0.013182674199623353,0.013182674199623353,0.0,0.4117647058823529,0.4117647058823529,0.0,38.626755703626216,38.626755703626216,0.0
UNIELEC_DK,Linear,spike,0.8302277432712215,0.8302277432712215,0.0,0.16977225672877846,0.16977225672877846,0.0,0.577639751552795,0.577639751552795,0.0,0.09420289855072464,0.09420289855072464,0.0,0.15838509316770186,0.15838509316770186,0.0,0.7081498979920541,0.7081498979920541,0.0,0.793049543049543,0.793049543049543,0.0,31.51948320974615,31.51948320974615,0.0
UNIELEC_FI,GBDT,negative,0.0,0.0,0.0,1.0,1.0,0.0,0.0,0.0,0.0,0.0,0.0,0.0,0.0,0.0,0.0,0.0,0.0,0.0,,,,25.94685834295116,25.94685834295116,0.0
UNIELEC_FI,GBDT,spike,0.4496268656716418,0.4496268656716418,0.0,0.5503731343283582,0.5503731343283582,0.0,0.3358208955223881,0.3358208955223881,0.0,0.06343283582089553,0.06343283582089553,0.0,0.05037313432835821,0.05037313432835821,0.0,0.37561436672967863,0.37561436672967863,0.0,0.7447526236881559,0.7447526236881559,0.0,91.46598586740546,91.46598586740546,0.0
UNIELEC_FI,Linear,negative,0.1728971962616822,0.1728971962616822,0.0,0.8271028037383178,0.8271028037383178,0.0,0.14018691588785046,0.14018691588785046,0.0,0.02336448598130841,0.02336448598130841,0.0,0.009345794392523364,0.009345794392523364,0.0,0.1513094083414161,0.1513094083414161,0.0,0.46846846846846846,0.46846846846846846,0.0,21.035715972991635,21.035715972991635,0.0
UNIELEC_FI,Linear,spike,0.5895522388059702,0.5914179104477613,0.001865671641791078,0.41044776119402987,0.4085820895522388,-0.001865671641791078,0.4291044776119403,0.43097014925373134,0.0018656716417910224,0.06343283582089553,0.06343283582089553,0.0,0.09701492537313433,0.09701492537313433,0.0,0.586578449905482,0.5869565217391305,0.0003780718336484634,0.7557233317096931,0.755842259006816,0.00011892729712292827,59.223837705429744,59.201515715758845,-0.02232198967089971
UNIELEC_IE,GBDT,negative,0.0,0.0,0.0,1.0,1.0,0.0,0.0,0.0,0.0,0.0,0.0,0.0,0.0,0.0,0.0,0.0,0.0,0.0,,,,53.97831764108361,53.97831764108361,0.0
UNIELEC_IE,GBDT,spike,0.05555555555555558,0.05555555555555558,0.0,0.9444444444444444,0.9444444444444444,0.0,0.05555555555555555,0.05555555555555555,0.0,0.0,0.0,0.0,0.0,0.0,0.0,0.041666666666666664,0.041666666666666664,0.0,0.25,0.25,0.0,138.0467029169352,138.0467029169352,0.0
UNIELEC_IE,Linear,negative,0.0,0.0,0.0,1.0,1.0,0.0,0.0,0.0,0.0,0.0,0.0,0.0,0.0,0.0,0.0,0.0,0.0,0.0,0.0,0.0,0.0,52.93506934478361,52.93506934478361,0.0
UNIELEC_IE,Linear,spike,0.0,0.0,0.0,1.0,1.0,0.0,0.0,0.0,0.0,0.0,0.0,0.0,0.0,0.0,0.0,0.0,0.0,0.0,,,,139.75281096527215,139.75281096527215,0.0
UNIELEC_NL,GBDT,negative,0.0,0.0,0.0,1.0,1.0,0.0,0.0,0.0,0.0,0.0,0.0,0.0,0.0,0.0,0.0,0.0,0.0,0.0,,,,61.31550989972921,61.31550989972921,0.0
UNIELEC_NL,GBDT,spike,0.05820533548908646,0.05820533548908646,0.0,0.9417946645109135,0.9417946645109135,0.0,0.054163298302344384,0.054163298302344384,0.0,0.0008084074373484236,0.0008084074373484236,0.0,0.0032336297493936943,0.0032336297493936943,0.0,0.011248367982323993,0.011248367982323993,0.0,0.896,0.896,0.0,68.79987341756585,68.79987341756585,0.0
UNIELEC_NL,Linear,negative,0.2682926829268293,0.2682926829268293,0.0,0.7317073170731707,0.7317073170731707,0.0,0.25,0.25,0.0,0.0,0.0,0.0,0.018292682926829267,0.018292682926829267,0.0,0.18351063829787234,0.18351063829787234,0.0,0.563265306122449,0.563265306122449,0.0,50.87183707472528,50.87183707472528,0.0
UNIELEC_NL,Linear,spike,0.788197251414713,0.788197251414713,0.0,0.211802748585287,0.211802748585287,0.0,0.5521422797089733,0.5521422797089733,0.0,0.0856911883589329,0.0856911883589329,0.0,0.15036378334680678,0.15036378334680678,0.0,0.7257205985738676,0.7257205985738676,0.0,0.8896823442501847,0.8896823442501847,0.0,26.340330878322096,26.340330878322096,0.0
