dataset,backbone,regime,predictor,n_true_events,n_pred_events,event_recall,complete_miss_rate,boundary_mismatch_rate,fragmented_rate,exact_boundary_rate,mean_best_iou_matched,mean_boundary_l1_h_matched,mean_duration_abs_error_h_matched,false_event_rate,point_recall,point_precision,mae_on_true_event_hours,spike_thr_train
LAGO_DE,Linear,negative,base,47,66,0.7872340425531915,0.2127659574468085,0.5531914893617021,0.0425531914893617,0.19148936170212766,0.6343465615911437,2.918918918918919,2.864864864864865,0.4393939393939394,0.788659793814433,0.523972602739726,19.97145706060459,77.74559999999998
LAGO_DE,Linear,negative,bech,47,66,0.7872340425531915,0.2127659574468085,0.5531914893617021,0.0425531914893617,0.19148936170212766,0.6343465615911437,2.918918918918919,2.864864864864865,0.4393939393939394,0.788659793814433,0.523972602739726,19.97145706060459,77.74559999999998
LAGO_DE,Linear,spike,base,41,17,0.24390243902439024,0.7560975609756098,0.12195121951219512,0.04878048780487805,0.07317073170731707,0.6498626373626373,4.0,4.0,0.29411764705882354,0.3383838383838384,0.8170731707317073,21.915309849537607,77.74559999999998
LAGO_DE,Linear,spike,bech,41,17,0.24390243902439024,0.7560975609756098,0.12195121951219512,0.04878048780487805,0.07317073170731707,0.6498626373626373,4.0,4.0,0.29411764705882354,0.3383838383838384,0.8170731707317073,21.915309849537607,77.74559999999998
LAGO_DE,GBDT,negative,base,47,113,0.7659574468085106,0.23404255319148937,0.6808510638297872,0.02127659574468085,0.06382978723404255,0.48719878523800086,4.944444444444445,4.888888888888889,0.7168141592920354,0.7628865979381443,0.30265848670756645,26.562905878079345,77.74559999999998
LAGO_DE,GBDT,negative,bech,47,113,0.7659574468085106,0.23404255319148937,0.6808510638297872,0.02127659574468085,0.06382978723404255,0.4883561926454083,4.888888888888889,4.833333333333333,0.7168141592920354,0.7628865979381443,0.30515463917525776,24.966362610240516,77.74559999999998
LAGO_DE,GBDT,spike,base,41,22,0.41463414634146345,0.5853658536585366,0.24390243902439024,0.07317073170731707,0.0975609756097561,0.6314748976513682,3.2941176470588234,3.2941176470588234,0.045454545454545456,0.41919191919191917,0.9764705882352941,19.813568982533866,77.74559999999998
LAGO_DE,GBDT,spike,bech,41,22,0.41463414634146345,0.5853658536585366,0.24390243902439024,0.07317073170731707,0.0975609756097561,0.6314748976513682,3.2941176470588234,3.2941176470588234,0.045454545454545456,0.41919191919191917,0.9764705882352941,19.813568982533866,77.74559999999998
LAGO_BE,Linear,negative,base,2,0,0.0,1.0,0.0,0.0,0.0,,,,,0.0,,17.213790462773325,89.88789999999995
LAGO_BE,Linear,negative,bech,2,0,0.0,1.0,0.0,0.0,0.0,,,,,0.0,,17.213790462773325,89.88789999999995
LAGO_BE,Linear,spike,base,47,21,0.23404255319148937,0.7659574468085106,0.14893617021276595,0.02127659574468085,0.06382978723404255,0.5212121212121212,4.2727272727272725,4.2727272727272725,0.42857142857142855,0.1497005988023952,0.5208333333333334,61.52724613971541,89.88789999999995
LAGO_BE,Linear,spike,bech,47,21,0.23404255319148937,0.7659574468085106,0.14893617021276595,0.02127659574468085,0.06382978723404255,0.5212121212121212,4.2727272727272725,4.2727272727272725,0.42857142857142855,0.1497005988023952,0.5208333333333334,61.52724613971541,89.88789999999995
LAGO_BE,GBDT,negative,base,2,4,0.0,1.0,0.0,0.0,0.0,,,,1.0,0.0,0.0,33.57261012208192,89.88789999999995
LAGO_BE,GBDT,negative,bech,2,4,0.0,1.0,0.0,0.0,0.0,,,,1.0,0.0,0.0,33.57261012208192,89.88789999999995
LAGO_BE,GBDT,spike,base,47,42,0.12765957446808507,0.8723404255319149,0.0851063829787234,0.02127659574468085,0.02127659574468085,0.5069444444444443,2.6666666666666665,2.0,0.8571428571428571,0.0658682634730539,0.12643678160919541,67.81571767261883,89.88789999999995
LAGO_BE,GBDT,spike,bech,47,42,0.12765957446808507,0.8723404255319149,0.0851063829787234,0.02127659574468085,0.02127659574468085,0.5069444444444443,2.6666666666666665,2.0,0.8571428571428571,0.0658682634730539,0.12643678160919541,67.81571767261883,89.88789999999995
LAGO_FR,Linear,negative,base,1,3,0.0,1.0,0.0,0.0,0.0,,,,1.0,0.0,0.0,7.02713953838275,91.40711999999999
LAGO_FR,Linear,negative,bech,1,3,0.0,1.0,0.0,0.0,0.0,,,,1.0,0.0,0.0,7.02713953838275,91.40711999999999
LAGO_FR,Linear,spike,base,38,15,0.2894736842105263,0.7105263157894737,0.2894736842105263,0.0,0.0,0.47207792207792204,3.1818181818181817,3.1818181818181817,0.26666666666666666,0.18584070796460178,0.7,59.13647852184506,91.40711999999999
LAGO_FR,Linear,spike,bech,38,15,0.2894736842105263,0.7105263157894737,0.2894736842105263,0.0,0.0,0.47207792207792204,3.1818181818181817,3.1818181818181817,0.26666666666666666,0.18584070796460178,0.7,59.13647852184506,91.40711999999999
LAGO_FR,GBDT,negative,base,1,36,1.0,0.0,1.0,0.0,0.0,0.13333333333333333,13.0,13.0,0.9722222222222222,1.0,0.017857142857142856,18.989807741364007,91.40711999999999
LAGO_FR,GBDT,negative,bech,1,36,1.0,0.0,1.0,0.0,0.0,0.13333333333333333,13.0,13.0,0.9722222222222222,1.0,0.017857142857142856,18.989807741364007,91.40711999999999
LAGO_FR,GBDT,spike,base,38,18,0.3421052631578947,0.6578947368421053,0.23684210526315788,0.0,0.10526315789473684,0.5907016060862215,2.923076923076923,2.769230769230769,0.2777777777777778,0.19469026548672566,0.5641025641025641,73.50994701767257,91.40711999999999
LAGO_FR,GBDT,spike,bech,38,18,0.3421052631578947,0.6578947368421053,0.23684210526315788,0.0,0.10526315789473684,0.5907016060862215,2.923076923076923,2.769230769230769,0.2777777777777778,0.19469026548672566,0.5641025641025641,73.50994701767257,91.40711999999999
LAGO_PJM,Linear,negative,base,18,8,0.2777777777777778,0.7222222222222222,0.2777777777777778,0.0,0.0,0.4766666666666667,2.8,2.8,0.375,0.2,0.375,10.419424567413477,114.50219567999999
LAGO_PJM,Linear,negative,bech,18,8,0.2777777777777778,0.7222222222222222,0.2777777777777778,0.0,0.0,0.4766666666666667,2.8,2.8,0.375,0.2,0.375,10.419424567413477,114.50219567999999
LAGO_PJM,Linear,spike,base,6,0,0.0,1.0,0.0,0.0,0.0,,,,,0.0,,46.207941507587414,114.50219567999999
LAGO_PJM,Linear,spike,bech,6,0,0.0,1.0,0.0,0.0,0.0,,,,,0.0,,46.207941507587414,114.50219567999999
LAGO_PJM,GBDT,negative,base,18,0,0.0,1.0,0.0,0.0,0.0,,,,,0.0,,15.92384300673548,114.50219567999999
LAGO_PJM,GBDT,negative,bech,18,0,0.0,1.0,0.0,0.0,0.0,,,,,0.0,,15.92384300673548,114.50219567999999
LAGO_PJM,GBDT,spike,base,6,14,0.8333333333333334,0.16666666666666666,0.8333333333333334,0.0,0.0,0.31547619047619047,4.4,4.4,0.6428571428571429,0.8181818181818182,0.140625,60.42584707145667,114.50219567999999
LAGO_PJM,GBDT,spike,bech,6,14,0.8333333333333334,0.16666666666666666,0.8333333333333334,0.0,0.0,0.31547619047619047,4.4,4.4,0.6428571428571429,0.8181818181818182,0.140625,60.42584707145667,114.50219567999999
LAGO_NP,Linear,negative,base,0,0,,,,,,,,,,,,,53.35889999999999
LAGO_NP,Linear,negative,bech,0,0,,,,,,,,,,,,,53.35889999999999
LAGO_NP,Linear,spike,base,186,136,0.564516129032258,0.43548387096774194,0.43548387096774194,0.03225806451612903,0.0967741935483871,0.7012308910396039,2.676190476190476,2.5047619047619047,0.20588235294117646,0.6870109546165885,0.8633235004916421,4.295985290697399,53.35889999999999
LAGO_NP,Linear,spike,bech,186,136,0.564516129032258,0.43548387096774194,0.43548387096774194,0.03225806451612903,0.0967741935483871,0.7012308910396039,2.676190476190476,2.5047619047619047,0.20588235294117646,0.6870109546165885,0.8633235004916421,4.295985290697399,53.35889999999999
LAGO_NP,GBDT,negative,base,0,0,,,,,,,,,,,,,53.35889999999999
LAGO_NP,GBDT,negative,bech,0,0,,,,,,,,,,,,,53.35889999999999
LAGO_NP,GBDT,spike,base,186,97,0.32258064516129037,0.6774193548387096,0.22043010752688172,0.053763440860215055,0.04838709677419355,0.54588807599063,4.85,4.75,0.24742268041237114,0.23708920187793428,0.7231503579952268,7.8247094544180875,53.35889999999999
LAGO_NP,GBDT,spike,bech,186,97,0.32258064516129037,0.6774193548387096,0.22043010752688172,0.053763440860215055,0.04838709677419355,0.54588807599063,4.85,4.75,0.24742268041237114,0.23708920187793428,0.7231503579952268,7.8247094544180875,53.35889999999999
NEM_SA1,Linear,negative,base,378,211,0.48677248677248675,0.5132275132275133,0.4708994708994709,0.007936507936507936,0.007936507936507936,0.5178474065811696,4.891304347826087,4.304347826086956,0.14691943127962084,0.361003861003861,0.7937181663837012,81.1925080125388,612.0564999999992
NEM_SA1,Linear,negative,bech,378,296,0.6455026455026456,0.3544973544973545,0.5978835978835979,0.013227513227513227,0.03439153439153439,0.5686454309294106,4.168032786885246,3.5368852459016393,0.20270270270270271,0.5096525096525096,0.7525655644241733,71.11532392109116,612.0564999999992
NEM_SA1,Linear,spike,base,21,9,0.09523809523809523,0.9047619047619048,0.09523809523809523,0.0,0.0,0.18333333333333335,4.5,3.5,0.7777777777777778,0.0392156862745098,0.08695652173913043,3112.7590525764967,612.0564999999992
NEM_SA1,Linear,spike,bech,21,9,0.09523809523809523,0.9047619047619048,0.09523809523809523,0.0,0.0,0.18333333333333335,4.5,3.5,0.7777777777777778,0.0392156862745098,0.08695652173913043,3112.7590525764967,612.0564999999992
NEM_SA1,GBDT,negative,base,378,389,0.5661375661375662,0.43386243386243384,0.3783068783068783,0.18253968253968253,0.005291005291005291,0.3928870971456906,5.771028037383178,5.481308411214953,0.2467866323907455,0.3193050193050193,0.7615101289134438,101.25752137697475,612.0564999999992
NEM_SA1,GBDT,negative,bech,378,438,0.6904761904761905,0.30952380952380953,0.5238095238095238,0.14814814814814814,0.018518518518518517,0.5036066085446,4.8773946360153255,4.379310344827586,0.2899543378995434,0.5111969111969112,0.6899426784783742,85.96940880088555,612.0564999999992
NEM_SA1,GBDT,spike,base,21,46,0.2857142857142857,0.7142857142857143,0.2857142857142857,0.0,0.0,0.36296296296296293,9.5,9.5,0.8913043478260869,0.37254901960784315,0.06551724137931035,2896.1278159152657,612.0564999999992
NEM_SA1,GBDT,spike,bech,21,49,0.2857142857142857,0.7142857142857143,0.2857142857142857,0.0,0.0,0.3768518518518518,8.166666666666666,8.166666666666666,0.8979591836734694,0.37254901960784315,0.06713780918727916,2896.1278159152657,612.0564999999992
NEM_VIC1,Linear,negative,base,333,191,0.4504504504504504,0.5495495495495496,0.4264264264264264,0.0,0.024024024024024024,0.5427352359542762,4.653333333333333,4.266666666666667,0.225130890052356,0.37877312560856863,0.7243947858472998,49.784353873279414,484.9847916666659
NEM_VIC1,Linear,negative,bech,333,234,0.5495495495495495,0.45045045045045046,0.5135135135135135,0.006006006006006006,0.03003003003003003,0.5563876724068065,4.26775956284153,3.7540983606557377,0.23076923076923078,0.47370983446932813,0.6994967649173257,45.14851793335423,484.9847916666659
NEM_VIC1,Linear,spike,base,12,12,0.16666666666666663,0.8333333333333334,0.16666666666666666,0.0,0.0,0.375,4.5,4.5,0.8333333333333334,0.14285714285714285,0.07352941176470588,2780.7570187637693,484.9847916666659
NEM_VIC1,Linear,spike,bech,12,13,0.16666666666666663,0.8333333333333334,0.16666666666666666,0.0,0.0,0.375,4.5,4.5,0.8461538461538461,0.14285714285714285,0.07692307692307693,2780.7570187637693,484.9847916666659
NEM_VIC1,GBDT,negative,base,333,252,0.45345345345345345,0.5465465465465466,0.4114114114114114,0.03003003003003003,0.012012012012012012,0.5161886736761668,4.66887417218543,4.059602649006623,0.3531746031746032,0.36270691333982474,0.6723826714801444,44.90760968417959,484.9847916666659
NEM_VIC1,GBDT,negative,bech,333,328,0.6006006006006006,0.3993993993993994,0.5705705705705706,0.018018018018018018,0.012012012012012012,0.5481375088404887,4.1,3.52,0.38414634146341464,0.5024342745861733,0.6157517899761337,39.614066605515305,484.9847916666659
NEM_VIC1,GBDT,spike,base,12,28,0.33333333333333337,0.6666666666666666,0.3333333333333333,0.0,0.0,0.5083333333333333,2.25,1.75,0.8571428571428571,0.2571428571428571,0.140625,2820.9681111510986,484.9847916666659
NEM_VIC1,GBDT,spike,bech,12,28,0.33333333333333337,0.6666666666666666,0.3333333333333333,0.0,0.0,0.5083333333333333,2.25,1.75,0.8571428571428571,0.2571428571428571,0.140625,2820.9681111510986,484.9847916666659
NEM_NSW1,Linear,negative,base,236,131,0.4661016949152542,0.5338983050847458,0.4152542372881356,0.029661016949152543,0.0211864406779661,0.5362024843843026,3.4909090909090907,2.890909090909091,0.16793893129770993,0.4419889502762431,0.7395993836671803,42.089834899663465,594.5980833333329
NEM_NSW1,Linear,negative,bech,236,131,0.4661016949152542,0.5338983050847458,0.4152542372881356,0.029661016949152543,0.0211864406779661,0.5362024843843026,3.4909090909090907,2.890909090909091,0.16793893129770993,0.4419889502762431,0.7395993836671803,42.089834899663465,594.5980833333329
NEM_NSW1,Linear,spike,base,33,23,0.12121212121212122,0.8787878787878788,0.09090909090909091,0.0,0.030303030303030304,0.4666666666666666,2.5,2.0,0.8260869565217391,0.09836065573770492,0.11764705882352941,2653.0945195971894,594.5980833333329
NEM_NSW1,Linear,spike,bech,33,23,0.12121212121212122,0.8787878787878788,0.09090909090909091,0.0,0.030303030303030304,0.4666666666666666,2.5,2.0,0.8260869565217391,0.09836065573770492,0.11764705882352941,2653.0945195971894,594.5980833333329
NEM_NSW1,GBDT,negative,base,236,64,0.06779661016949157,0.9322033898305084,0.05508474576271186,0.012711864406779662,0.0,0.2403612012987013,6.0625,6.0625,0.703125,0.027624309392265192,0.30612244897959184,65.51852690088889,594.5980833333329
NEM_NSW1,GBDT,negative,bech,236,108,0.19067796610169496,0.809322033898305,0.13983050847457626,0.0423728813559322,0.00847457627118644,0.3377200577200577,5.022222222222222,4.533333333333333,0.48148148148148145,0.10313075506445672,0.509090909090909,58.8137129402761,594.5980833333329
NEM_NSW1,GBDT,spike,base,33,47,0.12121212121212122,0.8787878787878788,0.030303030303030304,0.0,0.09090909090909091,0.875,0.25,0.25,0.9148936170212766,0.09836065573770492,0.08571428571428572,2699.9119260032107,594.5980833333329
NEM_NSW1,GBDT,spike,bech,33,47,0.12121212121212122,0.8787878787878788,0.030303030303030304,0.0,0.09090909090909091,0.875,0.25,0.25,0.9148936170212766,0.09836065573770492,0.08571428571428572,2700.5317543531996,594.5980833333329
GEFCOM14P,Linear,negative,base,0,0,,,,,,,,,,,,,139.7256
GEFCOM14P,Linear,negative,bech,0,0,,,,,,,,,,,,,139.7256
GEFCOM14P,Linear,spike,base,13,9,0.5384615384615384,0.46153846153846156,0.38461538461538464,0.07692307692307693,0.07692307692307693,0.6666666666666667,2.4285714285714284,2.4285714285714284,0.1111111111111111,0.4084507042253521,0.8285714285714286,54.84911225025631,139.7256
GEFCOM14P,Linear,spike,bech,13,9,0.5384615384615384,0.46153846153846156,0.38461538461538464,0.07692307692307693,0.07692307692307693,0.6666666666666667,2.4285714285714284,2.4285714285714284,0.1111111111111111,0.4084507042253521,0.8285714285714286,54.84911225025631,139.7256
GEFCOM14P,GBDT,negative,base,0,0,,,,,,,,,,,,,139.7256
GEFCOM14P,GBDT,negative,bech,0,0,,,,,,,,,,,,,139.7256
GEFCOM14P,GBDT,spike,base,13,12,0.46153846153846156,0.5384615384615384,0.3076923076923077,0.0,0.15384615384615385,0.7888888888888889,2.1666666666666665,2.1666666666666665,0.5,0.4507042253521127,0.5,60.26608202091273,139.7256
GEFCOM14P,GBDT,spike,bech,13,12,0.46153846153846156,0.5384615384615384,0.3076923076923077,0.0,0.15384615384615385,0.7888888888888889,2.1666666666666665,2.1666666666666665,0.5,0.4507042253521127,0.5,60.26608202091273,139.7256
UNIELEC_DE,Linear,negative,base,119,21,0.11764705882352944,0.8823529411764706,0.11764705882352941,0.0,0.0,0.40680272108843546,3.642857142857143,3.642857142857143,0.3333333333333333,0.059674502712477394,0.6226415094339622,45.99838312805342,78.28
UNIELEC_DE,Linear,negative,bech,119,21,0.11764705882352944,0.8823529411764706,0.11764705882352941,0.0,0.0,0.40680272108843546,3.642857142857143,3.642857142857143,0.3333333333333333,0.059674502712477394,0.6226415094339622,45.99838312805342,78.28
UNIELEC_DE,Linear,spike,base,1101,1191,0.9173478655767484,0.08265213442325159,0.5712988192552225,0.11171662125340599,0.23433242506811988,0.6824814662891843,4.217821782178218,4.071287128712871,0.1015952980688497,0.8347123157394198,0.8693541996830428,22.889107139569067,78.28
UNIELEC_DE,Linear,spike,bech,1101,1191,0.9173478655767484,0.08265213442325159,0.5712988192552225,0.11171662125340599,0.23433242506811988,0.6824814662891843,4.217821782178218,4.071287128712871,0.1015952980688497,0.8347123157394198,0.8693541996830428,22.889107139569067,78.28
UNIELEC_DE,GBDT,negative,base,119,28,0.16806722689075626,0.8319327731092437,0.14285714285714285,0.01680672268907563,0.008403361344537815,0.5351984126984127,3.05,2.95,0.21428571428571427,0.12115732368896925,0.7282608695652174,42.822147495974406,78.28
UNIELEC_DE,GBDT,negative,bech,119,28,0.16806722689075626,0.8319327731092437,0.14285714285714285,0.01680672268907563,0.008403361344537815,0.5351984126984127,3.05,2.95,0.21428571428571427,0.12115732368896925,0.7282608695652174,42.822147495974406,78.28
UNIELEC_DE,GBDT,spike,base,1101,584,0.40417801998183467,0.5958219800181653,0.28247048138056313,0.07811080835603997,0.043596730245231606,0.4966795555793954,6.570786516853933,6.30561797752809,0.09075342465753425,0.28074179743223965,0.8872858431018936,56.809150470146555,78.28
UNIELEC_DE,GBDT,spike,bech,1101,584,0.40417801998183467,0.5958219800181653,0.28247048138056313,0.07811080835603997,0.043596730245231606,0.4966795555793954,6.570786516853933,6.30561797752809,0.09075342465753425,0.28074179743223965,0.8872858431018936,56.809150470146555,78.28
UNIELEC_AT,Linear,negative,base,73,13,0.1095890410958904,0.8904109589041096,0.1095890410958904,0.0,0.0,0.43050595238095235,3.75,3.75,0.38461538461538464,0.06918238993710692,0.5641025641025641,40.16366364393661,75.01
UNIELEC_AT,Linear,negative,bech,73,13,0.1095890410958904,0.8904109589041096,0.1095890410958904,0.0,0.0,0.43050595238095235,3.75,3.75,0.38461538461538464,0.06918238993710692,0.5641025641025641,40.16366364393661,75.01
UNIELEC_AT,Linear,spike,base,1063,1129,0.9012229539040452,0.09877704609595485,0.5032925682031985,0.11665098777046096,0.2812793979303857,0.7233163183281103,3.3194154488517746,3.1899791231732775,0.07174490699734277,0.8623861403822111,0.9220853623603552,18.660884667844524,75.01
UNIELEC_AT,Linear,spike,bech,1063,1129,0.9012229539040452,0.09877704609595485,0.5032925682031985,0.11665098777046096,0.2812793979303857,0.7233163183281103,3.3194154488517746,3.1899791231732775,0.07174490699734277,0.8623861403822111,0.9220853623603552,18.660884667844524,75.01
UNIELEC_AT,GBDT,negative,base,73,26,0.273972602739726,0.726027397260274,0.2328767123287671,0.0136986301369863,0.0273972602739726,0.475021645021645,3.6,3.6,0.19230769230769232,0.18867924528301888,0.7317073170731707,36.36776430737476,75.01
UNIELEC_AT,GBDT,negative,bech,73,26,0.273972602739726,0.726027397260274,0.2328767123287671,0.0136986301369863,0.0273972602739726,0.475021645021645,3.6,3.6,0.19230769230769232,0.18867924528301888,0.7317073170731707,36.36776430737476,75.01
UNIELEC_AT,GBDT,spike,base,1063,613,0.48071495766698025,0.5192850423330198,0.33584195672624645,0.07055503292568203,0.07431796801505174,0.5001547243854457,7.430528375733855,7.2818003913894325,0.048939641109298535,0.3364886586890516,0.9312901631240732,53.8624600105767,75.01
UNIELEC_AT,GBDT,spike,bech,1063,613,0.48071495766698025,0.5192850423330198,0.33584195672624645,0.07055503292568203,0.07431796801505174,0.5001547243854457,7.430528375733855,7.2818003913894325,0.048939641109298535,0.3364886586890516,0.9312901631240732,53.8624600105767,75.01
UNIELEC_IE,Linear,negative,base,18,1,0.0,1.0,0.0,0.0,0.0,,,,1.0,0.0,0.0,52.93506934478361,275.0
UNIELEC_IE,Linear,negative,bech,18,1,0.0,1.0,0.0,0.0,0.0,,,,1.0,0.0,0.0,52.93506934478361,275.0
UNIELEC_IE,Linear,spike,base,18,0,0.0,1.0,0.0,0.0,0.0,,,,,0.0,,139.75281096527215,275.0
UNIELEC_IE,Linear,spike,bech,18,0,0.0,1.0,0.0,0.0,0.0,,,,,0.0,,139.75281096527215,275.0
UNIELEC_IE,GBDT,negative,base,18,0,0.0,1.0,0.0,0.0,0.0,,,,,0.0,,53.97831764108361,275.0
UNIELEC_IE,GBDT,negative,bech,18,0,0.0,1.0,0.0,0.0,0.0,,,,,0.0,,53.97831764108361,275.0
UNIELEC_IE,GBDT,spike,base,18,3,0.05555555555555558,0.9444444444444444,0.05555555555555555,0.0,0.0,0.5,1.0,1.0,0.6666666666666666,0.041666666666666664,0.25,138.0467029169352,275.0
UNIELEC_IE,GBDT,spike,bech,18,3,0.05555555555555558,0.9444444444444444,0.05555555555555555,0.0,0.0,0.5,1.0,1.0,0.6666666666666666,0.041666666666666664,0.25,138.0467029169352,275.0
UNIELEC_BE,Linear,negative,base,140,15,0.07857142857142863,0.9214285714285714,0.07142857142857142,0.0,0.007142857142857143,0.4772366522366523,4.0,4.0,0.26666666666666666,0.056818181818181816,0.813953488372093,45.064304777353456,112.95499999999956
UNIELEC_BE,Linear,negative,bech,140,15,0.07857142857142863,0.9214285714285714,0.07142857142857142,0.0,0.007142857142857143,0.4772366522366523,4.0,4.0,0.26666666666666666,0.056818181818181816,0.813953488372093,45.064304777353456,112.95499999999956
UNIELEC_BE,Linear,spike,base,742,463,0.5444743935309972,0.4555256064690027,0.4056603773584906,0.02830188679245283,0.1105121293800539,0.6201575907527147,3.787128712871287,3.6683168316831685,0.12526997840172785,0.6449717022202873,0.8805349182763744,32.36645505583445,112.95499999999956
UNIELEC_BE,Linear,spike,bech,742,463,0.5444743935309972,0.4555256064690027,0.4056603773584906,0.02830188679245283,0.1105121293800539,0.6201575907527147,3.787128712871287,3.6683168316831685,0.12526997840172785,0.6449717022202873,0.8805349182763744,32.36645505583445,112.95499999999956
UNIELEC_BE,GBDT,negative,base,140,1,0.0,1.0,0.0,0.0,0.0,,,,1.0,0.0,0.0,48.21172907308453,112.95499999999956
UNIELEC_BE,GBDT,negative,bech,140,1,0.0,1.0,0.0,0.0,0.0,,,,1.0,0.0,0.0,47.24983236104362,112.95499999999956
UNIELEC_BE,GBDT,spike,base,742,403,0.36657681940700804,0.633423180592992,0.29784366576819404,0.04177897574123989,0.026954177897574125,0.3828668574869497,6.8161764705882355,6.669117647058823,0.21339950372208435,0.1630387461906835,0.7415841584158416,86.68748637135234,112.95499999999956
UNIELEC_BE,GBDT,spike,bech,742,403,0.36657681940700804,0.633423180592992,0.29784366576819404,0.04177897574123989,0.026954177897574125,0.3828668574869497,6.8161764705882355,6.669117647058823,0.21339950372208435,0.1630387461906835,0.7415841584158416,86.68748637135234,112.95499999999956
UNIELEC_FI,Linear,negative,base,214,78,0.1728971962616822,0.8271028037383178,0.14018691588785046,0.02336448598130841,0.009345794392523364,0.5004827401886226,5.054054054054054,5.054054054054054,0.48717948717948717,0.1513094083414161,0.46846846846846846,21.035715972991635,76.86
UNIELEC_FI,Linear,negative,bech,214,78,0.1728971962616822,0.8271028037383178,0.14018691588785046,0.02336448598130841,0.009345794392523364,0.5004827401886226,5.054054054054054,5.054054054054054,0.48717948717948717,0.1513094083414161,0.46846846846846846,21.035715972991635,76.86
UNIELEC_FI,Linear,spike,base,536,463,0.5895522388059702,0.41044776119402987,0.4291044776119403,0.06343283582089553,0.09701492537313433,0.541172599944347,6.6234177215189876,6.218354430379747,0.2894168466522678,0.586578449905482,0.7557233317096931,59.223837705429744,76.86
UNIELEC_FI,Linear,spike,bech,536,464,0.5914179104477613,0.4085820895522388,0.43097014925373134,0.06343283582089553,0.09701492537313433,0.5405169555701798,6.615141955835962,6.211356466876971,0.28879310344827586,0.5869565217391305,0.755842259006816,59.201515715758845,76.86
UNIELEC_FI,GBDT,negative,base,214,0,0.0,1.0,0.0,0.0,0.0,,,,,0.0,,25.94685834295116,76.86
UNIELEC_FI,GBDT,negative,bech,214,0,0.0,1.0,0.0,0.0,0.0,,,,,0.0,,25.94685834295116,76.86
UNIELEC_FI,GBDT,spike,base,536,359,0.4496268656716418,0.5503731343283582,0.3358208955223881,0.06343283582089553,0.05037313432835821,0.458459638841898,8.390041493775934,7.95850622406639,0.2757660167130919,0.37561436672967863,0.7447526236881559,91.46598586740546,76.86
UNIELEC_FI,GBDT,spike,bech,536,359,0.4496268656716418,0.5503731343283582,0.3358208955223881,0.06343283582089553,0.05037313432835821,0.458459638841898,8.390041493775934,7.95850622406639,0.2757660167130919,0.37561436672967863,0.7447526236881559,91.46598586740546,76.86
UNIELEC_DK,Linear,negative,base,104,8,0.028846153846153855,0.9711538461538461,0.028846153846153848,0.0,0.0,0.3333333333333333,4.666666666666667,4.666666666666667,0.625,0.013182674199623353,0.4117647058823529,38.626755703626216,74.47220000000002
UNIELEC_DK,Linear,negative,bech,104,8,0.028846153846153855,0.9711538461538461,0.028846153846153848,0.0,0.0,0.3333333333333333,4.666666666666667,4.666666666666667,0.625,0.013182674199623353,0.4117647058823529,38.626755703626216,74.47220000000002
UNIELEC_DK,Linear,spike,base,966,1037,0.8302277432712215,0.16977225672877846,0.577639751552795,0.09420289855072464,0.15838509316770186,0.5971366517739178,5.216957605985037,4.977556109725686,0.17936354869816779,0.7081498979920541,0.793049543049543,31.51948320974615,74.47220000000002
UNIELEC_DK,Linear,spike,bech,966,1037,0.8302277432712215,0.16977225672877846,0.577639751552795,0.09420289855072464,0.15838509316770186,0.5971366517739178,5.216957605985037,4.977556109725686,0.17936354869816779,0.7081498979920541,0.793049543049543,31.51948320974615,74.47220000000002
UNIELEC_DK,GBDT,negative,base,104,4,0.009615384615384581,0.9903846153846154,0.009615384615384616,0.0,0.0,0.375,5.0,5.0,0.75,0.005649717514124294,0.375,35.708996964918306,74.47220000000002
UNIELEC_DK,GBDT,negative,bech,104,4,0.009615384615384581,0.9903846153846154,0.009615384615384616,0.0,0.0,0.375,5.0,5.0,0.75,0.005649717514124294,0.375,35.708996964918306,74.47220000000002
UNIELEC_DK,GBDT,spike,base,966,149,0.10869565217391308,0.8913043478260869,0.09213250517598344,0.008281573498964804,0.008281573498964804,0.3666638817491653,7.59047619047619,7.419047619047619,0.2348993288590604,0.03113926769032535,0.7268170426065163,69.33248624667509,74.47220000000002
UNIELEC_DK,GBDT,spike,bech,966,149,0.10869565217391308,0.8913043478260869,0.09213250517598344,0.008281573498964804,0.008281573498964804,0.3666638817491653,7.59047619047619,7.419047619047619,0.2348993288590604,0.03113926769032535,0.7268170426065163,69.33248624667509,74.47220000000002
UNIELEC_NL,Linear,negative,base,164,73,0.2682926829268293,0.7317073170731707,0.25,0.0,0.018292682926829267,0.5303030303030304,2.772727272727273,2.6363636363636362,0.3972602739726027,0.18351063829787234,0.563265306122449,50.87183707472528,83.34699999999997
UNIELEC_NL,Linear,negative,bech,164,73,0.2682926829268293,0.7317073170731707,0.25,0.0,0.018292682926829267,0.5303030303030304,2.772727272727273,2.6363636363636362,0.3972602739726027,0.18351063829787234,0.563265306122449,50.87183707472528,83.34699999999997
UNIELEC_NL,Linear,spike,base,1237,1112,0.788197251414713,0.211802748585287,0.5521422797089733,0.0856911883589329,0.15036378334680678,0.6245758021210407,4.32,4.176410256410256,0.07284172661870504,0.7257205985738676,0.8896823442501847,26.340330878322096,83.34699999999997
UNIELEC_NL,Linear,spike,bech,1237,1112,0.788197251414713,0.211802748585287,0.5521422797089733,0.0856911883589329,0.15036378334680678,0.6245758021210407,4.32,4.176410256410256,0.07284172661870504,0.7257205985738676,0.8896823442501847,26.340330878322096,83.34699999999997
UNIELEC_NL,GBDT,negative,base,164,0,0.0,1.0,0.0,0.0,0.0,,,,,0.0,,61.31550989972921,83.34699999999997
UNIELEC_NL,GBDT,negative,bech,164,0,0.0,1.0,0.0,0.0,0.0,,,,,0.0,,61.31550989972921,83.34699999999997
UNIELEC_NL,GBDT,spike,base,1237,81,0.05820533548908646,0.9417946645109135,0.054163298302344384,0.0008084074373484236,0.0032336297493936943,0.26690572340124213,7.486111111111111,7.458333333333333,0.09876543209876543,0.011248367982323993,0.896,68.79987341756585,83.34699999999997
UNIELEC_NL,GBDT,spike,bech,1237,81,0.05820533548908646,0.9417946645109135,0.054163298302344384,0.0008084074373484236,0.0032336297493936943,0.26690572340124213,7.486111111111111,7.458333333333333,0.09876543209876543,0.011248367982323993,0.896,68.79987341756585,83.34699999999997
UNIELEC_CZ,Linear,negative,base,98,24,0.18367346938775508,0.8163265306122449,0.17346938775510204,0.0,0.01020408163265306,0.4964065255731922,3.611111111111111,3.611111111111111,0.25,0.13394919168591224,0.8285714285714286,39.78905903555208,81.62200000000011
UNIELEC_CZ,Linear,negative,bech,98,24,0.18367346938775508,0.8163265306122449,0.17346938775510204,0.0,0.01020408163265306,0.4964065255731922,3.611111111111111,3.611111111111111,0.25,0.13394919168591224,0.8285714285714286,39.78905903555208,81.62200000000011
UNIELEC_CZ,Linear,spike,base,1142,1196,0.882661996497373,0.11733800350262696,0.5542907180385289,0.11646234676007006,0.2119089316987741,0.6736081934757522,3.876984126984127,3.642857142857143,0.09197324414715718,0.8150533676849466,0.8929435483870968,22.61053282927617,81.62200000000011
UNIELEC_CZ,Linear,spike,bech,1142,1196,0.882661996497373,0.11733800350262696,0.5542907180385289,0.11646234676007006,0.2119089316987741,0.6736081934757522,3.876984126984127,3.642857142857143,0.09197324414715718,0.8150533676849466,0.8929435483870968,22.61053282927617,81.62200000000011
UNIELEC_CZ,GBDT,negative,base,98,0,0.0,1.0,0.0,0.0,0.0,,,,,0.0,,44.05548336112982,81.62200000000011
UNIELEC_CZ,GBDT,negative,bech,98,0,0.0,1.0,0.0,0.0,0.0,,,,,0.0,,44.05548336112982,81.62200000000011
UNIELEC_CZ,GBDT,spike,base,1142,673,0.45884413309982486,0.5411558669001751,0.3213660245183888,0.09544658493870403,0.04203152364273205,0.5217892963656708,6.16412213740458,5.965648854961832,0.04457652303120357,0.29508649245491353,0.9218166139695315,56.91328450293183,81.62200000000011
UNIELEC_CZ,GBDT,spike,bech,1142,673,0.45884413309982486,0.5411558669001751,0.3213660245183888,0.09544658493870403,0.04203152364273205,0.5217892963656708,6.16412213740458,5.965648854961832,0.04457652303120357,0.29508649245491353,0.9218166139695315,56.91328450293183,81.62200000000011
