variant,mae_base,mae_bech,mae_gain_pct,tail_base,tail_bech,tail_gain_pct,neg_miss_base,neg_miss_bech,mae_neg_base,mae_neg_bech,mae_normal_base,mae_normal_bech,tau_neg,tau_pos,lam_neg,lam_pos,fire_rate,n_fired,harm_rate,worst_harm,dm_p,dataset,backbone,tier,family
A0 v0,113.60462953845368,113.0810598595331,0.4608700200403003,1744.3506273205096,1744.2528624565364,0.005604656680945011,0.6814159292035398,0.6721816083108888,101.50571066172263,99.71288898688543,95.43029713559199,95.4450762364941,0.98,1.01,0.25,0.0,0.02807057745187901,245,0.22448979591836735,46.80780495500383,1.0558406371430351e-09,NEM_SA1,GBDT,L1,ladder
A1 +L1 magnitude,113.60462953845368,113.11843555201915,0.42797022305324145,1744.3506273205096,1744.2511935781486,0.005700330014143027,0.6814159292035398,0.6733358984224702,101.50571066172263,99.8407557729025,95.43029713559199,95.44407085103178,0.98,1.01,0.25,0.0,0.02807057745187901,245,0.22857142857142856,42.43339001166909,4.719911128603371e-10,NEM_SA1,GBDT,L1,ladder
A2 +Bayes gate,113.60462953845368,112.22253289350598,1.2165847910976837,1744.3506273205096,1741.7280368879358,0.15034766471247624,0.6814159292035398,0.6298576375529049,101.50571066172263,96.55893956164441,95.43029713559199,95.56088591018887,0.5,0.5,0.15,0.0,0.25790559120073325,2251,0.36472678809418035,25.460034007001454,0.0,NEM_SA1,GBDT,L1,ladder
A3 +two-tier cert,113.60462953845368,110.13647599632425,3.052827649911489,1744.3506273205096,1732.6180795812868,0.6726026038265673,0.6814159292035398,0.4028472489419007,101.50571066172263,82.89082526128261,95.43029713559199,98.40990276903027,0.5,0.5,0.8,0.0,0.25790559120073325,2251,0.5028876055086628,135.7868480373411,9.830499043683716e-07,NEM_SA1,GBDT,L1,ladder
A4 +S2b reuse (=v1),113.60462953845368,110.02677803215323,3.1493888240614276,1744.3506273205096,1735.683741453976,0.4968545733174555,0.6814159292035398,0.48980377068103115,101.50571066172263,85.98745752960211,95.43029713559199,96.92823263137856,0.5,0.5,0.55,0.0,0.25790559120073325,2251,0.4411372723234118,93.35345802567201,1.2454481890245006e-12,NEM_SA1,GBDT,L1,ladder
rho=0.00,113.60462953845368,113.60462953845368,0.0,1744.3506273205096,1744.3506273205096,0.0,0.6814159292035398,0.6814159292035398,101.50571066172263,101.50571066172263,95.43029713559199,95.43029713559199,0.5,0.5,0.0,0.0,0.0,0,,,,NEM_SA1,GBDT,L1,rho
rho=0.10,113.60462953845368,112.66018573434081,0.8313427084352958,1744.3506273205096,1742.5800640328473,0.10150271739702092,0.6814159292035398,0.6429395921508272,101.50571066172263,98.17308499365923,95.43029713559199,95.49913369186048,0.5,0.5,0.1,0.0,0.25790559120073325,2251,0.35806308307418927,16.973356004667636,0.0,NEM_SA1,GBDT,L1,rho
rho=0.25,113.60462953845368,111.43851956391005,1.906709245339716,1744.3506273205096,1740.086025241831,0.24448078338638687,0.6814159292035398,0.5944594074644094,101.50571066172263,93.4809929176452,95.43029713559199,95.75119768824752,0.5,0.5,0.25,0.0,0.25790559120073325,2251,0.3811639271434918,42.43339001166909,0.0,NEM_SA1,GBDT,L1,rho
rho=0.50,113.60462953845368,110.02677803215323,3.1493888240614276,1744.3506273205096,1735.683741453976,0.4968545733174555,0.6814159292035398,0.48980377068103115,101.50571066172263,85.98745752960211,95.43029713559199,96.92823263137856,0.5,0.5,0.55,0.0,0.25790559120073325,2251,0.4411372723234118,93.35345802567201,1.2454481890245006e-12,NEM_SA1,GBDT,L1,rho
rho=1.00,113.60462953845368,109.9187174121761,3.2445087328328928,1744.3506273205096,1733.7797177042469,0.6060083019261248,0.6814159292035398,0.4382454790303963,101.50571066172263,83.66640618941746,95.43029713559199,97.76555730100334,0.5,0.5,0.7,0.0,0.25790559120073325,2251,0.47490004442470013,118.81349203267345,5.351294074529278e-09,NEM_SA1,GBDT,L1,rho
alpha=0.05,113.60462953845368,110.54013618017291,2.6975074613869325,1744.3506273205096,1737.792026843956,0.3759909489428931,0.6814159292035398,0.5371296652558677,101.50571066172263,89.32432920089992,95.43029713559199,96.23854201640866,0.5,0.5,0.4,0.0,0.25790559120073325,2251,0.4095957352287872,67.89342401867054,1.1102230246251565e-16,NEM_SA1,GBDT,L1,alpha
alpha=0.10,113.60462953845368,110.02677803215323,3.1493888240614276,1744.3506273205096,1735.683741453976,0.4968545733174555,0.6814159292035398,0.48980377068103115,101.50571066172263,85.98745752960211,95.43029713559199,96.92823263137856,0.5,0.5,0.55,0.0,0.25790559120073325,2251,0.4411372723234118,93.35345802567201,1.2454481890245006e-12,NEM_SA1,GBDT,L1,alpha
alpha=0.20,113.60462953845368,109.9187174121761,3.2445087328328928,1744.3506273205096,1733.7797177042469,0.6060083019261248,0.6814159292035398,0.4382454790303963,101.50571066172263,83.66640618941746,95.43029713559199,97.76555730100334,0.5,0.5,0.7,0.0,0.25790559120073325,2251,0.47490004442470013,118.81349203267345,5.351294074529278e-09,NEM_SA1,GBDT,L1,alpha
no-SCARR (lambda=1),113.60462953845368,111.586471090998,1.776475532427625,1744.3506273205096,1732.6802654647831,0.6690376162304748,0.6814159292035398,0.3889957676029242,101.50571066172263,84.06530828368024,95.43029713559199,99.9898757553911,0.5,0.5,1.0,1.0,0.25802016498625113,2252,0.5501776198934281,1615.5318451821502,0.011942687418527997,NEM_SA1,GBDT,L1,safety
A0 v0,83.87087241639173,83.82945977955374,0.049376661580899435,1597.154953188413,1597.1486757482323,0.00039303889507271886,0.6371681415929203,0.6356290881108119,81.00061276760263,80.84708164554391,59.68306518359107,59.6892477916708,0.94,1.01,0.05,0.0,0.06874427131072411,600,0.31833333333333336,6.535844445657148,6.229903354526556e-06,NEM_SA1,Linear,L1,ladder
A1 +L1 magnitude,83.87087241639173,83.72184670014066,0.17768470978960368,1597.154953188413,1597.136048602031,0.001183641345769912,0.6371681415929203,0.6337052712581762,81.00061276760263,80.45675560064845,59.68306518359107,59.70162199923347,0.94,1.01,0.15,0.0,0.06874427131072411,600,0.3,18.611037280595895,9.617246998772089e-10,NEM_SA1,Linear,L1,ladder
A2 +Bayes gate,83.87087241639173,83.02013994105965,1.0143360273021471,1597.154953188413,1597.0219238452112,0.00832914445378028,0.6371681415929203,0.6125432858791843,81.00061276760263,77.93637999644054,59.68306518359107,59.77170419766672,0.5,0.5,0.15,0.0,0.22983501374885426,2006,0.3165503489531406,33.87815044998453,0.0,NEM_SA1,Linear,L1,ladder
A3 +two-tier cert,83.87087241639173,82.0769141111518,2.1389527180944508,1597.154953188413,1597.050549436585,0.006536858031182824,0.6371681415929203,0.44824932666410156,81.00061276760263,69.46630215907605,59.68306518359107,62.03910420685966,0.5,0.5,0.7,0.0,0.22983501374885426,2006,0.4057826520438684,158.09803543326115,3.597342602357223e-06,NEM_SA1,Linear,L1,ladder
A4 +S2b reuse (=v1),83.87087241639173,81.91247424510588,2.3350158581432625,1597.154953188413,1597.0005975357767,0.009664413107075142,0.6371681415929203,0.4890342439399769,81.00061276760263,70.95002600765852,59.68306518359107,61.168516935830596,0.5,0.5,0.55,0.0,0.22983501374885426,2006,0.3793619142572283,124.21988498327664,6.999290036446837e-10,NEM_SA1,Linear,L1,ladder
rho=0.00,83.87087241639173,83.87087241639173,0.0,1597.154953188413,1597.154953188413,0.0,0.6371681415929203,0.6371681415929203,81.00061276760263,81.00061276760263,59.68306518359107,59.68306518359107,0.5,0.5,0.0,0.0,0.0,0,,,,NEM_SA1,Linear,L1,rho
rho=0.10,83.87087241639173,83.27266176056531,0.7132519772257744,1597.154953188413,1597.0529624298886,0.0063857773048742105,0.6371681415929203,0.6194690265486725,81.00061276760263,78.9396886351681,59.68306518359107,59.70530263277575,0.5,0.5,0.1,0.0,0.22983501374885426,2006,0.30957128614157525,22.58543363332302,0.0,NEM_SA1,Linear,L1,rho
rho=0.25,83.87087241639173,82.58316274559468,1.5353478909865095,1597.154953188413,1596.9922993504056,0.01018397355138682,0.6371681415929203,0.5852250865717584,81.00061276760263,75.98330367094891,59.68306518359107,59.979356123947476,0.5,0.5,0.25,0.0,0.22983501374885426,2006,0.3349950149551346,56.46358408330755,0.0,NEM_SA1,Linear,L1,rho
rho=0.50,83.87087241639173,81.91247424510588,2.3350158581432625,1597.154953188413,1597.0005975357767,0.009664413107075142,0.6371681415929203,0.4890342439399769,81.00061276760263,70.95002600765852,59.68306518359107,61.168516935830596,0.5,0.5,0.55,0.0,0.22983501374885426,2006,0.3793619142572283,124.21988498327664,6.999290036446837e-10,NEM_SA1,Linear,L1,rho
rho=1.00,83.87087241639173,81.91247424510588,2.3350158581432625,1597.154953188413,1597.0005975357767,0.009664413107075142,0.6371681415929203,0.4890342439399769,81.00061276760263,70.95002600765852,59.68306518359107,61.168516935830596,0.5,0.5,0.55,0.0,0.22983501374885426,2006,0.3793619142572283,124.21988498327664,6.999290036446837e-10,NEM_SA1,Linear,L1,rho
alpha=0.05,83.87087241639173,82.40041792903465,1.7532361891465222,1597.154953188413,1596.987097724637,0.010509654272489885,0.6371681415929203,0.5752212389380531,81.00061276760263,75.04146696240022,59.68306518359107,60.119671498508524,0.5,0.5,0.3,0.0,0.22983501374885426,2006,0.3419740777666999,67.75630089996906,0.0,NEM_SA1,Linear,L1,alpha
alpha=0.10,83.87087241639173,81.91247424510588,2.3350158581432625,1597.154953188413,1597.0005975357767,0.009664413107075142,0.6371681415929203,0.4890342439399769,81.00061276760263,70.95002600765852,59.68306518359107,61.168516935830596,0.5,0.5,0.55,0.0,0.22983501374885426,2006,0.3793619142572283,124.21988498327664,6.999290036446837e-10,NEM_SA1,Linear,L1,alpha
alpha=0.20,83.87087241639173,81.94780906577682,2.292885831767104,1597.154953188413,1596.9943760091583,0.010053951179509918,0.6371681415929203,0.510580992689496,81.00061276760263,71.65155995328031,59.68306518359107,60.919276328746854,0.5,0.5,0.5,0.0,0.22983501374885426,2006,0.3708873379860419,112.9271681666151,3.620281852079188e-11,NEM_SA1,Linear,L1,alpha
no-SCARR (lambda=1),83.87087241639173,83.5364829063803,0.39869563816064546,1597.154953188413,1597.3603493014073,-0.012860124347001393,0.6371681415929203,0.42631781454405543,81.00061276760263,69.86133668997336,59.68306518359107,63.966123242554325,0.5,0.5,1.0,1.0,0.22983501374885426,2006,0.4661016949152542,225.85433633323024,0.2593470896837331,NEM_SA1,Linear,L1,safety
A0 v0,65.26392716762268,65.26392716762268,0.0,1372.0026320961742,1372.0026320961742,0.0,0.637905962190984,0.637905962190984,45.20734731303524,45.20734731303524,56.957302401497834,56.957302401497834,1.01,1.01,0.0,0.0,0.0,0,,,,NEM_VIC1,GBDT,L2,ladder
A1 +L1 magnitude,65.26392716762268,65.2526337644019,0.017304204191957877,1372.0026320961742,1371.998291623446,0.000316360379106091,0.637905962190984,0.635967038293747,45.20734731303524,45.10661097652826,56.957302401497834,56.97378056724491,0.96,1.01,0.1,0.0,0.024289642529789185,212,0.5188679245283019,4.945346190717977,0.09971219138964316,NEM_VIC1,GBDT,L2,ladder
A2 +Bayes gate,65.26392716762268,65.13926595920125,0.19101089044373865,1372.0026320961742,1371.999907738883,0.00019856793475221356,0.637905962190984,0.6199709161415414,45.20734731303524,44.36046592740956,56.957302401497834,57.05671013474723,0.5,0.5,0.05,0.0,0.21998166819431714,1920,0.44895833333333335,8.076235375469736,5.593089287270203e-07,NEM_VIC1,GBDT,L2,ladder
A3 +two-tier cert,65.26392716762268,65.12970931549431,0.20565396223192345,1372.0026320961742,1372.0515845840844,-0.0035679587462115543,0.637905962190984,0.47600581677169174,45.20734731303524,39.484952164560156,56.957302401497834,58.56120101053671,0.5,0.5,0.45,0.0,0.21998166819431714,1920,0.5427083333333333,72.68611837922757,0.27322555203799515,NEM_VIC1,GBDT,L2,ladder
A4 +S2b reuse (=v1),65.26392716762268,65.03108923351974,0.35676359699429266,1372.0026320961742,1372.033445608002,-0.0022458784777034816,0.637905962190984,0.4963645176926806,45.20734731303524,39.853284871878294,56.957302401497834,58.31676263185323,0.5,0.5,0.4,0.0,0.21998166819431714,1920,0.528125,64.60988300375783,0.12155653838258407,NEM_VIC1,GBDT,L2,ladder
rho=0.00,65.26392716762268,65.26392716762268,0.0,1372.0026320961742,1372.0026320961742,0.0,0.637905962190984,0.637905962190984,45.20734731303524,45.20734731303524,56.957302401497834,56.957302401497834,0.5,0.5,0.0,0.0,0.0,0,,,,NEM_VIC1,GBDT,L2,rho
rho=0.10,65.26392716762268,65.13926595920125,0.19101089044373865,1372.0026320961742,1371.999907738883,0.00019856793475221356,0.637905962190984,0.6199709161415414,45.20734731303524,44.36046592740956,56.957302401497834,57.05671013474723,0.5,0.5,0.05,0.0,0.21998166819431714,1920,0.44895833333333335,8.076235375469736,5.593089287270203e-07,NEM_VIC1,GBDT,L2,rho
rho=0.25,65.26392716762268,64.90301573529739,0.553002934374968,1372.0026320961742,1372.0037652102083,-8.258832800398857e-05,0.637905962190984,0.5603490063015026,45.20734731303524,42.021875454190365,56.957302401497834,57.47337984696718,0.5,0.5,0.2,0.0,0.21998166819431714,1920,0.4791666666666667,32.304941501878915,0.00021752911709116418,NEM_VIC1,GBDT,L2,rho
rho=0.50,65.26392716762268,65.03108923351974,0.35676359699429266,1372.0026320961742,1372.033445608002,-0.0022458784777034816,0.637905962190984,0.4963645176926806,45.20734731303524,39.853284871878294,56.957302401497834,58.31676263185323,0.5,0.5,0.4,0.0,0.21998166819431714,1920,0.528125,64.60988300375783,0.12155653838258407,NEM_VIC1,GBDT,L2,rho
rho=1.00,65.26392716762268,65.03108923351974,0.35676359699429266,1372.0026320961742,1372.033445608002,-0.0022458784777034816,0.637905962190984,0.4963645176926806,45.20734731303524,39.853284871878294,56.957302401497834,58.31676263185323,0.5,0.5,0.4,0.0,0.21998166819431714,1920,0.528125,64.60988300375783,0.12155653838258407,NEM_VIC1,GBDT,L2,rho
alpha=0.05,65.26392716762268,64.90156869525799,0.5552201470101777,1372.0026320961742,1372.0099178811317,-0.000531032870277487,0.637905962190984,0.5264178380998545,45.20734731303524,40.770796387919006,56.957302401497834,57.860762403264914,0.5,0.5,0.3,0.0,0.21998166819431714,1920,0.49947916666666664,48.45741225281836,0.008608202343237559,NEM_VIC1,GBDT,L2,alpha
alpha=0.10,65.26392716762268,65.03108923351974,0.35676359699429266,1372.0026320961742,1372.033445608002,-0.0022458784777034816,0.637905962190984,0.4963645176926806,45.20734731303524,39.853284871878294,56.957302401497834,58.31676263185323,0.5,0.5,0.4,0.0,0.21998166819431714,1920,0.528125,64.60988300375783,0.12155653838258407,NEM_VIC1,GBDT,L2,alpha
alpha=0.20,65.26392716762268,65.03108923351974,0.35676359699429266,1372.0026320961742,1372.033445608002,-0.0022458784777034816,0.637905962190984,0.4963645176926806,45.20734731303524,39.853284871878294,56.957302401497834,58.31676263185323,0.5,0.5,0.4,0.0,0.21998166819431714,1920,0.528125,64.60988300375783,0.12155653838258407,NEM_VIC1,GBDT,L2,alpha
no-SCARR (lambda=1),65.26392716762268,68.3142244493634,-4.673787518036392,1372.0026320961742,1372.822823435288,-0.059780595162609626,0.637905962190984,0.41299079011148815,45.20734731303524,42.03525591351812,56.957302401497834,61.95986940485178,0.5,0.5,1.0,1.0,0.22043996333638863,1924,0.6860706860706861,161.52470750939457,0.9999999999999912,NEM_VIC1,GBDT,L2,safety
A0 v0,69.64677784033334,69.59465493309175,0.07483893563761,1581.8724576360726,1581.8724576360726,0.0,0.9724011039558418,0.9724011039558418,65.54987628533033,65.11053343480066,49.06724722718726,49.070233631424905,0.88,1.01,0.05,0.0,0.022341888175985335,195,0.13333333333333333,4.00612529734952,2.2256005371978915e-08,NEM_NSW1,GBDT,L2,ladder
A1 +L1 magnitude,69.64677784033334,69.59491193436018,0.0744699289492798,1581.8724576360726,1581.8724576360726,0.0,0.9724011039558418,0.9714811407543699,65.54987628533033,65.10546741188816,49.06724722718726,49.07125604223975,0.88,1.01,0.05,0.0,0.022341888175985335,195,0.15897435897435896,4.384863360813441,3.93314327773453e-08,NEM_NSW1,GBDT,L2,ladder
A2 +Bayes gate,69.64677784033334,69.52995487807289,0.1677363488778707,1581.8724576360726,1581.9044318350225,-0.002021288049840156,0.9724011039558418,0.9705611775528978,65.54987628533033,64.58152649308994,49.06724722718726,49.07088364515831,0.5,0.5,0.05,0.0,0.05682859761686526,496,0.2056451612903226,4.417074954108237,1.1435297153639112e-13,NEM_NSW1,GBDT,L2,ladder
A3 +two-tier cert,69.64677784033334,68.93278982946994,1.0251558406624859,1581.8724576360726,1582.0999728448871,-0.01438265188298186,0.9724011039558418,0.8969641214351426,65.54987628533033,58.85123050683401,49.06724722718726,49.200747368751976,0.5,0.5,0.35,0.0,0.05682859761686526,496,0.25806451612903225,30.91952467875764,5.959832627411288e-11,NEM_NSW1,GBDT,L2,ladder
A4 +S2b reuse (=v1),69.64677784033334,68.93278982946994,1.0251558406624859,1581.8724576360726,1582.0999728448871,-0.01438265188298186,0.9724011039558418,0.8969641214351426,65.54987628533033,58.85123050683401,49.06724722718726,49.200747368751976,0.5,0.5,0.35,0.0,0.05682859761686526,496,0.25806451612903225,30.91952467875764,5.959832627411288e-11,NEM_NSW1,GBDT,L2,ladder
rho=0.00,69.64677784033334,69.64677784033334,0.0,1581.8724576360726,1581.8724576360726,0.0,0.9724011039558418,0.9724011039558418,65.54987628533033,65.54987628533033,49.06724722718726,49.06724722718726,0.5,0.5,0.0,0.0,0.0,0,,,,NEM_NSW1,GBDT,L2,rho
rho=0.10,69.64677784033334,69.52995487807289,0.1677363488778707,1581.8724576360726,1581.9044318350225,-0.002021288049840156,0.9724011039558418,0.9705611775528978,65.54987628533033,64.58152649308994,49.06724722718726,49.07088364515831,0.5,0.5,0.05,0.0,0.05682859761686526,496,0.2056451612903226,4.417074954108237,1.1435297153639112e-13,NEM_NSW1,GBDT,L2,rho
rho=0.25,69.64677784033334,69.31154127266797,0.4813382299378053,1581.8724576360726,1581.9689082498733,-0.006097243386159754,0.9724011039558418,0.954001839926403,65.54987628533033,62.65821122880299,49.06724722718726,49.09377639207579,0.5,0.5,0.15,0.0,0.05682859761686526,496,0.22379032258064516,13.251224862324705,9.323652960802065e-13,NEM_NSW1,GBDT,L2,rho
rho=0.50,69.64677784033334,68.93278982946994,1.0251558406624859,1581.8724576360726,1582.0999728448871,-0.01438265188298186,0.9724011039558418,0.8969641214351426,65.54987628533033,58.85123050683401,49.06724722718726,49.200747368751976,0.5,0.5,0.35,0.0,0.05682859761686526,496,0.25806451612903225,30.91952467875764,5.959832627411288e-11,NEM_NSW1,GBDT,L2,rho
rho=1.00,69.64677784033334,68.77933144482999,1.2454939372672613,1581.8724576360726,1582.1665608501141,-0.01859209398468658,0.9724011039558418,0.827966881324747,65.54987628533033,57.05813736827662,49.06724722718726,49.27975854788167,0.5,0.5,0.45,0.0,0.05682859761686526,496,0.2701612903225806,39.753674586974114,3.736007059274016e-10,NEM_NSW1,GBDT,L2,rho
alpha=0.05,69.64677784033334,69.02144073193958,0.8978694029856817,1581.8724576360726,1582.066942752695,-0.012294614251839307,0.9724011039558418,0.921803127874885,65.54987628533033,59.79609113142893,49.06724722718726,49.168040632492854,0.5,0.5,0.3,0.0,0.05682859761686526,496,0.24596774193548387,26.50244972464941,2.5934587810638732e-11,NEM_NSW1,GBDT,L2,alpha
alpha=0.10,69.64677784033334,68.93278982946994,1.0251558406624859,1581.8724576360726,1582.0999728448871,-0.01438265188298186,0.9724011039558418,0.8969641214351426,65.54987628533033,58.85123050683401,49.06724722718726,49.200747368751976,0.5,0.5,0.35,0.0,0.05682859761686526,496,0.25806451612903225,30.91952467875764,5.959832627411288e-11,NEM_NSW1,GBDT,L2,alpha
alpha=0.20,69.64677784033334,68.71705651646573,1.3349093133913759,1581.8724576360726,1582.2001212619732,-0.020713656421472607,0.9724011039558418,0.7985280588776449,65.54987628533033,56.238983717973596,49.06724722718726,49.32480908637515,0.5,0.5,0.5,0.0,0.05682859761686526,496,0.2721774193548387,44.170749541082344,1.1094494212215977e-09,NEM_NSW1,GBDT,L2,alpha
no-SCARR (lambda=1),69.64677784033334,69.43937655674355,0.2977902065552273,1581.8724576360726,1583.8562108553726,-0.12540538333062337,0.9724011039558418,0.6927322907083716,65.54987628533033,55.92149002689473,49.06724722718726,50.19492931597822,0.5,0.5,1.0,1.0,0.05785976168652612,505,0.4,966.9499670788398,0.2280960077486709,NEM_NSW1,GBDT,L2,safety
A0 v0,6.664246267347285,6.631347739478306,0.4936571451474044,35.76571648679787,34.92392769718105,2.3536192541467718,0.23711340206185566,0.23711340206185566,26.562905878079345,25.779711702014144,6.0213274427909935,6.002258579456727,0.7,1.01,0.45,0.0,0.011870572467930308,124,0.3790322580645161,16.79987250982574,0.027146388658028542,LAGO_DE,GBDT,L1,ladder
A1 +L1 magnitude,6.664246267347285,6.544406030033656,1.7982564345019585,35.76571648679787,33.285684290672,6.934104611161134,0.23711340206185566,0.23711340206185566,26.562905878079345,24.82865085726552,6.0213274427909935,5.9302785423592965,0.1,1.01,0.8,0.0,0.022305188588933562,233,0.296137339055794,21.768472467397935,0.001242053138330368,LAGO_DE,GBDT,L1,ladder
A2 +Bayes gate,6.664246267347285,6.572024234058606,1.3838329135665044,35.76571648679787,34.03208981416123,4.847174453436629,0.23711340206185566,0.23711340206185566,26.562905878079345,25.06452789734185,6.0213274427909935,5.954422128341971,0.5,0.5,0.85,0.0,0.014168102623013594,148,0.2702702702702703,23.129001996610306,0.005730558864545654,LAGO_DE,GBDT,L1,ladder
A3 +two-tier cert,6.664246267347285,6.55909717806704,1.577809178442923,35.76571648679787,33.92622639863158,5.143165771180065,0.23711340206185566,0.23711340206185566,26.562905878079345,24.966362610240516,6.0213274427909935,5.942885231466076,0.5,0.5,1.0,0.0,0.014168102623013594,148,0.2702702702702703,27.21059058424742,0.00721794161668865,LAGO_DE,GBDT,L1,ladder
A4 +S2b reuse (=v1),6.664246267347285,6.55909717806704,1.577809178442923,35.76571648679787,33.92622639863158,5.143165771180065,0.23711340206185566,0.23711340206185566,26.562905878079345,24.966362610240516,6.0213274427909935,5.942885231466076,0.5,0.5,1.0,0.0,0.014168102623013594,148,0.2702702702702703,27.21059058424742,0.00721794161668865,LAGO_DE,GBDT,L1,ladder
rho=0.00,6.664246267347285,6.664246267347285,0.0,35.76571648679787,35.76571648679787,0.0,0.23711340206185566,0.23711340206185566,26.562905878079345,26.562905878079345,6.0213274427909935,6.0213274427909935,0.5,0.5,0.0,0.0,0.0,0,,,,LAGO_DE,GBDT,L1,rho
rho=0.10,6.664246267347285,6.585481809254683,1.1818959704193828,35.76571648679787,34.194449943786985,4.39321981314392,0.23711340206185566,0.23711340206185566,26.562905878079345,25.190334851360518,6.0213274427909935,5.965976860927867,0.5,0.5,0.7,0.0,0.014168102623013594,148,0.2702702702702703,19.047413408973192,0.004332580708194644,LAGO_DE,GBDT,L1,rho
rho=0.25,6.664246267347285,6.55909717806704,1.577809178442923,35.76571648679787,33.92622639863158,5.143165771180065,0.23711340206185566,0.23711340206185566,26.562905878079345,24.966362610240516,6.0213274427909935,5.942885231466076,0.5,0.5,1.0,0.0,0.014168102623013594,148,0.2702702702702703,27.21059058424742,0.00721794161668865,LAGO_DE,GBDT,L1,rho
rho=0.50,6.664246267347285,6.55909717806704,1.577809178442923,35.76571648679787,33.92622639863158,5.143165771180065,0.23711340206185566,0.23711340206185566,26.562905878079345,24.966362610240516,6.0213274427909935,5.942885231466076,0.5,0.5,1.0,0.0,0.014168102623013594,148,0.2702702702702703,27.21059058424742,0.00721794161668865,LAGO_DE,GBDT,L1,rho
rho=1.00,6.664246267347285,6.55909717806704,1.577809178442923,35.76571648679787,33.92622639863158,5.143165771180065,0.23711340206185566,0.23711340206185566,26.562905878079345,24.966362610240516,6.0213274427909935,5.942885231466076,0.5,0.5,1.0,0.0,0.014168102623013594,148,0.2702702702702703,27.21059058424742,0.00721794161668865,LAGO_DE,GBDT,L1,rho
alpha=0.05,6.664246267347285,6.55909717806704,1.577809178442923,35.76571648679787,33.92622639863158,5.143165771180065,0.23711340206185566,0.23711340206185566,26.562905878079345,24.966362610240516,6.0213274427909935,5.942885231466076,0.5,0.5,1.0,0.0,0.014168102623013594,148,0.2702702702702703,27.21059058424742,0.00721794161668865,LAGO_DE,GBDT,L1,alpha
alpha=0.10,6.664246267347285,6.55909717806704,1.577809178442923,35.76571648679787,33.92622639863158,5.143165771180065,0.23711340206185566,0.23711340206185566,26.562905878079345,24.966362610240516,6.0213274427909935,5.942885231466076,0.5,0.5,1.0,0.0,0.014168102623013594,148,0.2702702702702703,27.21059058424742,0.00721794161668865,LAGO_DE,GBDT,L1,alpha
alpha=0.20,6.664246267347285,6.55909717806704,1.577809178442923,35.76571648679787,33.92622639863158,5.143165771180065,0.23711340206185566,0.23711340206185566,26.562905878079345,24.966362610240516,6.0213274427909935,5.942885231466076,0.5,0.5,1.0,0.0,0.014168102623013594,148,0.2702702702702703,27.21059058424742,0.00721794161668865,LAGO_DE,GBDT,L1,alpha
no-SCARR (lambda=1),6.664246267347285,6.548069562176306,1.7432834938919974,35.76571648679787,33.685507481537506,5.816209514573064,0.23711340206185566,0.23711340206185566,26.562905878079345,24.966362610240516,6.0213274427909935,5.961868745590225,0.5,0.5,1.0,1.0,0.036951943327589505,386,0.3160621761658031,27.21059058424742,0.005054675093763006,LAGO_DE,GBDT,L1,safety
A0 v0,8.50167494478965,8.50167494478965,0.0,74.25484357679252,74.25484357679252,0.0,1.0,1.0,33.57261012208192,33.57261012208192,7.532949927187038,7.532949927187038,1.01,1.01,0.0,0.0,0.0,0,,,,LAGO_BE,GBDT,L2,ladder
A1 +L1 magnitude,8.50167494478965,8.50167494478965,0.0,74.25484357679252,74.25484357679252,0.0,1.0,1.0,33.57261012208192,33.57261012208192,7.532949927187038,7.532949927187038,1.01,1.01,0.0,0.0,0.0,0,,,,LAGO_BE,GBDT,L2,ladder
A2 +Bayes gate,8.50167494478965,8.50167494478965,0.0,74.25484357679252,74.25484357679252,0.0,1.0,1.0,33.57261012208192,33.57261012208192,7.532949927187038,7.532949927187038,1.01,0.5,0.0,0.0,0.0,0,,,,LAGO_BE,GBDT,L2,ladder
A3 +two-tier cert,8.50167494478965,8.50167494478965,0.0,74.25484357679252,74.25484357679252,0.0,1.0,1.0,33.57261012208192,33.57261012208192,7.532949927187038,7.532949927187038,1.01,0.5,0.0,0.0,0.0,0,,,,LAGO_BE,GBDT,L2,ladder
A4 +S2b reuse (=v1),8.50167494478965,8.50167494478965,0.0,74.25484357679252,74.25484357679252,0.0,1.0,1.0,33.57261012208192,33.57261012208192,7.532949927187038,7.532949927187038,1.01,0.5,0.0,0.0,0.0,0,,,,LAGO_BE,GBDT,L2,ladder
rho=0.00,8.50167494478965,8.50167494478965,0.0,74.25484357679252,74.25484357679252,0.0,1.0,1.0,33.57261012208192,33.57261012208192,7.532949927187038,7.532949927187038,1.01,0.5,0.0,0.0,0.0,0,,,,LAGO_BE,GBDT,L2,rho
rho=0.10,8.50167494478965,8.50167494478965,0.0,74.25484357679252,74.25484357679252,0.0,1.0,1.0,33.57261012208192,33.57261012208192,7.532949927187038,7.532949927187038,1.01,0.5,0.0,0.0,0.0,0,,,,LAGO_BE,GBDT,L2,rho
rho=0.25,8.50167494478965,8.50167494478965,0.0,74.25484357679252,74.25484357679252,0.0,1.0,1.0,33.57261012208192,33.57261012208192,7.532949927187038,7.532949927187038,1.01,0.5,0.0,0.0,0.0,0,,,,LAGO_BE,GBDT,L2,rho
rho=0.50,8.50167494478965,8.50167494478965,0.0,74.25484357679252,74.25484357679252,0.0,1.0,1.0,33.57261012208192,33.57261012208192,7.532949927187038,7.532949927187038,1.01,0.5,0.0,0.0,0.0,0,,,,LAGO_BE,GBDT,L2,rho
rho=1.00,8.50167494478965,8.50167494478965,0.0,74.25484357679252,74.25484357679252,0.0,1.0,1.0,33.57261012208192,33.57261012208192,7.532949927187038,7.532949927187038,1.01,0.5,0.0,0.0,0.0,0,,,,LAGO_BE,GBDT,L2,rho
alpha=0.05,8.50167494478965,8.50167494478965,0.0,74.25484357679252,74.25484357679252,0.0,1.0,1.0,33.57261012208192,33.57261012208192,7.532949927187038,7.532949927187038,1.01,0.5,0.0,0.0,0.0,0,,,,LAGO_BE,GBDT,L2,alpha
alpha=0.10,8.50167494478965,8.50167494478965,0.0,74.25484357679252,74.25484357679252,0.0,1.0,1.0,33.57261012208192,33.57261012208192,7.532949927187038,7.532949927187038,1.01,0.5,0.0,0.0,0.0,0,,,,LAGO_BE,GBDT,L2,alpha
alpha=0.20,8.50167494478965,8.50167494478965,0.0,74.25484357679252,74.25484357679252,0.0,1.0,1.0,33.57261012208192,33.57261012208192,7.532949927187038,7.532949927187038,1.01,0.5,0.0,0.0,0.0,0,,,,LAGO_BE,GBDT,L2,alpha
no-SCARR (lambda=1),8.50167494478965,8.50167494478965,0.0,74.25484357679252,74.25484357679252,0.0,1.0,1.0,33.57261012208192,33.57261012208192,7.532949927187038,7.532949927187038,1.01,0.5,0.0,1.0,0.0,0,,,,LAGO_BE,GBDT,L2,safety
A0 v0,4.378071972513213,4.378071972513213,0.0,42.79313536582134,42.79313536582134,0.0,1.0,1.0,15.92384300673548,15.92384300673548,4.251877101367024,4.251877101367024,1.01,0.12,0.0,0.0,0.0,0,,,,LAGO_PJM,GBDT,L2,ladder
A1 +L1 magnitude,4.378071972513213,4.377906141605787,0.0037877611073441355,42.79313536582134,42.786015499983144,0.01663786908188408,1.0,1.0,15.92384300673548,15.92384300673548,4.251877101367024,4.25171979860129,1.01,0.56,0.0,0.05,0.00813708596591997,85,0.5529411764705883,1.3939760495831663,0.4140627208501436,LAGO_PJM,GBDT,L2,ladder
A2 +Bayes gate,4.378071972513213,4.378071972513213,0.0,42.79313536582134,42.79313536582134,0.0,1.0,1.0,15.92384300673548,15.92384300673548,4.251877101367024,4.251877101367024,1.01,0.5,0.0,0.0,0.0,0,,,,LAGO_PJM,GBDT,L2,ladder
A3 +two-tier cert,4.378071972513213,4.378071972513213,0.0,42.79313536582134,42.79313536582134,0.0,1.0,1.0,15.92384300673548,15.92384300673548,4.251877101367024,4.251877101367024,1.01,0.5,0.0,0.0,0.0,0,,,,LAGO_PJM,GBDT,L2,ladder
A4 +S2b reuse (=v1),4.378071972513213,4.378071972513213,0.0,42.79313536582134,42.79313536582134,0.0,1.0,1.0,15.92384300673548,15.92384300673548,4.251877101367024,4.251877101367024,1.01,0.5,0.0,0.0,0.0,0,,,,LAGO_PJM,GBDT,L2,ladder
rho=0.00,4.378071972513213,4.378071972513213,0.0,42.79313536582134,42.79313536582134,0.0,1.0,1.0,15.92384300673548,15.92384300673548,4.251877101367024,4.251877101367024,1.01,0.5,0.0,0.0,0.0,0,,,,LAGO_PJM,GBDT,L2,rho
rho=0.10,4.378071972513213,4.378071972513213,0.0,42.79313536582134,42.79313536582134,0.0,1.0,1.0,15.92384300673548,15.92384300673548,4.251877101367024,4.251877101367024,1.01,0.5,0.0,0.0,0.0,0,,,,LAGO_PJM,GBDT,L2,rho
rho=0.25,4.378071972513213,4.378071972513213,0.0,42.79313536582134,42.79313536582134,0.0,1.0,1.0,15.92384300673548,15.92384300673548,4.251877101367024,4.251877101367024,1.01,0.5,0.0,0.0,0.0,0,,,,LAGO_PJM,GBDT,L2,rho
rho=0.50,4.378071972513213,4.378071972513213,0.0,42.79313536582134,42.79313536582134,0.0,1.0,1.0,15.92384300673548,15.92384300673548,4.251877101367024,4.251877101367024,1.01,0.5,0.0,0.0,0.0,0,,,,LAGO_PJM,GBDT,L2,rho
rho=1.00,4.378071972513213,4.378071972513213,0.0,42.79313536582134,42.79313536582134,0.0,1.0,1.0,15.92384300673548,15.92384300673548,4.251877101367024,4.251877101367024,1.01,0.5,0.0,0.0,0.0,0,,,,LAGO_PJM,GBDT,L2,rho
alpha=0.05,4.378071972513213,4.378071972513213,0.0,42.79313536582134,42.79313536582134,0.0,1.0,1.0,15.92384300673548,15.92384300673548,4.251877101367024,4.251877101367024,1.01,0.5,0.0,0.0,0.0,0,,,,LAGO_PJM,GBDT,L2,alpha
alpha=0.10,4.378071972513213,4.378071972513213,0.0,42.79313536582134,42.79313536582134,0.0,1.0,1.0,15.92384300673548,15.92384300673548,4.251877101367024,4.251877101367024,1.01,0.5,0.0,0.0,0.0,0,,,,LAGO_PJM,GBDT,L2,alpha
alpha=0.20,4.378071972513213,4.3778311896160265,0.005499747347658492,42.79313536582134,42.78534095959828,0.018214150836183354,1.0,1.0,15.92384300673548,15.92384300673548,4.251877101367024,4.251644333687071,1.01,0.5,0.0,0.05,0.00832854681217691,87,0.5402298850574713,1.3939760495831663,0.37678868070994387,LAGO_PJM,GBDT,L2,alpha
no-SCARR (lambda=1),4.378071972513213,4.405558753266433,-0.6278284351145855,42.79313536582134,42.943242161066856,-0.35077307134032204,1.0,1.0,15.92384300673548,15.92384300673548,4.251877101367024,4.279745244117659,1.01,0.5,0.0,1.0,0.00832854681217691,87,0.6206896551724138,27.879520991663263,0.9703487180662641,LAGO_PJM,GBDT,L2,safety
A0 v0,3.544835169006712,3.544835169006712,0.0,17.428572428073664,17.428572428073664,0.0,,,,,2.948229656707876,2.948229656707876,1.01,1.01,0.0,0.0,0.0,0,,,,LAGO_NP,GBDT,L3,ladder
A1 +L1 magnitude,3.544835169006712,3.544835169006712,0.0,17.428572428073664,17.428572428073664,0.0,,,,,2.948229656707876,2.948229656707876,1.01,1.01,0.0,0.0,0.0,0,,,,LAGO_NP,GBDT,L3,ladder
A2 +Bayes gate,3.544835169006712,3.544835169006712,0.0,17.428572428073664,17.428572428073664,0.0,,,,,2.948229656707876,2.948229656707876,1.01,0.5,0.0,0.0,0.0,0,,,,LAGO_NP,GBDT,L3,ladder
A3 +two-tier cert,3.544835169006712,3.544835169006712,0.0,17.428572428073664,17.428572428073664,0.0,,,,,2.948229656707876,2.948229656707876,1.01,0.5,0.0,0.0,0.0,0,,,,LAGO_NP,GBDT,L3,ladder
A4 +S2b reuse (=v1),3.544835169006712,3.544835169006712,0.0,17.428572428073664,17.428572428073664,0.0,,,,,2.948229656707876,2.948229656707876,1.01,0.5,0.0,0.0,0.0,0,,,,LAGO_NP,GBDT,L3,ladder
rho=0.00,3.544835169006712,3.544835169006712,0.0,17.428572428073664,17.428572428073664,0.0,,,,,2.948229656707876,2.948229656707876,1.01,0.5,0.0,0.0,0.0,0,,,,LAGO_NP,GBDT,L3,rho
rho=0.10,3.544835169006712,3.544835169006712,0.0,17.428572428073664,17.428572428073664,0.0,,,,,2.948229656707876,2.948229656707876,1.01,0.5,0.0,0.0,0.0,0,,,,LAGO_NP,GBDT,L3,rho
rho=0.25,3.544835169006712,3.544835169006712,0.0,17.428572428073664,17.428572428073664,0.0,,,,,2.948229656707876,2.948229656707876,1.01,0.5,0.0,0.0,0.0,0,,,,LAGO_NP,GBDT,L3,rho
rho=0.50,3.544835169006712,3.544835169006712,0.0,17.428572428073664,17.428572428073664,0.0,,,,,2.948229656707876,2.948229656707876,1.01,0.5,0.0,0.0,0.0,0,,,,LAGO_NP,GBDT,L3,rho
rho=1.00,3.544835169006712,3.544835169006712,0.0,17.428572428073664,17.428572428073664,0.0,,,,,2.948229656707876,2.948229656707876,1.01,0.5,0.0,0.0,0.0,0,,,,LAGO_NP,GBDT,L3,rho
alpha=0.05,3.544835169006712,3.544835169006712,0.0,17.428572428073664,17.428572428073664,0.0,,,,,2.948229656707876,2.948229656707876,1.01,0.5,0.0,0.0,0.0,0,,,,LAGO_NP,GBDT,L3,alpha
alpha=0.10,3.544835169006712,3.544835169006712,0.0,17.428572428073664,17.428572428073664,0.0,,,,,2.948229656707876,2.948229656707876,1.01,0.5,0.0,0.0,0.0,0,,,,LAGO_NP,GBDT,L3,alpha
alpha=0.20,3.544835169006712,3.544835169006712,0.0,17.428572428073664,17.428572428073664,0.0,,,,,2.948229656707876,2.948229656707876,1.01,0.5,0.0,0.0,0.0,0,,,,LAGO_NP,GBDT,L3,alpha
no-SCARR (lambda=1),3.544835169006712,3.596674228640235,-1.462382795306345,17.428572428073664,17.864000086278025,-2.498355272649762,,,,,2.948229656707876,3.0237277478695916,1.01,0.5,0.0,1.0,0.0250813708596592,262,0.6145038167938931,40.819327794281534,0.9637468181100342,LAGO_NP,GBDT,L3,safety
A0 v0,6.2184649626593504,6.2184649626593504,0.0,50.1905683290398,50.1905683290398,0.0,,,,,5.463817802160631,5.463817802160631,1.01,1.01,0.0,0.0,0.0,0,,,,GEFCOM14P,GBDT,L3,ladder
A1 +L1 magnitude,6.2184649626593504,6.2184649626593504,0.0,50.1905683290398,50.1905683290398,0.0,,,,,5.463817802160631,5.463817802160631,1.01,1.01,0.0,0.0,0.0,0,,,,GEFCOM14P,GBDT,L3,ladder
A2 +Bayes gate,6.2184649626593504,6.2184649626593504,0.0,50.1905683290398,50.1905683290398,0.0,,,,,5.463817802160631,5.463817802160631,1.01,1.01,0.0,0.0,0.0,0,,,,GEFCOM14P,GBDT,L3,ladder
A3 +two-tier cert,6.2184649626593504,6.2184649626593504,0.0,50.1905683290398,50.1905683290398,0.0,,,,,5.463817802160631,5.463817802160631,1.01,1.01,0.0,0.0,0.0,0,,,,GEFCOM14P,GBDT,L3,ladder
A4 +S2b reuse (=v1),6.2184649626593504,6.2184649626593504,0.0,50.1905683290398,50.1905683290398,0.0,,,,,5.463817802160631,5.463817802160631,1.01,1.01,0.0,0.0,0.0,0,,,,GEFCOM14P,GBDT,L3,ladder
rho=0.00,6.2184649626593504,6.2184649626593504,0.0,50.1905683290398,50.1905683290398,0.0,,,,,5.463817802160631,5.463817802160631,1.01,1.01,0.0,0.0,0.0,0,,,,GEFCOM14P,GBDT,L3,rho
rho=0.10,6.2184649626593504,6.2184649626593504,0.0,50.1905683290398,50.1905683290398,0.0,,,,,5.463817802160631,5.463817802160631,1.01,1.01,0.0,0.0,0.0,0,,,,GEFCOM14P,GBDT,L3,rho
rho=0.25,6.2184649626593504,6.2184649626593504,0.0,50.1905683290398,50.1905683290398,0.0,,,,,5.463817802160631,5.463817802160631,1.01,1.01,0.0,0.0,0.0,0,,,,GEFCOM14P,GBDT,L3,rho
rho=0.50,6.2184649626593504,6.2184649626593504,0.0,50.1905683290398,50.1905683290398,0.0,,,,,5.463817802160631,5.463817802160631,1.01,1.01,0.0,0.0,0.0,0,,,,GEFCOM14P,GBDT,L3,rho
rho=1.00,6.2184649626593504,6.2184649626593504,0.0,50.1905683290398,50.1905683290398,0.0,,,,,5.463817802160631,5.463817802160631,1.01,1.01,0.0,0.0,0.0,0,,,,GEFCOM14P,GBDT,L3,rho
alpha=0.05,6.2184649626593504,6.2184649626593504,0.0,50.1905683290398,50.1905683290398,0.0,,,,,5.463817802160631,5.463817802160631,1.01,1.01,0.0,0.0,0.0,0,,,,GEFCOM14P,GBDT,L3,alpha
alpha=0.10,6.2184649626593504,6.2184649626593504,0.0,50.1905683290398,50.1905683290398,0.0,,,,,5.463817802160631,5.463817802160631,1.01,1.01,0.0,0.0,0.0,0,,,,GEFCOM14P,GBDT,L3,alpha
alpha=0.20,6.2184649626593504,6.2184649626593504,0.0,50.1905683290398,50.1905683290398,0.0,,,,,5.463817802160631,5.463817802160631,1.01,1.01,0.0,0.0,0.0,0,,,,GEFCOM14P,GBDT,L3,alpha
no-SCARR (lambda=1),6.2184649626593504,6.2184649626593504,0.0,50.1905683290398,50.1905683290398,0.0,,,,,5.463817802160631,5.463817802160631,1.01,1.01,0.0,0.0,0.0,0,,,,GEFCOM14P,GBDT,L3,safety
