Timestamp,HB_BUSAVG,HB_HOUSTON,HB_HUBAVG,HB_NORTH,HB_SOUTH,HB_WEST,LZ_AEN,LZ_CPS,LZ_HOUSTON,LZ_LCRA,LZ_NORTH,LZ_RAYBN,LZ_SOUTH,LZ_WEST
2010-12-01 00:00:00,34.7,35.33,34.64,34.41,36.14,32.7,35.72,36.48,35.36,36.04,34.38,34.35,36.69,31.91
2010-12-01 01:00:00,30.3,30.45,30.07,30.51,30.4,28.94,30.41,30.38,30.45,30.38,30.5,30.51,30.38,28.91
2010-12-01 02:00:00,29.2,29.36,28.96,29.43,29.3,27.75,29.31,29.29,29.35,29.28,29.41,29.42,29.28,27.72
2010-12-01 03:00:00,29.25,29.41,28.99,29.48,29.35,27.71,29.36,29.34,29.41,29.33,29.46,29.48,29.33,27.68
2010-12-01 04:00:00,30.65,30.72,30.53,30.75,30.69,29.94,30.7,30.69,30.72,30.68,30.74,30.75,30.68,29.91
2010-12-01 05:00:00,34.89,35.28,34.62,35.0,35.54,32.64,35.39,35.65,35.29,35.47,34.97,34.98,35.71,32.32
2010-12-01 06:00:00,44.65,44.72,44.67,44.56,44.9,44.51,44.85,44.96,44.74,44.9,44.82,45.78,44.99,44.36
2010-12-01 07:00:00,45.7,45.65,45.7,45.7,45.68,45.79,45.68,45.68,45.65,45.68,45.83,46.31,45.67,45.76
2010-12-01 08:00:00,41.14,41.01,41.11,41.21,40.95,41.29,43.07,41.09,41.0,41.99,41.32,41.72,40.7,41.27
2010-12-01 09:00:00,36.65,36.48,36.6,36.78,36.36,36.77,38.19,36.56,36.46,37.98,36.79,36.77,35.52,36.74
2010-12-01 10:00:00,35.7,35.58,35.67,35.79,35.49,35.79,37.15,35.65,35.57,36.69,35.8,35.79,34.98,35.79
2010-12-01 11:00:00,32.98,32.96,32.97,33.0,32.92,33.01,34.41,32.98,32.96,33.33,33.0,33.0,33.01,33.01
2010-12-01 12:00:00,32.37,32.41,32.36,32.36,32.45,32.22,33.66,32.53,32.42,32.79,32.36,32.35,32.58,32.15
2010-12-01 13:00:00,31.22,31.24,31.21,31.21,31.25,31.14,32.14,31.3,31.24,31.5,31.21,31.21,31.33,31.1
2010-12-01 14:00:00,30.4,30.46,30.38,30.37,30.53,30.17,31.58,30.62,30.47,30.83,30.37,30.36,30.67,30.08
2010-12-01 15:00:00,30.15,30.24,30.14,30.11,30.34,29.87,31.03,30.42,30.25,30.53,30.11,30.11,30.46,29.76
2010-12-01 16:00:00,31.47,31.46,31.47,31.48,31.45,31.48,32.09,31.47,31.46,31.63,31.48,31.48,31.49,31.47
2010-12-01 17:00:00,33.97,33.97,33.97,33.98,33.96,33.98,34.34,33.97,33.97,34.06,33.98,33.98,33.98,33.97
2010-12-01 18:00:00,40.0,39.99,40.0,40.0,39.98,40.0,40.24,39.99,39.99,40.06,40.0,40.0,40.0,40.0
2010-12-01 19:00:00,38.1,39.48,38.01,38.63,35.52,38.41,36.47,35.59,39.9,36.16,38.6,38.67,35.32,38.34
2010-12-01 20:00:00,36.08,36.68,36.04,36.32,34.94,36.23,35.62,34.98,36.87,35.29,36.31,36.34,34.86,36.2
2010-12-01 21:00:00,34.89,37.17,34.74,35.57,31.58,34.64,32.51,31.78,37.86,32.38,35.51,35.62,31.45,34.29
2010-12-01 22:00:00,31.29,32.09,31.07,31.11,32.96,28.11,32.51,33.32,32.13,32.8,31.06,31.04,33.59,27.3
2010-12-01 23:00:00,31.84,32.09,31.46,32.2,32.0,29.55,32.02,31.98,32.08,31.97,32.17,32.19,31.97,29.56
2010-12-02 00:00:00,27.53,28.11,27.19,27.8,28.06,24.8,28.33,28.04,28.17,28.33,27.92,27.72,27.93,24.13
2010-12-02 01:00:00,26.36,26.85,26.07,26.6,26.77,24.05,27.02,26.75,26.89,27.01,26.7,26.53,26.66,23.5
2010-12-02 02:00:00,26.43,26.76,26.25,26.59,26.65,25.01,26.81,26.64,26.81,26.8,26.65,26.55,26.57,24.63
2010-12-02 03:00:00,26.78,26.97,26.7,26.85,26.83,26.16,26.92,26.83,27.04,26.91,26.88,26.83,26.8,25.92
2010-12-02 04:00:00,27.59,27.71,27.57,27.62,27.56,27.38,27.61,27.56,27.78,27.6,27.64,27.62,27.54,27.23
2010-12-02 05:00:00,30.17,30.23,30.16,30.19,30.05,30.18,30.11,30.06,30.27,30.1,30.19,30.19,29.95,30.08
2010-12-02 06:00:00,39.64,39.65,39.64,39.64,39.64,39.64,39.74,39.65,39.7,39.67,39.64,39.64,39.64,39.64
2010-12-02 07:00:00,45.54,45.55,45.54,45.53,45.54,45.54,45.62,45.54,45.59,45.56,45.54,45.53,45.42,45.54
2010-12-02 08:00:00,39.26,39.27,39.26,39.26,39.26,39.26,39.36,39.26,39.32,39.3,39.26,39.26,39.08,39.26
2010-12-02 09:00:00,34.88,34.88,34.88,34.87,34.88,34.88,34.96,34.88,34.93,34.9,34.87,34.87,34.54,34.88
2010-12-02 10:00:00,32.53,32.54,32.53,32.53,32.53,32.53,32.72,32.53,32.58,32.58,32.53,32.53,32.28,32.53
2010-12-02 11:00:00,31.74,31.75,31.74,31.74,31.74,31.74,31.94,31.75,31.8,31.79,31.74,31.74,31.52,31.75
2010-12-02 12:00:00,30.89,30.9,30.9,30.89,30.89,30.9,31.09,30.9,30.95,30.94,30.89,30.89,30.71,30.9
2010-12-02 13:00:00,29.27,29.28,29.27,29.27,29.28,29.27,29.41,29.29,29.32,29.29,29.27,29.27,29.15,29.27
2010-12-02 14:00:00,29.79,29.8,29.79,29.79,29.79,29.79,29.94,29.8,29.84,29.81,29.79,29.79,29.64,29.79
2010-12-02 15:00:00,28.94,28.94,28.94,28.93,28.94,28.94,29.08,28.95,28.99,28.96,28.93,28.93,28.82,28.94
2010-12-02 16:00:00,29.53,29.54,29.53,29.53,29.53,29.53,29.67,29.54,29.58,29.57,29.53,29.53,29.4,29.53
2010-12-02 17:00:00,34.54,34.54,34.54,34.54,34.54,34.54,34.64,34.54,34.59,34.56,34.54,34.54,34.19,34.54
2010-12-02 18:00:00,40.28,40.28,40.28,40.28,40.28,40.28,40.36,40.28,40.28,40.3,40.28,40.28,39.68,40.28
2010-12-02 19:00:00,40.01,40.31,40.04,40.0,39.87,39.99,39.92,39.87,40.36,39.9,40.0,40.0,39.26,39.99
2010-12-02 20:00:00,36.6,36.89,36.62,36.58,36.45,36.57,36.5,36.45,36.94,36.48,36.58,36.58,36.0,36.57
2010-12-02 21:00:00,33.62,35.92,33.83,33.5,32.48,33.43,32.73,32.49,36.34,32.69,33.49,33.52,32.11,33.41
2010-12-02 22:00:00,30.29,30.4,30.31,30.27,30.21,30.36,30.25,30.21,30.43,30.23,30.27,30.27,30.04,30.21
2010-12-02 23:00:00,30.45,30.5,30.45,30.47,30.32,30.51,30.37,30.32,30.54,30.35,30.47,30.47,30.31,30.38
2010-12-03 00:00:00,24.67,24.76,24.55,24.8,24.73,23.93,24.73,24.72,24.76,24.72,24.79,24.8,24.71,24.17
2010-12-03 01:00:00,22.0,22.09,21.88,22.13,22.06,21.25,22.06,22.05,22.09,22.05,22.12,22.13,22.05,21.5
2010-12-03 02:00:00,21.42,21.51,21.3,21.55,21.48,20.67,21.49,21.47,21.51,21.47,21.54,21.55,21.47,20.92
2010-12-03 03:00:00,22.43,22.52,22.31,22.56,22.49,21.68,22.49,22.48,22.52,22.48,22.55,22.55,22.48,21.93
2010-12-03 04:00:00,23.57,23.66,23.45,23.7,23.63,22.82,23.63,23.62,23.66,23.62,23.69,23.7,23.62,23.07
2010-12-03 05:00:00,27.05,27.08,27.0,27.1,27.07,26.74,27.07,27.07,27.08,27.07,27.09,27.1,27.07,27.04
2010-12-03 06:00:00,36.67,36.68,36.67,36.67,36.69,36.64,36.71,36.69,36.71,36.68,36.67,36.67,36.44,37.21
2010-12-03 07:00:00,38.45,38.45,38.45,38.44,38.49,38.42,38.61,38.5,38.49,38.59,38.44,38.44,38.18,38.88
2010-12-03 08:00:00,38.0,38.0,38.0,38.0,38.01,37.98,38.06,38.02,38.03,38.01,41.0,38.0,37.68,38.36
2010-12-03 09:00:00,33.98,33.97,33.97,33.97,33.99,33.96,34.06,34.0,34.0,33.98,34.98,33.97,33.75,34.29
2010-12-03 10:00:00,31.18,31.31,31.19,31.08,31.53,30.83,31.7,31.59,31.35,31.79,31.07,31.07,31.63,31.08
2010-12-03 11:00:00,30.71,30.71,30.71,30.71,30.72,30.7,30.89,30.73,30.74,30.73,30.71,30.71,30.75,31.01
2010-12-03 12:00:00,29.83,29.86,29.83,29.79,29.93,29.75,30.13,29.95,29.89,29.96,29.79,29.79,29.96,30.04
2010-12-03 13:00:00,28.82,28.94,28.87,28.68,29.18,28.69,29.8,29.21,28.98,30.09,28.65,28.68,29.2,28.98
2010-12-03 14:00:00,28.55,28.69,28.59,28.4,28.96,28.29,29.45,29.01,28.73,29.73,28.38,28.4,29.02,28.55
2010-12-03 15:00:00,28.41,28.61,28.48,28.17,29.02,28.14,29.95,29.08,28.65,30.41,28.13,28.18,29.06,28.42
2010-12-03 16:00:00,29.6,29.69,29.64,29.48,29.89,29.49,30.38,29.91,29.73,30.62,29.46,29.49,29.92,29.85
2010-12-03 17:00:00,32.87,33.02,32.87,32.78,33.23,32.44,33.31,33.3,33.07,33.25,32.78,32.77,33.4,32.69
2010-12-03 18:00:00,37.93,37.93,37.93,37.91,37.98,37.89,38.09,37.98,37.94,38.07,37.91,37.91,38.02,38.27
2010-12-03 19:00:00,37.26,37.72,36.88,37.64,37.54,34.63,37.76,37.53,37.74,37.78,37.59,37.63,37.53,34.85
2010-12-03 20:00:00,31.05,31.89,30.63,31.3,32.1,27.22,31.94,32.29,31.93,31.99,31.24,31.26,32.43,27.14
2010-12-03 21:00:00,28.68,29.46,28.08,29.23,29.36,24.26,29.35,29.43,29.49,29.28,29.18,29.2,29.48,24.36
2010-12-03 22:00:00,29.25,29.94,28.5,30.06,29.59,24.4,29.63,29.54,29.96,29.54,30.0,30.04,29.51,24.65
2010-12-03 23:00:00,27.82,28.49,27.11,28.59,28.15,23.21,28.19,28.1,28.51,28.1,28.54,28.58,28.07,23.46
2010-12-04 00:00:00,21.54,22.09,20.8,22.31,21.91,16.89,21.93,21.85,22.08,21.83,22.26,22.3,21.83,16.69
2010-12-04 01:00:00,21.31,21.82,20.62,22.02,21.64,17.02,21.66,21.59,21.81,21.57,21.97,22.01,21.56,16.73
2010-12-04 02:00:00,21.26,21.59,20.81,21.73,21.46,18.46,21.47,21.43,21.59,21.41,21.68,21.72,21.41,18.18
2010-12-04 03:00:00,21.02,21.3,20.65,21.41,21.19,18.69,21.2,21.16,21.3,21.15,21.38,21.41,21.15,18.46
2010-12-04 04:00:00,21.73,21.93,21.46,22.01,21.85,20.05,21.85,21.83,21.93,21.82,21.98,22.0,21.82,20.01
2010-12-04 05:00:00,22.12,22.24,21.96,22.29,22.19,21.11,22.19,22.17,22.25,22.17,22.28,22.29,22.17,21.19
2010-12-04 06:00:00,22.02,22.1,21.91,22.14,22.08,21.31,22.08,22.07,22.11,22.06,22.13,22.13,22.01,21.67
2010-12-04 07:00:00,25.83,25.93,25.71,25.96,25.9,25.03,25.91,25.9,25.93,25.89,25.96,25.95,25.83,25.26
2010-12-04 08:00:00,29.89,29.98,29.8,29.99,29.96,29.25,29.96,29.96,29.98,29.95,30.0,29.99,29.8,30.01
2010-12-04 09:00:00,30.39,30.5,30.26,30.53,30.48,29.52,30.48,30.47,30.51,30.47,30.53,30.52,30.29,30.59
2010-12-04 10:00:00,30.24,30.33,30.11,30.36,30.31,29.43,30.31,30.3,30.34,30.29,30.36,30.36,30.14,30.41
2010-12-04 11:00:00,29.98,30.07,29.86,30.1,30.04,29.21,30.04,30.03,30.07,30.03,30.09,30.1,29.92,29.63
2010-12-04 12:00:00,29.33,29.36,29.29,29.37,29.35,29.1,29.35,29.35,29.36,29.35,29.36,29.37,29.3,29.52
2010-12-04 13:00:00,28.55,28.57,28.51,28.58,28.57,28.33,28.57,28.56,28.58,28.56,28.58,28.58,28.49,28.68
2010-12-04 14:00:00,27.88,27.89,27.86,27.89,27.89,27.78,27.89,27.88,27.89,27.88,27.89,27.89,27.83,28.2
2010-12-04 15:00:00,28.39,28.41,28.37,28.41,28.41,28.26,28.41,28.41,28.41,28.41,28.41,28.41,28.26,28.59
2010-12-04 16:00:00,28.47,28.52,28.46,28.46,28.57,28.31,28.65,28.59,28.53,28.59,28.46,28.46,28.44,28.72
2010-12-04 17:00:00,32.35,32.37,32.33,32.37,32.37,32.2,32.36,32.36,32.37,32.36,32.37,32.37,32.26,32.55
2010-12-04 18:00:00,38.08,38.1,38.04,38.11,38.1,37.87,38.1,38.1,38.11,38.09,38.1,38.11,37.98,38.34
2010-12-04 19:00:00,35.32,35.38,35.29,35.36,35.31,35.09,35.32,35.31,35.39,35.31,35.36,35.36,35.24,35.62
2010-12-04 20:00:00,31.38,31.43,31.35,31.42,31.37,31.17,31.38,31.37,31.45,31.37,31.42,31.42,31.34,31.61
2010-12-04 21:00:00,30.88,31.1,30.76,31.03,30.79,30.13,30.83,30.79,31.17,30.81,31.02,31.03,30.73,30.48
2010-12-04 22:00:00,29.34,29.46,29.22,29.48,29.4,28.53,29.41,29.39,29.46,29.39,29.47,29.48,29.39,29.11
2010-12-04 23:00:00,29.86,29.98,29.73,30.0,29.89,29.05,29.9,29.88,30.0,29.88,29.98,29.99,29.88,29.66
2010-12-05 00:00:00,23.89,24.0,23.74,24.05,23.96,22.95,23.97,23.95,24.0,23.95,24.03,24.04,23.95,22.9
2010-12-05 01:00:00,23.83,23.93,23.69,23.97,23.89,22.97,23.9,23.88,23.93,23.88,23.96,23.97,23.88,22.92
2010-12-05 02:00:00,23.77,23.87,23.64,23.92,23.84,22.92,23.84,23.83,23.87,23.83,23.91,23.92,23.83,22.88
2010-12-05 03:00:00,23.9,24.0,23.76,24.04,23.96,23.04,23.97,23.95,23.99,23.95,24.03,24.04,23.95,23.14
2010-12-05 04:00:00,23.9,24.0,23.77,24.04,23.97,23.08,23.97,23.96,24.0,23.96,24.03,24.03,23.96,24.08
2010-12-05 05:00:00,25.9,26.0,25.78,26.04,25.97,25.08,25.98,25.97,26.0,25.96,26.03,26.04,25.96,26.09
2010-12-05 06:00:00,29.26,29.27,29.25,29.27,29.27,29.21,29.27,29.27,29.27,29.27,29.27,29.27,29.23,30.31
2010-12-05 07:00:00,30.92,30.92,30.91,30.92,30.92,30.88,30.92,30.92,30.92,30.92,30.92,30.92,30.74,31.77
2010-12-05 08:00:00,31.1,31.1,31.09,31.1,31.1,31.07,31.1,31.11,31.1,31.11,31.1,31.1,30.95,32.07
2010-12-05 09:00:00,32.25,32.26,32.23,32.26,32.27,32.12,32.27,32.27,32.27,32.27,32.26,32.26,32.11,34.67
2010-12-05 10:00:00,31.98,32.0,31.96,32.0,32.01,31.84,32.0,32.01,32.0,32.0,32.0,32.0,31.88,34.36
2010-12-05 11:00:00,31.15,31.15,31.14,31.15,31.16,31.1,31.16,31.16,31.16,31.16,31.15,31.15,31.08,32.11
2010-12-05 12:00:00,30.26,30.27,30.25,30.27,30.28,30.16,30.28,30.28,30.27,30.28,30.27,30.27,30.26,31.99
2010-12-05 13:00:00,28.91,28.92,28.9,28.92,28.93,28.82,28.93,28.93,28.92,28.93,28.92,28.92,28.91,30.49
2010-12-05 14:00:00,27.94,27.95,27.92,27.95,27.96,27.83,27.95,27.96,27.95,27.96,27.95,27.95,27.95,29.76
2010-12-05 15:00:00,28.07,28.08,28.05,28.08,28.09,27.97,28.08,28.09,28.08,28.08,28.08,28.08,28.08,29.79
2010-12-05 16:00:00,28.81,28.83,28.8,28.82,28.83,28.73,28.83,28.83,28.83,28.83,28.82,28.82,28.81,29.73
2010-12-05 17:00:00,33.86,33.87,33.84,33.87,33.88,33.73,33.88,33.88,33.88,33.88,33.87,33.87,33.86,36.14
2010-12-05 18:00:00,41.88,41.9,41.86,41.9,41.9,41.75,41.91,41.92,41.9,41.91,41.9,41.9,40.88,44.19
2010-12-05 19:00:00,40.31,40.35,40.27,40.35,40.33,40.03,40.34,40.34,40.36,40.34,40.35,40.35,39.45,42.42
2010-12-05 20:00:00,36.82,36.85,36.79,36.85,36.82,36.63,36.83,36.83,36.85,36.83,36.85,36.85,36.28,37.4
2010-12-05 21:00:00,32.94,32.97,32.91,32.97,32.95,32.75,32.95,32.95,32.98,32.95,32.97,32.97,32.65,33.55
2010-12-05 22:00:00,31.96,32.06,31.82,32.1,32.03,31.1,32.03,32.02,32.06,32.02,32.09,32.1,31.86,32.11
2010-12-05 23:00:00,32.1,32.2,31.97,32.24,32.17,31.27,32.18,32.17,32.2,32.16,32.23,32.23,31.99,32.46
2010-12-06 00:00:00,26.01,26.01,26.0,26.01,26.02,25.97,26.02,26.02,26.02,26.02,26.01,26.01,26.02,26.99
2010-12-06 01:00:00,25.93,25.94,25.93,25.94,25.95,25.87,25.95,25.95,25.94,25.95,25.94,25.94,25.95,27.31
2010-12-06 02:00:00,25.24,25.25,25.23,25.25,25.25,25.17,25.25,25.25,25.25,25.25,25.25,25.24,25.25,26.75
2010-12-06 03:00:00,25.69,25.7,25.68,25.7,25.7,25.62,25.7,25.7,25.7,25.7,25.7,25.7,25.7,27.08
2010-12-06 04:00:00,27.02,27.03,27.01,27.03,27.04,26.95,27.04,27.04,27.04,27.04,27.03,27.03,27.04,28.48
2010-12-06 05:00:00,38.39,38.41,38.38,38.41,38.41,38.3,38.41,38.41,38.41,38.41,38.41,38.41,38.05,40.3
2010-12-06 06:00:00,50.01,50.01,50.0,50.01,50.02,49.95,50.02,50.03,50.01,50.02,50.01,50.01,49.14,51.5
2010-12-06 07:00:00,51.02,51.04,50.99,51.04,51.06,50.81,51.06,51.07,51.05,51.06,51.04,51.04,50.15,54.78
2010-12-06 08:00:00,45.96,45.98,45.94,45.99,46.01,45.76,46.0,46.01,45.99,46.0,45.99,45.99,45.29,49.61
2010-12-06 09:00:00,39.53,39.55,39.5,39.56,39.58,39.32,39.57,39.58,39.56,39.57,39.56,39.55,39.05,43.17
2010-12-06 10:00:00,35.98,36.0,35.95,36.0,36.01,35.8,36.01,36.02,36.0,36.01,36.0,36.0,35.39,39.11
2010-12-06 11:00:00,32.98,33.0,32.96,33.0,33.0,32.84,33.01,33.02,33.01,33.01,33.0,33.0,32.39,35.5
2010-12-06 12:00:00,31.07,31.09,31.05,31.09,31.1,30.93,31.09,31.1,31.09,31.1,31.09,31.09,30.93,33.46
2010-12-06 13:00:00,28.74,28.75,28.72,28.75,28.76,28.62,28.76,28.76,28.76,28.76,28.75,28.75,28.67,30.71
2010-12-06 14:00:00,28.66,28.68,28.65,28.68,28.69,28.55,28.68,28.69,28.68,28.68,28.68,28.68,28.59,30.67
2010-12-06 15:00:00,28.34,28.36,28.33,28.36,28.37,28.23,28.36,28.37,28.36,28.36,28.36,28.36,28.28,30.24
2010-12-06 16:00:00,29.65,29.66,29.64,29.66,29.67,29.58,29.67,29.67,29.66,29.67,29.66,29.66,29.55,30.89
2010-12-06 17:00:00,36.49,36.5,36.48,36.51,36.5,36.41,36.53,36.51,36.5,36.55,36.51,36.51,36.17,37.95
2010-12-06 18:00:00,44.76,44.76,44.75,44.76,44.77,44.68,44.77,44.77,44.77,44.77,44.76,44.76,44.43,46.13
2010-12-06 19:00:00,43.98,44.0,43.97,43.99,43.98,43.9,43.98,43.98,44.0,43.98,43.99,43.99,43.58,45.25
2010-12-06 20:00:00,39.73,39.75,39.72,39.74,39.73,39.66,39.73,39.73,39.75,39.73,39.74,39.74,39.64,40.92
2010-12-06 21:00:00,35.96,35.98,35.95,35.97,35.95,35.89,35.96,35.95,35.98,35.96,35.97,35.97,35.87,37.18
2010-12-06 22:00:00,32.3,32.4,32.17,32.43,32.37,31.46,32.38,32.37,32.4,32.36,32.42,32.43,32.32,32.77
2010-12-06 23:00:00,32.17,32.28,32.02,32.31,32.22,31.28,32.23,32.22,32.28,32.22,32.3,32.31,32.15,32.07
2010-12-07 00:00:00,27.89,28.0,27.73,28.05,27.97,26.91,27.98,27.96,28.0,27.96,28.04,28.05,27.96,28.1
2010-12-07 01:00:00,26.29,26.41,26.11,26.46,26.38,25.2,26.38,26.37,26.41,26.36,26.45,26.46,26.36,26.65
2010-12-07 02:00:00,26.92,27.02,26.78,27.06,27.0,26.04,27.0,26.99,27.02,26.98,27.05,27.06,26.98,27.53
2010-12-07 03:00:00,27.33,27.44,27.19,27.48,27.41,26.42,27.42,27.41,27.44,27.4,27.46,27.47,27.4,28.42
2010-12-07 04:00:00,29.49,29.6,29.36,29.63,29.56,28.63,29.56,29.55,29.6,29.54,29.62,29.63,29.53,29.09
2010-12-07 05:00:00,35.78,35.89,35.65,35.92,35.84,34.92,35.85,35.84,35.9,35.83,35.91,35.92,35.74,36.14
2010-12-07 06:00:00,52.46,52.51,52.29,52.7,52.29,51.64,52.72,56.98,52.5,53.2,52.69,52.7,51.25,53.22
2010-12-07 07:00:00,53.82,53.91,53.68,53.99,53.81,52.99,54.06,55.2,53.92,54.07,53.97,53.98,52.14,54.45
2010-12-07 08:00:00,43.65,43.73,43.54,43.76,43.7,42.97,43.72,43.71,43.74,43.7,43.75,43.76,42.76,44.33
2010-12-07 09:00:00,39.49,39.53,39.43,39.55,39.54,39.09,39.54,39.54,39.54,39.53,39.54,39.55,38.91,41.81
2010-12-07 10:00:00,35.54,35.58,35.5,35.58,35.59,35.24,35.58,35.58,35.59,35.58,35.58,35.58,35.23,37.94
2010-12-07 11:00:00,32.76,32.79,32.72,32.79,32.8,32.48,32.79,32.8,32.8,32.79,32.79,32.79,32.53,35.13
2010-12-07 12:00:00,29.55,29.58,29.52,29.58,29.58,29.33,29.58,29.58,29.58,29.57,29.58,29.58,29.45,30.85
2010-12-07 13:00:00,28.08,28.11,28.05,28.12,28.11,27.86,28.11,28.11,28.12,28.11,28.11,28.11,27.99,29.25
2010-12-07 14:00:00,27.36,27.39,27.33,27.39,27.39,27.14,27.38,27.38,27.39,27.38,27.39,27.39,27.27,28.43
2010-12-07 15:00:00,26.97,26.99,26.93,27.0,26.99,26.73,26.99,26.99,27.0,26.99,27.0,27.0,26.87,28.02
2010-12-07 16:00:00,28.77,28.8,28.74,28.8,28.8,28.55,28.8,28.8,28.8,28.79,28.8,28.8,28.64,29.65
2010-12-07 17:00:00,37.97,37.99,37.94,38.0,37.99,37.75,38.0,38.0,38.0,37.99,38.0,38.0,37.32,38.52
2010-12-07 18:00:00,42.3,42.47,42.06,42.54,42.43,40.78,42.43,42.41,42.47,42.4,42.52,42.54,41.64,42.17
2010-12-07 19:00:00,39.86,40.6,39.54,40.34,39.17,38.03,39.43,39.19,40.74,39.34,40.3,40.35,38.47,39.7
2010-12-07 20:00:00,37.54,38.03,37.28,37.89,37.15,36.02,37.31,37.16,38.12,37.25,37.87,37.9,36.59,37.51
2010-12-07 21:00:00,34.26,34.46,34.04,34.5,34.31,32.91,34.33,34.3,34.47,34.3,34.48,34.5,34.08,34.17
2010-12-07 22:00:00,33.88,34.07,33.64,34.14,34.01,32.33,34.01,33.99,34.07,33.98,34.12,34.14,33.84,33.54
2010-12-07 23:00:00,33.8,33.93,33.63,33.98,33.88,32.71,33.89,33.87,33.94,33.86,33.96,33.98,33.77,33.87
2010-12-08 00:00:00,26.56,26.62,26.49,26.63,26.59,26.11,26.59,26.58,26.63,26.58,26.62,26.62,26.51,28.11
2010-12-08 01:00:00,25.73,25.78,25.69,25.78,25.75,25.45,25.75,25.75,25.79,25.75,25.77,25.78,25.68,27.45
2010-12-08 02:00:00,26.11,26.14,26.1,26.13,26.12,26.0,26.12,26.12,26.15,26.12,26.13,26.13,26.04,28.0
2010-12-08 03:00:00,26.89,26.92,26.88,26.9,26.9,26.8,26.9,26.9,26.93,26.9,26.9,26.9,26.83,28.8
2010-12-08 04:00:00,28.74,28.76,28.72,28.75,28.74,28.64,28.74,28.74,28.77,28.74,28.75,28.75,28.66,30.65
2010-12-08 05:00:00,32.88,32.99,32.86,32.92,32.74,32.8,32.78,32.95,33.04,32.78,32.92,32.93,32.42,34.81
2010-12-08 06:00:00,48.42,48.43,48.41,48.43,48.43,48.35,48.43,48.68,48.43,48.43,48.43,48.43,47.92,50.35
2010-12-08 07:00:00,52.25,51.29,51.94,53.1,50.29,53.07,55.2,53.52,51.48,56.75,53.12,53.07,52.43,55.48
2010-12-08 08:00:00,43.07,42.49,42.85,43.63,41.88,43.38,44.88,43.73,42.61,45.89,43.65,43.61,42.99,49.82
2010-12-08 09:00:00,38.25,37.84,38.11,38.63,37.39,38.56,39.5,38.66,37.92,40.11,38.64,38.62,38.07,41.13
2010-12-08 10:00:00,34.92,34.67,34.83,35.15,34.42,35.05,35.7,35.19,34.73,36.08,35.15,35.14,34.71,38.07
2010-12-08 11:00:00,32.45,32.29,32.37,32.63,32.13,32.42,33.04,32.68,32.33,33.32,32.64,32.62,32.31,36.88
2010-12-08 12:00:00,30.01,29.94,29.97,30.09,29.86,29.98,30.27,30.11,29.96,30.39,30.09,30.09,29.89,33.11
2010-12-08 13:00:00,30.08,29.99,30.02,30.2,29.9,29.99,30.47,30.24,30.02,30.64,30.21,30.2,30.0,34.35
2010-12-08 14:00:00,29.11,29.07,29.07,29.17,29.03,28.99,29.29,29.19,29.09,29.37,29.17,29.17,28.97,32.45
2010-12-08 15:00:00,29.06,29.01,29.03,29.11,28.96,29.02,29.22,29.12,29.03,29.3,29.11,29.11,28.91,31.02
2010-12-08 16:00:00,30.81,30.68,30.78,30.86,30.8,30.79,31.13,30.94,30.67,30.93,30.86,30.85,30.66,32.79
2010-12-08 17:00:00,41.2,41.19,41.18,41.2,41.21,41.12,41.24,41.24,41.2,41.21,41.2,41.2,40.64,43.13
2010-12-08 18:00:00,45.8,45.98,45.58,46.01,45.98,44.34,45.95,46.21,46.09,45.95,46.0,46.01,45.68,52.34
2010-12-08 19:00:00,41.61,42.29,41.25,42.11,41.14,39.44,41.33,41.39,42.41,41.25,42.07,42.12,40.87,41.37
2010-12-08 20:00:00,37.57,38.19,37.01,38.2,37.45,34.2,37.57,37.7,38.26,37.49,38.15,38.2,37.22,35.59
2010-12-08 21:00:00,36.04,36.68,35.34,36.78,36.12,31.78,36.2,36.35,36.73,36.12,36.72,36.78,35.91,33.62
2010-12-08 22:00:00,30.99,31.82,30.05,32.01,31.2,25.15,31.29,31.4,31.87,31.17,31.92,32.0,31.14,27.16
2010-12-08 23:00:00,33.67,34.57,32.71,34.69,33.92,27.68,34.01,33.86,34.69,33.87,34.6,34.67,33.8,29.68
2010-12-09 00:00:00,25.5,26.85,23.58,27.47,26.4,13.61,26.47,26.27,26.84,26.21,27.29,27.43,26.19,15.32
2010-12-09 01:00:00,24.32,25.68,22.41,26.29,25.23,12.43,25.3,25.09,25.66,25.03,26.11,26.26,25.02,14.2
2010-12-09 02:00:00,24.52,25.87,22.6,26.49,25.43,12.63,25.49,25.29,25.86,25.23,26.31,26.45,25.21,14.44
2010-12-09 03:00:00,24.82,26.18,22.91,26.79,25.73,12.93,25.8,25.6,26.16,25.53,26.62,26.76,25.53,14.72
2010-12-09 04:00:00,26.95,28.3,25.03,28.92,27.85,15.06,27.92,27.72,28.29,27.66,28.74,28.89,27.65,16.75
2010-12-09 05:00:00,31.63,32.98,29.72,33.59,32.53,19.78,32.59,32.66,32.96,32.34,33.41,33.56,32.23,21.61
2010-12-09 06:00:00,47.97,48.96,46.59,49.38,48.63,39.38,48.99,49.13,48.95,48.43,49.25,49.36,48.25,41.01
2010-12-09 07:00:00,49.58,50.46,48.36,50.85,50.13,42.0,51.18,50.63,50.45,50.02,50.73,50.82,49.97,44.15
2010-12-09 08:00:00,39.77,40.54,38.6,41.0,40.18,32.69,41.75,40.33,40.53,41.58,40.9,40.98,39.93,34.36
2010-12-09 09:00:00,32.68,33.43,31.55,33.87,33.05,25.86,34.69,32.96,33.42,33.19,33.77,33.85,32.89,26.87
2010-12-09 10:00:00,30.87,31.54,29.9,31.9,31.24,24.89,32.13,31.17,31.54,31.29,31.81,31.88,31.06,25.17
2010-12-09 11:00:00,30.85,31.43,30.02,31.72,31.17,25.74,32.04,31.11,31.42,31.26,31.65,31.7,31.01,26.1
2010-12-09 12:00:00,28.48,29.12,27.67,29.33,28.75,23.49,29.63,28.69,29.12,28.81,29.26,29.31,28.6,24.49
2010-12-09 13:00:00,27.62,28.31,27.01,28.27,27.72,23.72,28.61,27.69,28.33,27.85,28.21,28.26,27.59,24.72
2010-12-09 14:00:00,27.37,27.79,26.86,27.9,27.49,24.24,28.35,27.45,27.79,27.59,27.86,27.89,27.37,25.09
2010-12-09 15:00:00,27.2,27.49,26.78,27.66,27.31,24.65,28.27,27.27,27.49,27.41,27.62,27.65,27.2,25.24
2010-12-09 16:00:00,30.89,31.3,30.67,31.0,31.55,28.81,32.21,31.72,31.32,31.73,30.97,30.97,31.64,29.37
2010-12-09 17:00:00,37.45,37.82,37.16,37.69,37.88,35.23,39.11,37.95,37.83,38.04,37.66,37.66,37.85,36.02
2010-12-09 18:00:00,48.1,48.65,47.74,48.47,48.22,45.62,49.01,48.24,48.68,48.33,48.43,48.46,47.89,46.47
2010-12-09 19:00:00,37.05,37.57,36.59,37.56,37.06,34.15,38.09,37.16,37.59,37.15,37.52,37.55,36.93,35.4
2010-12-09 20:00:00,35.66,36.27,35.08,36.28,35.71,32.04,36.53,35.86,36.29,35.79,36.23,36.28,35.53,33.35
2010-12-09 21:00:00,34.1,34.75,33.48,34.78,34.17,30.21,35.01,34.31,34.77,34.25,34.72,34.77,33.99,31.67
2010-12-09 22:00:00,33.35,33.77,32.78,33.96,33.43,29.97,34.27,33.57,33.8,33.51,33.91,33.95,33.45,31.29
2010-12-09 23:00:00,32.0,32.38,31.43,32.6,32.18,28.57,33.03,32.14,32.38,32.23,32.55,32.59,32.18,29.93
2010-12-10 00:00:00,24.74,25.17,24.42,25.13,24.6,22.79,25.1,24.98,25.32,24.68,25.1,25.13,24.72,23.96
2010-12-10 01:00:00,22.62,23.05,22.3,23.0,22.48,20.67,22.98,22.85,23.21,22.55,22.97,23.0,22.6,22.14
2010-12-10 02:00:00,22.94,23.14,22.92,23.0,22.72,22.82,23.22,23.2,23.23,22.84,23.0,23.0,22.95,23.82
2010-12-10 03:00:00,22.94,23.15,22.94,23.0,22.65,22.95,23.15,23.11,23.32,22.76,23.0,23.01,22.83,23.96
2010-12-10 04:00:00,25.55,25.7,25.53,25.64,25.24,25.54,25.74,25.74,25.79,25.36,25.63,25.64,25.44,27.34
2010-12-10 05:00:00,31.91,32.04,31.88,32.0,31.57,31.9,32.47,32.18,32.13,31.71,32.0,32.01,31.74,33.9
2010-12-10 06:00:00,40.15,40.42,40.11,40.32,39.52,40.15,41.07,40.97,40.71,39.98,40.32,40.33,39.32,44.97
2010-12-10 07:00:00,44.58,45.0,44.56,44.74,43.84,44.65,45.07,44.76,45.49,44.19,44.74,44.76,43.65,47.47
2010-12-10 08:00:00,39.53,40.0,39.5,39.75,38.61,39.64,40.3,39.22,40.49,39.11,39.74,39.76,38.11,42.02
2010-12-10 09:00:00,37.94,38.09,37.93,38.0,37.67,37.94,38.76,38.39,38.27,38.17,38.0,38.0,37.76,40.95
2010-12-10 10:00:00,36.41,36.56,36.4,36.47,36.15,36.4,37.37,36.59,36.73,36.69,36.47,36.48,36.2,39.41
2010-12-10 11:00:00,34.84,35.0,34.83,34.9,34.58,34.83,35.69,34.99,35.16,35.08,34.9,34.91,34.61,37.91
2010-12-10 12:00:00,33.04,33.25,33.05,33.05,32.88,32.99,33.9,33.52,33.43,33.43,33.06,33.06,33.14,36.07
2010-12-10 13:00:00,31.93,32.26,32.0,31.76,32.25,31.72,32.89,33.0,32.46,32.85,31.77,31.74,32.47,34.76
2010-12-10 14:00:00,31.3,31.89,31.42,30.98,32.0,30.81,33.39,32.51,32.15,32.48,30.99,30.95,32.12,35.82
2010-12-10 15:00:00,30.34,30.86,30.47,29.99,31.05,29.95,32.42,31.56,31.08,31.52,30.01,29.97,31.18,33.03
2010-12-10 16:00:00,30.05,30.62,30.14,29.83,30.33,29.78,32.16,30.99,30.91,30.96,29.84,29.82,30.55,32.85
2010-12-10 17:00:00,37.28,37.42,37.25,37.37,36.91,37.3,38.42,37.43,37.48,37.41,37.37,37.38,37.01,40.02
2010-12-10 18:00:00,44.87,45.0,44.85,44.96,44.49,44.96,45.94,45.21,45.07,44.98,44.96,44.96,44.56,46.4
2010-12-10 19:00:00,39.8,40.0,39.79,39.87,39.55,39.71,40.52,40.06,40.08,39.88,39.86,39.87,39.62,43.53
2010-12-10 20:00:00,34.82,35.0,34.81,34.88,34.58,34.76,35.54,35.13,35.07,34.9,34.88,34.89,34.71,37.76
2010-12-10 21:00:00,32.45,32.66,32.43,32.53,32.21,32.29,33.17,32.72,32.74,32.53,32.53,32.54,32.32,35.56
2010-12-10 22:00:00,31.5,31.96,31.08,32.0,31.38,28.99,31.76,31.67,32.02,31.5,31.96,31.99,31.4,30.0
2010-12-10 23:00:00,29.25,29.7,28.78,29.77,29.22,26.44,29.58,29.43,29.76,29.31,29.73,29.77,29.26,27.45
2010-12-11 00:00:00,25.1,26.6,23.19,27.12,25.85,13.19,25.97,25.72,26.64,25.68,26.95,27.09,25.62,12.17
2010-12-11 01:00:00,20.86,22.5,18.8,23.04,21.62,8.03,21.76,21.49,22.56,21.45,22.85,23.0,21.38,6.94
2010-12-11 02:00:00,20.26,21.9,18.2,22.44,21.02,7.44,21.16,20.89,21.96,20.85,22.25,22.4,20.78,6.33
2010-12-11 03:00:00,20.27,21.91,18.21,22.45,21.03,7.45,21.18,20.9,21.98,20.86,22.26,22.42,20.8,6.33
2010-12-11 04:00:00,20.77,22.41,18.72,22.95,21.54,7.95,21.68,21.41,22.49,21.36,22.76,22.92,21.31,6.85
2010-12-11 05:00:00,24.09,25.72,22.05,26.25,24.85,11.39,24.99,24.72,25.79,24.67,26.06,26.21,24.62,10.75
2010-12-11 06:00:00,28.96,30.45,26.89,31.11,29.9,16.11,30.29,29.77,30.42,29.77,30.92,31.07,29.71,15.94
2010-12-11 07:00:00,32.07,33.57,30.01,34.23,33.0,19.23,33.51,32.87,33.53,32.9,34.04,34.19,32.82,19.28
2010-12-11 08:00:00,35.99,37.48,33.93,38.15,36.92,23.15,37.43,36.8,37.45,36.82,37.96,38.11,36.74,23.24
2010-12-11 09:00:00,35.89,37.28,33.96,37.9,36.77,23.89,37.14,36.65,37.25,36.66,37.72,37.86,36.59,24.06
2010-12-11 10:00:00,35.13,36.61,33.08,37.27,36.07,22.37,36.45,35.94,36.58,35.96,37.08,37.23,35.88,22.46
2010-12-11 11:00:00,31.55,32.99,29.54,33.65,32.49,19.03,32.87,32.37,32.97,32.38,33.46,33.61,32.28,19.32
2010-12-11 12:00:00,29.43,30.5,27.92,31.0,30.13,20.06,30.47,30.04,30.49,30.06,30.86,30.97,29.98,20.38
2010-12-11 13:00:00,28.76,29.75,27.39,30.19,29.42,20.19,29.47,29.33,29.74,29.29,30.06,30.16,29.26,20.59
2010-12-11 14:00:00,29.5,30.3,28.39,30.67,29.92,22.67,30.82,30.18,30.29,30.08,30.58,30.65,29.91,23.26
2010-12-11 15:00:00,28.64,29.12,27.94,29.4,28.81,24.4,30.4,29.16,29.11,29.21,29.35,29.39,28.93,25.2
2010-12-11 16:00:00,29.97,30.33,29.43,30.57,30.08,26.73,31.64,30.86,30.32,30.5,30.53,30.57,30.37,27.61
2010-12-11 17:00:00,37.65,37.92,37.39,38.07,37.05,36.52,39.55,37.7,37.98,37.6,38.05,38.06,37.25,37.56
2010-12-11 18:00:00,44.59,44.7,44.32,45.0,44.12,43.45,46.62,44.36,44.68,44.64,44.99,44.99,44.0,44.49
2010-12-11 19:00:00,39.64,39.73,39.4,40.0,39.22,38.65,41.72,39.54,39.72,39.76,39.99,39.99,39.27,39.67
2010-12-11 20:00:00,34.64,34.74,34.41,35.0,34.22,33.68,36.72,34.51,35.15,34.75,34.99,34.99,34.41,34.39
2010-12-11 21:00:00,33.47,33.64,33.21,33.86,33.05,32.29,35.49,33.37,33.63,33.57,33.85,33.85,33.25,33.65
2010-12-11 22:00:00,30.81,31.05,30.55,31.1,30.81,29.25,31.19,31.03,31.05,30.88,31.08,31.1,30.88,29.6
2010-12-11 23:00:00,29.8,30.0,29.63,30.0,29.76,28.74,30.07,29.9,30.01,29.84,29.99,30.0,29.8,28.73
2010-12-12 00:00:00,27.5,27.5,27.49,27.51,27.49,27.46,27.77,27.5,27.5,27.57,27.51,27.51,27.51,28.38
2010-12-12 01:00:00,26.01,26.11,25.88,26.16,26.07,25.16,26.36,26.07,26.11,26.13,26.15,26.16,26.08,26.1
2010-12-12 02:00:00,26.24,26.34,26.1,26.39,26.3,25.39,26.59,26.31,26.34,26.36,26.38,26.39,26.31,26.91
2010-12-12 03:00:00,26.7,26.79,26.56,26.84,26.76,25.84,27.05,26.76,26.79,26.82,26.83,26.84,26.77,27.84
2010-12-12 04:00:00,28.23,28.33,28.09,28.38,28.29,27.37,28.58,28.3,28.33,28.36,28.37,28.38,28.31,29.37
2010-12-12 05:00:00,31.16,31.25,31.02,31.3,31.22,30.3,31.51,31.22,31.25,31.28,31.3,31.3,31.23,32.3
2010-12-12 06:00:00,34.94,34.92,34.76,35.26,34.48,34.37,36.99,34.78,34.96,36.42,35.26,35.25,33.09,36.45
2010-12-12 07:00:00,40.73,40.65,40.58,41.03,40.14,40.48,42.65,40.49,40.73,42.33,41.04,41.02,37.63,50.48
2010-12-12 08:00:00,45.37,45.04,45.24,45.69,44.69,45.51,46.84,45.18,45.0,47.66,45.7,45.67,42.62,48.73
2010-12-12 09:00:00,44.68,44.34,44.54,45.0,43.98,44.84,46.35,44.48,44.3,47.01,45.01,44.98,41.92,47.7
2010-12-12 10:00:00,41.12,41.03,41.07,41.21,40.94,41.1,42.96,41.0,41.03,41.36,41.22,41.21,39.3,43.7
2010-12-12 11:00:00,34.44,34.32,34.34,34.63,34.15,34.25,36.58,34.3,34.31,35.27,34.64,34.63,33.15,40.68
2010-12-12 12:00:00,31.94,31.84,31.86,32.1,31.66,31.86,34.16,31.75,31.84,32.5,32.11,32.09,31.46,35.89
2010-12-12 13:00:00,29.63,29.58,29.57,29.73,29.47,29.48,31.97,29.57,29.59,30.15,29.74,29.73,29.59,34.1
2010-12-12 14:00:00,29.03,29.03,28.97,29.11,28.95,28.79,30.51,29.03,29.05,29.41,29.11,29.1,29.01,34.49
2010-12-12 15:00:00,29.1,29.03,29.03,29.23,28.87,28.97,31.37,28.92,29.03,29.41,29.24,29.22,28.96,32.47
2010-12-12 16:00:00,32.04,31.92,31.95,32.19,31.75,31.93,33.96,31.93,31.91,32.84,32.19,32.18,31.33,35.1
2010-12-12 17:00:00,42.48,42.39,42.31,42.86,41.7,42.29,44.2,41.32,42.38,42.66,42.86,42.84,41.17,50.63
2010-12-12 18:00:00,49.94,49.94,49.89,50.0,49.93,49.67,50.63,49.96,49.95,50.08,50.01,50.0,49.42,55.29
2010-12-12 19:00:00,43.8,43.81,43.75,43.87,43.77,43.55,44.51,43.8,43.81,43.94,43.87,43.87,43.64,48.8
2010-12-12 20:00:00,41.01,40.97,40.93,41.14,40.85,40.77,42.86,40.9,40.97,41.3,41.15,41.13,40.82,46.85
2010-12-12 21:00:00,37.46,37.43,37.42,37.54,37.26,37.43,38.11,37.37,37.43,37.87,37.55,37.54,37.0,40.13
2010-12-12 22:00:00,35.4,35.51,35.38,35.46,35.23,35.33,35.74,35.27,35.56,35.39,35.46,35.46,34.97,37.34
2010-12-12 23:00:00,36.42,36.5,36.41,36.44,36.36,36.33,36.65,36.38,36.51,36.45,36.44,36.44,36.38,38.33
2010-12-13 00:00:00,28.97,28.98,28.97,28.98,28.98,28.93,29.01,29.05,28.98,28.99,28.98,28.98,29.01,29.83
2010-12-13 01:00:00,28.4,28.41,28.4,28.41,28.41,28.36,28.41,28.48,28.41,28.41,28.41,28.41,28.44,29.36
2010-12-13 02:00:00,28.37,28.49,28.22,28.53,28.46,27.42,28.46,28.46,28.49,28.45,28.52,28.53,28.45,29.42
2010-12-13 03:00:00,29.41,29.59,29.15,29.67,29.54,27.77,29.55,29.6,29.59,29.52,29.65,29.67,29.54,29.77
2010-12-13 04:00:00,34.64,35.09,34.02,35.29,34.97,30.73,34.98,35.06,35.09,34.9,35.23,35.28,34.6,32.73
2010-12-13 05:00:00,42.52,43.33,41.35,43.77,42.94,35.36,43.27,42.94,43.34,43.26,43.66,43.74,42.53,37.37
2010-12-13 06:00:00,58.46,60.41,57.0,61.18,53.31,53.09,58.69,55.39,60.81,57.66,61.03,61.22,49.43,55.66
2010-12-13 07:00:00,55.32,56.07,54.08,57.02,54.23,49.01,57.66,56.99,56.11,57.03,56.92,57.0,50.0,57.01
2010-12-13 08:00:00,44.01,44.76,42.9,45.44,43.39,37.97,46.27,44.59,44.79,44.72,45.34,45.42,41.37,40.3
2010-12-13 09:00:00,38.14,38.44,37.52,39.23,36.41,36.0,40.0,38.0,38.54,38.27,39.18,39.23,35.13,39.66
2010-12-13 10:00:00,35.57,35.97,35.16,36.46,33.59,34.61,36.97,34.28,36.09,34.58,36.43,36.48,32.93,38.37
2010-12-13 11:00:00,35.48,35.58,35.29,35.76,35.27,34.54,36.33,35.36,35.61,35.93,35.74,35.75,34.89,37.86
2010-12-13 12:00:00,34.2,34.24,34.11,34.39,33.78,34.05,35.52,33.87,34.25,34.09,34.39,34.39,33.81,37.55
2010-12-13 13:00:00,29.83,29.86,29.74,30.0,29.43,29.66,31.14,29.55,29.88,29.79,30.01,30.0,29.46,33.17
2010-12-13 14:00:00,29.81,29.85,29.73,30.0,29.4,29.66,31.13,29.51,29.87,29.7,30.0,30.0,29.45,33.16
2010-12-13 15:00:00,29.72,29.75,29.63,29.91,29.3,29.56,31.02,29.41,29.77,29.6,29.91,29.9,29.36,33.06
2010-12-13 16:00:00,33.3,33.34,33.22,33.49,32.89,33.15,34.58,33.0,33.35,33.19,33.49,33.49,32.95,36.65
2010-12-13 17:00:00,44.76,44.73,44.65,45.0,44.3,44.56,46.22,44.47,44.74,44.98,45.0,45.0,43.75,48.06
2010-12-13 18:00:00,52.04,51.8,51.51,52.74,51.73,49.74,53.6,52.11,51.76,54.38,52.71,52.71,49.71,51.77
2010-12-13 19:00:00,40.2,40.5,39.43,41.15,39.92,36.15,42.27,40.55,40.48,41.24,41.09,41.13,39.08,37.75
2010-12-13 20:00:00,38.26,39.01,37.13,39.54,38.36,31.6,39.5,38.87,39.0,38.84,39.44,39.52,37.88,32.48
2010-12-13 21:00:00,34.92,35.77,33.77,36.2,35.09,28.01,35.99,35.55,35.77,35.18,36.09,36.18,34.93,28.91
2010-12-13 22:00:00,33.09,34.17,31.66,34.64,33.52,24.32,33.66,33.56,34.18,33.47,34.49,34.61,33.27,25.12
2010-12-13 23:00:00,32.66,33.7,31.29,34.14,33.06,24.25,33.21,32.99,33.7,33.0,34.0,34.12,32.8,24.97
2010-12-14 00:00:00,26.31,27.6,24.54,28.15,27.15,15.25,27.19,27.09,27.58,26.96,27.97,28.11,26.98,14.36
2010-12-14 01:00:00,24.72,26.01,22.95,26.56,25.57,13.67,25.61,25.44,25.99,25.37,26.39,26.52,25.39,13.16
2010-12-14 02:00:00,25.27,26.56,23.5,27.11,26.11,14.22,26.16,25.99,26.54,25.92,26.93,27.07,25.94,13.71
2010-12-14 03:00:00,26.27,27.59,24.49,28.16,26.91,15.27,27.21,27.01,27.59,26.79,27.99,28.13,26.77,16.03
2010-12-14 04:00:00,28.12,29.45,26.33,30.04,28.66,17.15,29.19,29.22,29.46,28.59,29.87,30.01,28.58,17.85
2010-12-14 05:00:00,33.87,35.42,31.91,36.2,33.5,22.53,35.23,34.96,35.53,33.78,36.0,36.17,33.02,23.1
2010-12-14 06:00:00,48.06,49.95,46.01,51.17,44.5,38.42,48.08,47.57,50.43,46.36,50.96,51.2,42.85,39.01
2010-12-14 07:00:00,48.17,50.31,46.23,51.27,44.06,39.26,47.98,47.97,50.73,46.21,51.07,51.31,42.67,40.27
2010-12-14 08:00:00,38.95,39.15,38.09,40.0,38.75,34.47,41.22,39.95,39.14,40.9,39.94,39.98,36.76,34.69
2010-12-14 09:00:00,35.91,36.32,35.08,36.88,35.81,31.32,38.03,36.14,36.33,36.92,36.82,36.87,34.59,31.59
2010-12-14 10:00:00,34.18,34.7,33.46,35.0,34.14,30.0,35.86,34.24,34.72,34.47,34.94,34.99,33.73,30.3
2010-12-14 11:00:00,32.22,32.56,31.78,32.74,32.09,29.74,33.43,32.19,32.58,32.37,32.7,32.73,31.79,30.96
2010-12-14 12:00:00,30.48,30.82,30.04,31.0,30.35,27.99,31.71,30.45,30.85,30.64,30.96,30.99,30.06,29.23
2010-12-14 13:00:00,28.96,29.32,28.53,29.47,28.88,26.46,29.78,28.98,29.35,29.07,29.43,29.46,28.74,27.6
2010-12-14 14:00:00,28.22,28.58,27.79,28.72,28.13,25.72,29.04,28.21,28.6,28.32,28.68,28.71,28.08,26.72
2010-12-14 15:00:00,27.86,28.22,27.43,28.37,27.78,25.36,28.68,27.85,28.25,27.97,28.33,28.36,27.75,26.29
2010-12-14 16:00:00,29.2,29.56,28.77,29.71,29.11,26.71,30.01,29.43,29.59,29.3,29.67,29.7,29.11,27.93
2010-12-14 17:00:00,39.3,39.6,38.81,39.88,39.17,36.6,40.33,39.47,39.62,39.76,39.84,39.87,38.56,37.8
2010-12-14 18:00:00,43.05,43.61,42.34,43.85,43.09,38.78,43.99,43.95,43.63,43.25,43.78,43.83,42.72,39.68
2010-12-14 19:00:00,39.45,40.51,38.06,40.94,39.86,30.93,40.8,40.1,40.52,39.96,40.81,40.91,39.35,31.04
2010-12-14 20:00:00,34.28,35.35,32.89,35.77,34.69,25.77,35.63,34.8,35.35,34.79,35.64,35.75,34.44,25.03
2010-12-14 21:00:00,32.97,34.46,31.0,35.15,33.25,21.15,34.9,33.37,34.46,33.52,34.96,35.12,32.84,21.3
2010-12-14 22:00:00,30.07,31.52,28.13,32.16,30.68,18.15,31.21,30.76,31.52,30.65,31.97,32.12,30.56,18.01
2010-12-14 23:00:00,26.5,28.04,24.6,28.47,27.41,14.47,27.83,27.51,28.05,27.41,28.28,28.42,27.22,14.12
2010-12-15 00:00:00,20.24,21.94,18.22,22.34,21.28,7.34,21.4,21.25,21.93,21.23,22.13,22.29,20.98,7.32
2010-12-15 01:00:00,19.77,21.36,17.71,22.0,20.5,6.99,20.69,20.37,21.35,20.36,21.79,21.96,20.25,7.08
2010-12-15 02:00:00,19.76,21.35,17.7,22.0,20.47,6.99,20.67,20.34,21.34,20.33,21.79,21.96,20.23,7.13
2010-12-15 03:00:00,19.77,21.36,17.71,22.0,20.5,7.0,20.69,20.37,21.36,20.36,21.79,21.96,20.26,7.42
2010-12-15 04:00:00,20.68,22.27,18.62,22.92,21.38,7.92,21.92,21.27,22.27,21.31,22.71,22.88,21.17,8.42
2010-12-15 05:00:00,30.22,31.9,28.13,32.57,30.49,17.57,31.24,30.59,31.93,30.54,32.36,32.54,30.22,17.92
2010-12-15 06:00:00,40.38,43.06,38.3,43.01,39.12,28.01,40.24,39.22,43.56,39.5,42.79,43.02,37.77,27.36
2010-12-15 07:00:00,40.04,41.72,38.09,42.21,40.45,28.0,40.76,40.6,41.8,40.46,42.02,42.19,39.1,27.45
2010-12-15 08:00:00,31.71,32.92,30.33,33.27,31.87,23.26,32.44,31.81,32.93,31.98,33.13,33.26,31.12,22.51
2010-12-15 09:00:00,31.69,32.58,30.72,32.79,31.73,25.79,32.23,31.69,32.58,31.83,32.7,32.79,31.59,26.35
2010-12-15 10:00:00,30.98,31.67,30.29,31.8,30.89,26.79,31.36,30.87,31.67,30.99,31.73,31.79,30.76,26.42
2010-12-15 11:00:00,29.58,30.05,29.16,30.08,29.43,27.08,29.58,29.42,30.05,29.49,30.05,30.09,29.31,26.93
2010-12-15 12:00:00,28.52,29.02,28.11,29.04,28.33,26.04,28.5,28.32,29.02,28.4,29.0,29.04,28.2,26.61
2010-12-15 13:00:00,28.07,28.54,27.68,28.46,28.26,25.46,28.32,28.31,28.55,28.36,28.42,28.45,28.11,25.77
2010-12-15 14:00:00,27.74,28.24,27.36,28.11,27.97,25.11,28.06,28.02,28.25,28.09,28.08,28.1,27.81,25.72
2010-12-15 15:00:00,27.57,27.99,27.16,28.05,27.56,25.05,27.66,27.66,27.99,27.58,28.01,28.05,27.5,25.7
2010-12-15 16:00:00,29.75,30.18,29.34,30.23,29.72,27.23,29.83,29.82,30.2,29.75,30.19,30.23,29.67,27.88
2010-12-15 17:00:00,39.44,40.0,39.02,40.0,39.06,37.0,39.37,39.11,40.02,39.29,39.96,40.01,38.55,37.57
2010-12-15 18:00:00,44.45,45.02,44.03,45.0,44.08,42.0,44.34,44.18,45.05,44.23,44.96,45.01,43.52,41.8
2010-12-15 19:00:00,38.35,39.34,37.38,39.5,38.26,32.4,38.55,38.23,39.38,38.37,39.4,39.49,37.69,31.9
2010-12-15 20:00:00,31.27,32.37,30.17,32.54,31.24,24.54,31.49,31.18,32.41,31.28,32.42,32.52,31.02,23.93
2010-12-15 21:00:00,30.06,31.3,28.7,31.59,30.31,21.59,30.52,30.23,31.33,30.29,31.45,31.57,30.1,20.84
2010-12-15 22:00:00,28.18,29.49,26.52,30.0,28.61,18.0,28.82,28.59,29.48,28.56,29.83,29.97,28.4,17.77
2010-12-15 23:00:00,25.21,26.49,23.58,27.0,25.65,15.18,25.86,25.56,26.49,25.59,26.83,26.97,25.45,14.92
2010-12-16 00:00:00,19.88,21.77,17.34,22.57,20.96,4.05,21.11,20.78,21.75,20.73,22.32,22.51,20.68,4.11
2010-12-16 01:00:00,18.92,20.61,16.65,21.32,19.86,4.79,20.01,19.7,20.59,19.66,21.09,21.27,19.62,5.09
2010-12-16 02:00:00,19.31,20.79,17.33,21.41,20.12,7.01,20.27,19.98,20.78,19.94,21.21,21.37,19.9,7.51
2010-12-16 03:00:00,20.17,21.45,18.45,22.0,20.83,9.51,20.98,20.7,21.44,20.68,21.83,21.96,20.63,9.59
2010-12-16 04:00:00,21.01,22.11,19.55,22.58,21.54,11.97,21.99,21.44,22.1,21.48,22.44,22.55,21.4,12.68
2010-12-16 05:00:00,28.69,29.93,27.21,30.55,27.83,20.54,29.51,27.93,30.03,28.59,30.4,30.54,26.99,20.12
2010-12-16 06:00:00,37.04,37.87,35.3,39.86,33.11,30.36,42.37,33.72,37.92,35.31,39.72,39.81,33.28,30.34
2010-12-16 07:00:00,36.7,36.85,35.69,38.5,33.82,33.6,42.13,34.6,36.89,36.5,38.44,38.46,33.5,34.13
2010-12-16 08:00:00,33.83,33.94,33.29,35.0,31.23,33.0,36.24,32.01,33.94,33.46,34.97,34.99,31.17,34.94
2010-12-16 09:00:00,33.3,33.26,32.88,34.25,31.22,32.8,35.98,32.04,33.24,33.63,34.23,34.23,30.94,35.3
2010-12-16 10:00:00,31.4,31.28,31.19,32.0,29.76,31.73,33.29,30.48,31.25,31.79,32.0,31.99,29.33,35.14
2010-12-16 11:00:00,31.17,31.15,31.01,31.63,29.89,31.36,31.96,30.44,31.13,31.27,31.62,31.63,29.49,35.09
2010-12-16 12:00:00,30.99,31.01,30.85,31.38,29.88,31.14,31.66,30.35,31.03,31.02,31.38,31.38,29.77,34.49
2010-12-16 13:00:00,30.52,30.51,30.4,30.9,29.48,30.69,31.27,29.99,30.54,30.75,30.89,30.9,29.34,33.69
2010-12-16 14:00:00,29.83,29.83,29.71,30.19,28.83,29.97,30.56,29.3,29.85,29.97,30.19,30.19,28.76,33.14
2010-12-16 15:00:00,28.67,28.71,28.53,29.05,27.57,28.8,29.08,27.75,28.74,28.37,29.04,29.05,27.5,31.89
2010-12-16 16:00:00,28.65,28.69,28.5,29.09,27.39,28.83,29.59,27.54,28.7,28.19,29.08,29.09,27.5,32.0
2010-12-16 17:00:00,43.52,43.59,43.13,44.7,40.0,44.25,45.03,40.28,43.65,41.93,44.68,44.7,40.19,48.05
2010-12-16 18:00:00,49.64,49.49,49.51,50.0,48.66,49.87,51.24,48.9,49.52,50.38,50.0,49.99,47.89,52.26
2010-12-16 19:00:00,42.71,42.71,42.62,42.99,41.88,42.87,43.55,42.01,42.75,42.77,42.99,42.98,41.63,44.78
2010-12-16 20:00:00,33.14,33.1,33.09,33.3,32.7,33.24,33.87,32.78,33.12,33.26,33.3,33.29,32.65,34.46
2010-12-16 21:00:00,30.98,31.22,30.59,31.79,29.18,30.16,30.91,29.28,31.26,29.93,31.76,31.8,29.16,31.16
2010-12-16 22:00:00,29.12,29.38,28.75,29.66,28.6,27.35,29.11,28.6,29.4,28.77,29.62,29.65,28.52,28.41
2010-12-16 23:00:00,29.14,29.37,28.83,29.56,28.88,27.5,29.03,28.87,29.39,28.95,29.53,29.55,28.83,28.64
2010-12-17 00:00:00,24.97,25.0,24.95,25.0,24.89,24.9,24.92,24.9,25.01,24.92,25.0,25.0,24.89,25.91
2010-12-17 01:00:00,24.96,25.0,24.95,25.0,24.89,24.9,24.92,24.9,25.01,24.91,25.0,25.0,24.89,25.9
2010-12-17 02:00:00,24.97,25.0,24.95,25.0,24.89,24.91,24.92,24.9,25.02,24.92,25.0,25.0,24.89,25.91
2010-12-17 03:00:00,25.28,25.32,25.26,25.32,25.17,25.23,25.21,25.18,25.34,25.2,25.32,25.32,25.16,26.23
2010-12-17 04:00:00,28.03,28.05,28.01,28.09,27.91,27.97,28.16,27.93,28.07,28.0,28.09,28.09,27.93,29.44
2010-12-17 05:00:00,34.43,34.6,34.36,34.69,33.57,34.56,34.41,33.63,34.76,33.89,34.68,34.69,33.47,36.35
2010-12-17 06:00:00,50.8,50.87,50.62,51.37,49.07,51.15,51.33,49.4,51.1,51.18,51.36,51.37,47.63,53.71
2010-12-17 07:00:00,50.98,50.96,50.72,51.74,48.69,51.5,51.93,49.22,51.31,52.14,51.74,51.74,46.38,53.98
2010-12-17 08:00:00,40.33,40.08,40.12,40.91,38.74,40.75,42.21,39.25,40.26,42.11,40.92,40.9,36.66,43.23
2010-12-17 09:00:00,36.27,35.88,36.07,36.76,35.07,36.56,38.79,35.58,35.95,38.45,36.77,36.74,33.08,40.76
2010-12-17 10:00:00,33.36,33.21,33.21,33.77,32.31,33.54,34.95,32.62,33.29,34.36,33.77,33.76,31.25,38.01
2010-12-17 11:00:00,31.24,31.13,31.11,31.59,30.32,31.37,32.57,30.58,31.2,32.01,31.59,31.58,29.47,35.73
2010-12-17 12:00:00,29.17,29.1,29.04,29.51,28.33,29.21,30.45,28.54,29.17,29.79,29.51,29.5,27.77,35.18
2010-12-17 13:00:00,28.14,28.11,28.02,28.42,27.41,28.14,28.96,27.58,28.19,28.57,28.42,28.42,26.93,33.74
2010-12-17 14:00:00,27.78,27.76,27.67,28.08,27.03,27.79,28.58,27.21,27.85,28.21,28.08,28.07,26.53,33.3
2010-12-17 15:00:00,27.61,27.62,27.5,27.9,26.87,27.62,28.28,27.03,27.7,27.93,27.9,27.9,26.43,32.9
2010-12-17 16:00:00,29.51,29.51,29.39,29.84,28.54,29.64,30.41,28.73,29.57,29.73,29.84,29.84,28.18,33.36
2010-12-17 17:00:00,44.26,44.5,44.03,45.0,41.93,44.66,45.18,42.39,44.58,44.75,44.99,45.0,40.64,49.36
2010-12-17 18:00:00,50.67,50.92,50.46,51.32,48.57,51.02,51.31,48.94,51.0,50.76,51.31,51.32,47.58,54.98
2010-12-17 19:00:00,39.77,40.01,39.66,40.15,38.53,39.92,39.81,38.68,40.05,39.39,40.14,40.16,38.23,43.32
2010-12-17 20:00:00,34.97,34.94,34.91,35.13,34.54,35.02,35.71,34.67,34.95,35.31,35.14,35.13,34.3,37.49
2010-12-17 21:00:00,33.07,33.05,33.01,33.22,32.66,33.1,33.63,32.79,33.07,33.41,33.22,33.22,32.35,35.5
2010-12-17 22:00:00,31.58,31.58,31.55,31.62,31.47,31.54,31.72,31.51,31.58,31.72,31.62,31.62,31.34,33.54
2010-12-17 23:00:00,31.43,31.43,31.4,31.47,31.32,31.39,31.57,31.35,31.44,31.47,31.47,31.47,31.28,33.39
2010-12-18 00:00:00,27.7,28.04,27.61,28.02,26.5,27.85,26.83,26.54,28.11,26.72,28.01,28.04,26.43,29.85
2010-12-18 01:00:00,26.71,27.01,26.63,26.99,25.68,26.83,25.96,25.71,27.1,25.86,26.98,27.0,25.61,28.84
2010-12-18 02:00:00,26.2,26.48,26.13,26.47,25.24,26.32,25.51,25.27,26.57,25.41,26.46,26.48,25.18,28.32
2010-12-18 03:00:00,26.37,26.67,26.29,26.65,25.34,26.49,25.62,25.38,26.77,25.52,26.64,26.66,25.27,28.5
2010-12-18 04:00:00,28.02,28.43,27.92,28.41,26.61,28.22,27.0,26.66,28.59,26.86,28.39,28.42,26.52,30.22
2010-12-18 05:00:00,29.92,30.37,29.79,30.38,28.26,30.16,28.93,28.32,30.55,28.6,30.36,30.4,28.17,32.69
2010-12-18 06:00:00,37.62,37.48,37.45,38.11,36.27,37.92,39.36,36.77,36.88,39.63,38.12,38.1,34.08,41.61
2010-12-18 07:00:00,43.56,42.8,43.03,45.09,39.33,44.88,55.12,40.37,42.4,44.39,45.12,45.02,39.32,48.85
2010-12-18 08:00:00,46.74,46.81,46.32,47.99,43.0,47.48,54.75,44.0,47.26,46.95,48.01,47.94,42.0,55.48
2010-12-18 09:00:00,39.69,39.69,39.57,40.0,38.77,39.81,40.52,38.99,39.2,40.18,40.0,40.0,37.99,43.81
2010-12-18 10:00:00,35.5,35.53,35.39,35.82,34.56,35.63,36.43,34.71,35.04,35.49,35.82,35.81,34.38,39.7
2010-12-18 11:00:00,29.22,29.25,29.15,29.4,28.71,29.23,29.6,28.81,28.95,29.34,29.4,29.4,28.44,33.23
2010-12-18 12:00:00,27.49,27.49,27.38,27.78,26.78,27.45,29.09,26.98,27.32,27.5,27.78,27.77,27.01,32.46
2010-12-18 13:00:00,25.58,25.62,25.53,25.67,25.31,25.52,25.73,25.33,25.45,25.46,25.67,25.67,25.34,29.53
2010-12-18 14:00:00,25.16,25.18,25.06,25.39,24.6,25.06,26.35,24.79,25.02,25.14,25.39,25.38,24.76,30.33
2010-12-18 15:00:00,25.06,25.12,25.03,25.15,24.82,25.0,25.09,24.84,24.94,24.93,25.14,25.15,24.84,29.0
2010-12-18 16:00:00,25.5,25.51,25.39,25.75,24.86,25.43,26.8,25.19,25.33,25.48,25.75,25.74,25.09,30.5
2010-12-18 17:00:00,36.56,36.35,36.09,37.94,32.55,37.49,47.12,33.16,35.57,36.15,37.97,37.88,33.58,43.82
2010-12-18 18:00:00,44.6,45.01,44.44,45.16,42.64,44.94,46.4,43.2,45.03,43.94,45.16,45.15,42.99,47.94
2010-12-18 19:00:00,39.88,40.84,37.83,42.52,38.57,29.4,45.21,39.0,40.28,40.09,42.37,42.46,38.92,31.18
2010-12-18 20:00:00,32.6,33.31,31.44,34.04,32.1,26.31,34.76,32.42,33.08,32.85,33.94,34.0,32.31,27.57
2010-12-18 21:00:00,29.86,31.18,27.97,32.05,29.82,18.82,31.57,30.04,30.95,30.22,31.88,32.0,29.82,20.19
2010-12-18 22:00:00,29.69,31.12,27.6,31.93,30.44,16.91,30.6,30.33,31.06,30.34,31.74,31.88,30.2,17.72
2010-12-18 23:00:00,29.4,30.81,27.22,31.78,29.99,16.3,31.06,30.09,30.76,30.04,31.59,31.73,29.95,16.13
2010-12-19 00:00:00,24.36,25.78,22.28,26.58,25.18,11.57,25.3,25.04,25.75,24.99,26.39,26.53,24.99,12.62
2010-12-19 01:00:00,23.33,24.76,21.21,25.57,24.15,10.38,24.27,24.01,24.73,23.95,25.38,25.52,23.96,11.47
2010-12-19 02:00:00,23.04,24.41,21.01,25.18,23.83,10.64,23.94,23.69,24.38,23.64,25.0,25.13,23.65,11.8
2010-12-19 03:00:00,23.5,24.87,21.48,25.65,24.29,11.1,24.41,24.16,24.84,24.1,25.46,25.6,24.11,12.3
2010-12-19 04:00:00,24.33,25.72,22.3,26.49,25.13,11.87,25.25,25.0,25.68,24.95,26.31,26.44,24.96,13.87
2010-12-19 05:00:00,27.26,28.48,25.4,29.26,27.91,15.96,28.44,27.99,28.45,27.86,29.09,29.21,27.75,17.96
2010-12-19 06:00:00,32.96,34.02,31.09,35.07,33.2,22.07,35.44,33.22,33.95,33.98,34.91,35.02,32.92,24.84
2010-12-19 07:00:00,36.45,37.35,34.68,38.52,36.32,26.52,39.76,36.4,37.22,37.46,38.38,38.47,36.17,29.31
2010-12-19 08:00:00,36.88,37.63,35.26,38.83,36.55,28.02,40.64,36.64,37.49,37.73,38.7,38.78,36.66,30.25
2010-12-19 09:00:00,34.32,34.52,32.81,37.01,30.25,29.46,48.75,31.01,35.35,35.62,36.95,36.89,32.03,30.44
2010-12-19 10:00:00,30.21,30.35,29.72,30.88,29.77,27.88,32.22,29.85,30.24,30.45,30.85,30.86,29.97,29.61
2010-12-19 11:00:00,27.0,27.17,26.65,27.45,26.83,25.14,27.97,26.85,27.09,27.14,27.43,27.44,26.91,26.89
2010-12-19 12:00:00,25.99,26.06,25.77,26.29,25.76,24.96,26.89,25.8,25.99,26.08,26.28,26.28,25.86,26.78
2010-12-19 13:00:00,25.37,25.4,25.19,25.62,25.12,24.62,26.25,25.16,25.33,25.45,25.61,25.61,25.22,26.47
2010-12-19 14:00:00,24.33,24.49,23.99,24.75,24.2,22.54,25.18,24.22,24.43,24.46,24.72,24.73,24.27,24.5
2010-12-19 15:00:00,23.39,23.6,23.0,23.86,23.3,21.22,24.18,23.31,23.53,23.52,23.83,23.85,23.34,23.24
2010-12-19 16:00:00,25.08,25.22,24.65,25.64,24.8,22.95,26.62,24.85,25.15,25.31,25.61,25.62,24.95,25.99
2010-12-19 17:00:00,35.66,35.45,35.34,36.29,34.58,35.01,39.64,34.78,35.29,36.11,36.29,36.26,35.07,39.5
2010-12-19 18:00:00,43.44,43.31,43.09,44.06,42.49,42.49,46.88,42.66,43.15,43.79,44.05,44.03,42.93,44.98
2010-12-19 19:00:00,36.48,36.79,35.87,37.19,36.46,33.04,37.21,36.6,36.71,37.46,37.14,37.17,35.66,35.09
2010-12-19 20:00:00,34.68,35.53,33.5,35.94,35.18,27.35,35.38,35.13,35.47,35.28,35.83,35.91,34.89,28.54
2010-12-19 21:00:00,30.42,33.7,28.68,32.75,28.33,19.94,29.28,28.39,34.27,28.79,32.55,32.78,27.89,20.82
2010-12-19 22:00:00,29.72,31.21,27.69,31.84,30.66,17.07,30.77,30.52,31.19,30.47,31.65,31.8,30.43,17.18
2010-12-19 23:00:00,25.62,27.5,23.53,27.89,26.1,12.63,26.36,25.98,27.63,26.02,27.69,27.86,25.82,13.4
2010-12-20 00:00:00,20.65,22.27,18.41,22.98,21.73,6.67,21.83,21.59,22.25,21.51,22.78,22.94,21.48,6.47
2010-12-20 01:00:00,20.35,22.1,18.02,22.8,21.4,5.8,21.53,21.25,22.11,21.18,22.58,22.75,21.14,5.57
2010-12-20 02:00:00,20.1,21.85,17.77,22.54,21.15,5.54,21.28,21.0,21.86,20.93,22.33,22.5,20.89,5.33
2010-12-20 03:00:00,18.93,20.61,16.7,21.28,19.94,4.97,20.06,19.8,20.63,19.73,21.08,21.24,19.69,4.79
2010-12-20 04:00:00,21.76,23.51,19.53,24.13,22.66,7.81,22.82,22.53,23.57,22.47,23.92,24.09,22.42,7.8
2010-12-20 05:00:00,27.56,29.61,25.32,30.0,28.01,13.69,28.3,27.91,29.84,27.92,29.78,29.96,27.72,13.67
2010-12-20 06:00:00,34.98,37.17,32.82,37.42,34.94,21.77,35.54,35.05,37.52,35.28,37.21,37.39,34.42,21.56
2010-12-20 07:00:00,37.65,40.06,35.52,40.07,37.46,24.51,38.08,37.57,40.45,37.83,39.87,40.06,36.63,24.29
2010-12-20 08:00:00,32.69,34.85,30.64,35.0,32.72,20.0,33.28,32.74,35.15,33.06,34.81,34.99,32.08,20.1
2010-12-20 09:00:00,30.94,33.18,28.89,33.23,30.95,18.23,31.37,30.94,33.48,31.05,33.04,33.22,30.47,18.05
2010-12-20 10:00:00,28.17,30.11,26.12,30.41,28.54,15.41,28.89,28.52,30.27,28.64,30.24,30.4,28.06,14.84
2010-12-20 11:00:00,27.87,29.91,25.96,30.0,28.01,15.91,28.32,27.92,30.12,28.0,29.83,29.99,27.68,15.5
2010-12-20 12:00:00,23.34,25.1,21.57,25.28,23.61,12.28,23.86,23.54,25.25,23.58,25.13,25.27,23.35,11.85
2010-12-20 13:00:00,23.29,25.05,21.52,25.23,23.55,12.23,23.8,23.49,25.21,23.52,25.08,25.22,23.29,11.59
2010-12-20 14:00:00,23.75,25.29,22.23,25.42,23.93,14.29,24.16,23.89,25.44,23.92,25.29,25.41,23.72,14.34
2010-12-20 15:00:00,23.79,25.05,22.37,25.31,24.16,14.94,24.32,24.12,25.12,24.11,25.19,25.3,23.98,14.99
2010-12-20 16:00:00,24.81,26.13,23.44,26.3,25.03,16.3,25.26,25.01,26.21,25.07,26.19,26.29,24.81,16.4
2010-12-20 17:00:00,33.41,35.31,32.06,35.0,32.92,25.0,33.31,33.07,35.54,33.05,34.87,35.0,32.4,25.14
2010-12-20 18:00:00,44.76,46.4,43.68,46.05,44.22,38.05,44.57,44.37,46.61,44.34,45.94,46.05,44.03,38.15
2010-12-20 19:00:00,32.57,34.15,31.04,34.26,32.71,23.02,32.96,32.82,34.26,32.73,34.12,34.25,32.53,23.12
2010-12-20 20:00:00,29.16,30.83,27.18,31.27,29.83,16.81,30.08,29.91,30.87,29.85,31.14,31.25,29.55,16.63
2010-12-20 21:00:00,28.13,29.87,26.06,30.33,28.85,15.19,29.1,28.82,29.91,28.85,30.2,30.31,28.53,14.73
2010-12-20 22:00:00,25.67,27.44,23.59,27.89,26.43,12.58,26.61,26.38,27.5,26.31,27.75,27.87,26.2,12.1
2010-12-20 23:00:00,23.49,25.5,21.41,25.76,23.95,10.44,24.22,23.87,25.67,23.87,25.61,25.74,23.68,9.94
2010-12-21 00:00:00,19.65,21.13,17.68,21.71,20.57,7.32,20.68,20.44,21.12,20.4,21.57,21.68,20.35,6.68
2010-12-21 01:00:00,19.55,21.03,17.58,21.61,20.47,7.22,20.58,20.35,21.03,20.29,21.47,21.58,20.25,6.58
2010-12-21 02:00:00,19.28,20.76,17.32,21.34,20.2,6.95,20.31,20.08,20.76,20.02,21.2,21.31,19.99,6.3
2010-12-21 03:00:00,19.38,20.8,17.5,21.34,20.26,7.6,20.37,20.14,20.8,20.08,21.21,21.31,20.05,7.05
2010-12-21 04:00:00,20.56,21.94,18.77,22.43,21.37,9.36,21.48,21.25,21.95,21.21,22.31,22.4,21.17,8.96
2010-12-21 05:00:00,24.04,25.48,22.63,25.58,24.22,15.24,24.43,24.34,25.66,24.19,25.48,25.57,24.03,14.8
2010-12-21 06:00:00,32.95,34.31,31.74,34.3,32.97,25.39,33.19,33.1,34.52,32.98,34.21,34.29,32.46,25.61
2010-12-21 07:00:00,31.07,32.53,30.22,32.12,30.48,25.76,30.81,30.65,32.9,30.61,32.06,32.13,30.0,26.49
2010-12-21 08:00:00,29.72,30.85,29.05,30.54,29.27,25.54,29.52,29.31,31.13,29.37,30.49,30.55,28.84,26.54
2010-12-21 09:00:00,29.47,30.32,29.5,29.51,28.87,29.3,29.43,28.97,30.66,29.2,29.5,29.54,28.53,32.26
2010-12-21 10:00:00,29.25,29.85,29.26,29.27,28.91,29.01,29.43,29.02,30.06,29.28,29.27,29.29,28.59,33.27
2010-12-21 11:00:00,29.96,30.51,29.96,30.0,29.56,29.75,30.0,29.62,30.7,29.89,29.99,30.02,29.19,33.59
2010-12-21 12:00:00,29.86,30.17,29.82,29.96,29.49,29.67,29.91,29.57,30.28,30.0,29.96,29.97,29.05,34.22
2010-12-21 13:00:00,29.84,30.14,29.81,29.93,29.46,29.69,29.88,29.54,30.26,29.97,29.93,29.94,29.09,33.39
2010-12-21 14:00:00,32.13,32.47,32.11,32.19,31.83,31.95,31.98,31.85,32.59,31.93,32.19,32.2,31.53,35.69
2010-12-21 15:00:00,30.21,30.47,30.15,30.3,29.73,30.09,30.13,30.07,30.57,30.26,30.3,30.31,29.47,34.18
2010-12-21 16:00:00,29.84,30.17,29.79,29.98,29.35,29.66,29.75,29.69,30.28,29.89,29.98,29.99,29.08,34.71
2010-12-21 17:00:00,40.41,41.42,40.37,40.67,39.12,40.24,39.7,39.45,41.7,39.74,40.66,40.7,38.54,46.04
2010-12-21 18:00:00,49.35,51.43,49.34,49.77,46.76,49.39,47.59,47.11,51.98,47.43,49.74,49.82,46.37,52.52
2010-12-21 19:00:00,37.3,37.87,37.27,37.47,36.49,37.24,36.96,36.69,38.01,37.04,37.46,37.48,36.1,40.12
2010-12-21 20:00:00,31.08,31.4,31.07,31.16,30.7,31.01,30.85,30.84,31.48,30.84,31.16,31.17,30.55,32.96
2010-12-21 21:00:00,30.89,31.43,30.88,31.0,30.24,30.84,30.43,30.35,31.58,30.38,30.99,31.01,30.18,32.66
2010-12-21 22:00:00,28.18,28.37,28.17,28.23,27.98,28.1,28.04,28.09,28.43,28.03,28.23,28.23,27.96,30.01
2010-12-21 23:00:00,27.97,28.13,27.96,28.0,27.78,27.93,27.83,27.84,28.19,27.82,28.0,28.01,27.75,28.93
2010-12-22 00:00:00,25.04,25.25,25.04,25.08,24.79,25.05,24.86,24.8,25.33,24.84,25.08,25.09,24.77,25.53
2010-12-22 01:00:00,23.4,23.6,23.4,23.43,23.14,23.41,23.22,23.15,23.69,23.19,23.43,23.44,23.12,23.93
2010-12-22 02:00:00,23.08,23.29,23.08,23.12,22.83,23.07,22.9,22.84,23.38,22.88,23.12,23.13,22.81,23.72
2010-12-22 03:00:00,22.56,22.77,22.55,22.61,22.31,22.5,22.39,22.33,22.87,22.37,22.6,22.61,22.29,24.26
2010-12-22 04:00:00,23.92,24.13,23.91,23.96,23.67,23.88,23.75,23.69,24.23,23.72,23.96,23.97,23.65,25.64
2010-12-22 05:00:00,27.51,27.96,27.51,27.6,26.99,27.48,27.14,27.02,28.17,27.1,27.6,27.61,26.83,29.48
2010-12-22 06:00:00,33.4,34.16,33.38,33.57,32.55,33.24,32.8,32.6,34.49,32.73,33.56,33.58,32.11,38.27
2010-12-22 07:00:00,33.82,34.62,33.84,33.92,33.06,33.76,32.93,33.29,34.98,33.39,33.91,33.95,32.32,36.02
2010-12-22 08:00:00,32.27,33.01,32.28,32.37,31.54,32.19,31.45,31.74,33.34,31.84,32.36,32.39,31.13,34.7
2010-12-22 09:00:00,32.61,33.42,32.65,32.64,32.04,32.49,31.43,32.5,33.76,32.57,32.63,32.67,31.61,35.0
2010-12-22 10:00:00,30.07,30.8,30.1,30.09,29.58,29.92,29.0,30.01,31.07,30.05,30.08,30.12,29.32,32.9
2010-12-22 11:00:00,30.33,30.84,30.35,30.34,30.04,30.18,29.55,30.38,31.01,30.4,30.33,30.36,29.86,33.12
2010-12-22 12:00:00,29.79,30.31,29.81,29.8,29.5,29.64,29.01,29.84,30.48,29.86,29.8,29.82,29.37,32.64
2010-12-22 13:00:00,29.3,29.81,29.32,29.31,29.0,29.15,28.51,29.35,29.99,29.36,29.3,29.32,28.88,32.01
2010-12-22 14:00:00,29.18,29.69,29.2,29.19,28.88,29.02,28.39,29.23,29.87,29.24,29.18,29.2,28.85,32.05
2010-12-22 15:00:00,27.95,28.43,27.97,27.96,27.69,27.81,27.21,28.02,28.58,28.03,27.95,27.97,27.68,30.58
2010-12-22 16:00:00,28.22,28.6,28.24,28.22,28.04,28.09,27.6,28.33,28.71,28.34,28.21,28.23,27.99,30.59
2010-12-22 17:00:00,41.96,42.76,41.96,42.12,41.03,41.92,41.29,41.07,42.99,41.21,42.11,42.14,40.0,44.17
2010-12-22 18:00:00,51.79,52.92,51.8,52.0,50.46,51.83,50.83,50.5,53.28,50.72,51.99,52.03,50.0,52.89
2010-12-22 19:00:00,35.97,36.78,35.98,36.13,35.01,35.99,35.29,35.04,37.04,35.21,36.12,36.15,34.93,37.04
2010-12-22 20:00:00,30.78,31.37,30.79,30.9,30.09,30.79,30.29,30.12,31.55,30.23,30.89,30.91,30.03,31.57
2010-12-22 21:00:00,30.89,31.48,30.89,31.0,30.18,30.9,30.39,30.21,31.68,30.33,30.99,31.02,30.12,31.69
2010-12-22 22:00:00,29.81,30.82,29.83,30.0,28.61,29.9,28.96,28.65,31.19,28.85,29.99,30.03,28.5,29.97
2010-12-22 23:00:00,27.93,28.32,27.94,28.0,27.47,27.97,27.6,27.48,28.49,27.56,28.0,28.01,27.42,27.96
2010-12-23 00:00:00,21.99,22.15,21.99,22.02,21.8,22.0,21.85,21.8,22.22,21.83,22.02,22.02,21.78,22.1
2010-12-23 01:00:00,20.97,21.13,20.97,21.0,20.77,20.97,20.83,20.78,21.21,20.81,20.99,21.0,20.76,21.08
2010-12-23 02:00:00,20.96,21.12,20.96,20.99,20.77,20.97,20.83,20.78,21.21,20.81,20.99,21.0,20.75,21.08
2010-12-23 03:00:00,20.97,21.13,20.97,21.0,20.78,20.98,20.83,20.78,21.22,20.81,21.0,21.0,20.76,21.08
2010-12-23 04:00:00,22.59,22.76,22.6,22.63,22.39,22.6,22.45,22.4,22.86,22.43,22.62,22.63,22.37,22.71
2010-12-23 05:00:00,26.8,27.18,26.81,26.88,26.36,26.82,26.49,26.38,27.38,26.45,26.87,26.88,26.32,27.18
2010-12-23 06:00:00,31.43,32.82,31.45,31.7,29.78,31.49,30.26,29.84,33.51,30.11,31.68,31.73,29.63,32.86
2010-12-23 07:00:00,32.04,33.43,32.06,32.31,30.39,32.11,30.87,30.45,34.12,30.73,32.28,32.34,30.25,33.27
2010-12-23 08:00:00,30.93,32.05,30.94,31.15,29.62,30.93,30.0,29.67,32.61,29.89,31.13,31.18,29.5,32.89
2010-12-23 09:00:00,32.42,33.18,32.43,32.57,31.53,32.43,31.79,31.57,33.53,31.71,32.56,32.59,31.45,33.53
2010-12-23 10:00:00,30.58,31.21,30.58,30.71,29.86,30.54,30.07,29.89,31.48,30.01,30.7,30.73,29.8,32.54
2010-12-23 11:00:00,30.1,30.56,30.1,30.19,29.56,30.07,29.72,29.58,30.76,29.67,30.19,30.2,29.51,31.38
2010-12-23 12:00:00,29.06,29.48,29.06,29.15,28.58,29.03,28.72,28.6,29.65,28.68,29.14,29.16,28.54,30.34
2010-12-23 13:00:00,28.0,28.37,28.0,28.08,27.58,27.97,27.7,27.59,28.52,27.67,28.07,28.09,27.54,29.27
2010-12-23 14:00:00,27.12,27.47,27.11,27.19,26.71,27.08,26.83,26.72,27.61,26.79,27.18,27.2,26.67,28.34
2010-12-23 15:00:00,26.64,26.9,26.63,26.69,26.34,26.59,26.43,26.35,26.99,26.4,26.69,26.7,26.32,27.84
2010-12-23 16:00:00,28.11,28.37,28.1,28.16,27.81,28.06,27.9,27.83,28.46,27.88,28.16,28.17,27.79,29.48
2010-12-23 17:00:00,38.74,40.08,38.72,39.09,36.86,38.85,37.42,36.93,40.61,37.26,39.07,39.13,36.7,40.4
2010-12-23 18:00:00,49.78,50.75,49.78,50.04,48.44,49.89,48.83,48.48,51.12,48.72,50.02,50.07,48.31,50.4
2010-12-23 19:00:00,33.1,33.68,33.09,33.25,32.29,33.16,32.53,32.32,33.9,32.46,33.24,33.27,32.22,33.66
2010-12-23 20:00:00,29.89,30.31,29.89,30.0,29.31,29.95,29.48,29.33,30.47,29.43,29.99,30.01,29.25,30.05
2010-12-23 21:00:00,29.86,30.37,29.86,30.0,29.16,29.93,29.37,29.18,30.57,29.3,29.99,30.01,29.09,30.03
2010-12-23 22:00:00,27.83,28.55,27.83,28.02,26.82,27.93,27.12,26.85,28.87,27.03,28.01,28.04,26.72,28.03
2010-12-23 23:00:00,25.74,25.92,25.74,25.79,25.48,25.76,25.56,25.49,26.02,25.53,25.78,25.79,25.45,25.86
2010-12-24 00:00:00,22.75,22.82,22.75,22.77,22.65,22.76,22.68,22.65,22.86,22.67,22.77,22.77,22.64,22.76
2010-12-24 01:00:00,21.8,21.88,21.8,21.82,21.7,21.81,21.73,21.71,21.92,21.72,21.82,21.83,21.69,21.81
2010-12-24 02:00:00,21.22,21.29,21.22,21.24,21.12,21.23,21.15,21.12,21.33,21.14,21.24,21.24,21.11,21.23
2010-12-24 03:00:00,20.98,21.05,20.98,21.0,20.88,20.99,20.91,20.88,21.09,20.9,21.0,21.0,20.87,20.99
2010-12-24 04:00:00,21.22,21.29,21.22,21.24,21.12,21.23,21.15,21.12,21.34,21.14,21.24,21.24,21.11,21.23
2010-12-24 05:00:00,25.46,25.54,25.46,25.48,25.36,25.47,25.39,25.37,25.58,25.38,25.48,25.48,25.35,25.47
2010-12-24 06:00:00,29.77,30.21,29.77,29.89,29.16,29.83,29.34,29.18,30.47,29.29,29.88,29.9,29.11,29.85
2010-12-24 07:00:00,30.8,31.25,30.8,30.92,30.18,30.86,30.36,30.2,31.51,30.31,30.91,30.93,30.12,30.88
2010-12-24 08:00:00,31.33,31.93,31.33,31.48,30.48,31.41,30.73,30.51,32.29,30.66,31.47,31.5,30.41,31.42
2010-12-24 09:00:00,32.85,33.47,32.85,33.01,31.99,32.94,32.24,32.01,33.82,32.16,33.0,33.03,31.91,32.95
2010-12-24 10:00:00,30.49,31.02,30.49,30.63,29.74,30.56,29.96,29.76,31.31,29.89,30.62,30.64,29.67,30.58
2010-12-24 11:00:00,29.17,29.64,29.17,29.29,28.51,29.24,28.7,28.53,29.87,28.65,29.28,29.3,28.45,29.22
2010-12-24 12:00:00,28.11,28.46,28.1,28.2,27.61,28.16,27.75,27.63,28.63,27.71,28.19,28.21,27.56,28.14
2010-12-24 13:00:00,26.95,27.22,26.95,27.02,26.57,26.99,26.68,26.58,27.35,26.65,27.01,27.03,26.53,26.98
2010-12-24 14:00:00,27.47,27.85,27.47,27.57,26.94,27.52,27.1,26.96,28.03,27.05,27.56,27.58,26.9,27.51
2010-12-24 15:00:00,26.83,26.98,26.82,26.87,26.63,26.81,26.69,26.64,27.04,26.67,26.87,26.88,26.61,26.81
2010-12-24 16:00:00,27.26,27.41,27.24,27.31,27.06,27.18,27.12,27.07,27.47,27.11,27.31,27.31,27.05,27.18
2010-12-24 17:00:00,34.83,35.46,34.81,35.0,33.97,34.82,34.23,34.0,35.7,34.15,35.0,35.03,33.9,34.8
2010-12-24 18:00:00,45.05,45.14,45.05,45.08,44.93,45.03,44.97,44.93,45.18,44.96,45.08,45.08,44.92,45.03
2010-12-24 19:00:00,34.97,35.07,34.97,35.0,34.85,34.96,34.89,34.86,35.1,34.88,35.0,35.0,34.84,34.99
2010-12-24 20:00:00,30.25,30.34,30.24,30.27,30.13,30.23,30.16,30.13,30.37,30.15,30.27,30.28,30.12,30.26
2010-12-24 21:00:00,30.08,30.17,30.08,30.1,29.95,30.09,29.99,29.96,30.2,29.98,30.1,30.1,29.94,30.09
2010-12-24 22:00:00,28.43,28.52,28.43,28.46,28.31,28.45,28.35,28.32,28.56,28.34,28.45,28.46,28.3,28.44
2010-12-24 23:00:00,30.61,30.69,30.61,30.63,30.49,30.62,30.52,30.49,30.74,30.51,30.63,30.63,30.48,30.62
2010-12-25 00:00:00,26.44,30.23,26.42,27.44,21.12,26.87,22.69,21.3,32.09,22.21,27.38,27.55,20.63,26.73
2010-12-25 01:00:00,24.21,27.83,24.19,25.17,19.14,24.62,20.63,19.31,29.83,20.17,25.11,25.28,18.65,24.49
2010-12-25 02:00:00,24.05,27.66,24.03,25.0,18.97,24.5,20.46,19.14,29.73,19.99,24.94,25.11,18.47,24.36
2010-12-25 03:00:00,24.05,27.66,24.03,25.0,18.97,24.5,20.47,19.14,29.8,19.99,24.94,25.1,18.47,24.37
2010-12-25 04:00:00,25.16,28.78,25.15,26.11,20.09,25.62,21.58,20.25,30.97,21.11,26.06,26.22,19.58,25.48
2010-12-25 05:00:00,27.03,29.01,27.03,27.55,24.25,27.31,25.07,24.34,30.22,24.81,27.52,27.61,23.97,27.23
2010-12-25 06:00:00,30.69,33.43,30.67,31.42,26.86,30.97,27.99,26.98,35.07,27.63,31.38,31.5,26.48,30.91
2010-12-25 07:00:00,34.89,36.83,34.87,35.41,32.19,35.06,32.99,32.28,37.93,32.75,35.39,35.47,31.93,35.03
2010-12-25 08:00:00,35.83,37.45,35.81,36.26,33.57,35.95,34.24,33.64,38.3,34.04,36.24,36.31,33.35,35.94
2010-12-25 09:00:00,35.84,37.4,35.82,36.26,33.69,35.95,34.32,33.76,38.11,34.13,36.24,36.31,33.48,35.94
2010-12-25 10:00:00,31.59,33.32,31.57,32.05,29.19,31.72,29.9,29.27,34.03,29.68,32.03,32.11,28.96,31.71
2010-12-25 11:00:00,28.09,30.15,28.08,28.63,25.18,28.37,26.03,25.28,30.92,25.78,28.59,28.69,24.92,28.33
2010-12-25 12:00:00,25.52,27.39,25.52,26.01,22.88,25.78,23.66,22.97,28.05,23.43,25.97,26.07,22.64,25.75
2010-12-25 13:00:00,23.58,25.64,23.57,24.12,20.67,23.87,21.53,20.77,26.29,21.27,24.08,24.18,20.41,23.79
2010-12-25 14:00:00,22.17,24.4,22.17,22.75,19.03,22.48,19.95,19.13,25.03,19.68,22.71,22.82,18.74,22.4
2010-12-25 15:00:00,21.69,23.89,21.69,22.27,18.61,22.0,19.51,18.71,24.46,19.24,22.23,22.33,18.33,21.92
2010-12-25 16:00:00,21.93,24.23,21.93,22.54,18.7,22.25,19.65,18.81,24.79,19.37,22.49,22.6,18.42,22.26
2010-12-25 17:00:00,30.76,34.2,30.76,31.66,25.92,31.23,27.34,26.09,35.04,26.92,31.6,31.76,25.5,31.34
2010-12-25 18:00:00,41.91,45.35,41.9,42.81,37.07,42.38,38.49,37.23,46.25,38.07,42.74,42.91,36.65,42.49
2010-12-25 19:00:00,35.36,38.03,35.35,36.06,31.59,35.72,32.7,31.72,38.78,32.37,36.0,36.14,31.26,35.83
2010-12-25 20:00:00,32.62,34.76,32.61,33.18,29.61,32.9,30.49,29.71,35.4,30.24,33.14,33.24,29.35,33.05
2010-12-25 21:00:00,31.25,33.54,31.25,31.85,28.03,31.57,28.97,28.14,34.31,28.7,31.81,31.92,27.75,31.52
2010-12-25 22:00:00,29.62,31.92,29.62,30.23,26.39,29.94,27.34,26.5,32.83,27.06,30.18,30.29,26.1,29.89
2010-12-25 23:00:00,28.69,30.95,28.68,29.28,25.51,29.0,26.44,25.61,32.01,26.15,29.24,29.34,25.22,28.97
2010-12-26 00:00:00,27.76,27.76,27.76,27.76,27.75,27.76,27.75,27.75,27.76,27.75,27.76,27.76,27.75,27.79
2010-12-26 01:00:00,27.0,27.0,27.0,27.0,27.0,27.0,27.0,27.0,27.0,27.0,27.0,27.0,27.0,27.03
2010-12-26 02:00:00,27.0,27.0,27.0,27.0,27.0,27.0,27.0,27.0,27.01,27.0,27.0,27.0,27.0,27.03
2010-12-26 03:00:00,27.65,27.65,27.65,27.65,27.65,27.65,27.65,27.65,27.65,27.65,27.65,27.65,27.65,27.68
2010-12-26 04:00:00,28.5,28.5,28.5,28.5,28.49,28.5,28.49,28.49,28.5,28.49,28.5,28.5,28.49,28.53
2010-12-26 05:00:00,30.01,30.09,30.01,30.03,29.89,30.02,29.92,29.89,30.14,29.91,30.03,30.03,29.88,30.1
2010-12-26 06:00:00,34.23,34.28,34.21,34.3,34.01,34.27,34.32,34.07,34.33,34.47,34.3,34.3,33.68,34.61
2010-12-26 07:00:00,42.78,42.87,42.76,42.86,42.47,42.82,42.82,42.56,42.95,42.96,42.86,42.86,41.72,43.3
2010-12-26 08:00:00,44.98,45.04,44.96,45.04,44.78,44.97,45.02,44.85,45.09,45.1,45.04,45.04,44.03,46.05
2010-12-26 09:00:00,40.09,40.19,40.09,40.12,39.96,40.11,40.01,39.98,40.23,40.0,40.12,40.12,39.63,40.19
2010-12-26 10:00:00,33.6,34.03,33.6,33.71,33.01,33.64,33.18,33.03,34.21,33.13,33.71,33.73,32.95,34.08
2010-12-26 11:00:00,28.56,28.64,28.56,28.58,28.44,28.57,28.47,28.44,28.68,28.46,28.58,28.58,28.43,28.6
2010-12-26 12:00:00,26.16,26.24,26.16,26.18,26.06,26.17,26.09,26.07,26.26,26.08,26.18,26.18,26.05,26.2
2010-12-26 13:00:00,25.55,25.62,25.55,25.57,25.45,25.56,25.48,25.45,25.64,25.47,25.56,25.57,25.44,25.57
2010-12-26 14:00:00,25.4,25.48,25.41,25.42,25.3,25.41,25.33,25.31,25.5,25.33,25.42,25.43,25.3,25.43
2010-12-26 15:00:00,25.29,25.32,25.29,25.3,25.25,25.29,25.26,25.25,25.33,25.26,25.3,25.3,25.25,25.31
2010-12-26 16:00:00,26.0,26.05,26.0,26.02,25.94,26.01,25.96,25.94,26.06,25.95,26.02,26.02,25.94,26.04
2010-12-26 17:00:00,34.61,34.56,34.59,34.65,34.51,34.65,34.8,34.58,34.55,34.95,34.66,34.65,34.16,34.69
2010-12-26 18:00:00,45.05,45.03,45.04,45.07,45.0,45.06,45.12,45.04,45.03,45.17,45.07,45.06,44.64,45.09
2010-12-26 19:00:00,40.01,40.01,40.01,40.01,40.0,40.0,40.01,40.01,40.01,40.01,40.01,40.01,39.7,40.16
2010-12-26 20:00:00,38.76,38.81,38.73,38.79,38.8,38.51,38.83,38.81,38.81,38.83,38.8,38.78,38.48,38.44
2010-12-26 21:00:00,31.63,31.84,31.45,31.75,31.87,30.35,31.97,31.86,31.85,31.97,31.81,31.72,31.81,30.25
2010-12-26 22:00:00,30.13,30.26,30.03,30.2,30.27,29.37,30.33,30.26,30.26,30.33,30.24,30.19,30.24,29.43
2010-12-26 23:00:00,30.12,30.42,30.05,30.24,29.92,29.62,30.03,29.92,30.52,30.0,30.26,30.24,29.87,29.7
2010-12-27 00:00:00,30.53,30.84,30.23,30.74,30.88,28.47,31.0,30.85,30.85,30.99,30.81,30.7,30.8,28.49
2010-12-27 01:00:00,28.54,28.87,28.21,28.78,28.88,26.31,29.0,28.86,28.87,28.98,28.85,28.76,28.8,26.4
2010-12-27 02:00:00,27.6,27.91,27.24,27.87,27.91,25.26,28.0,27.89,27.92,27.98,27.92,27.85,27.84,25.56
2010-12-27 03:00:00,27.39,27.78,27.03,27.63,27.83,24.87,28.0,27.81,27.79,27.99,27.73,27.58,27.73,24.89
2010-12-27 04:00:00,32.0,32.41,31.61,32.27,32.45,29.29,32.62,32.42,32.41,32.6,32.37,32.23,32.35,29.26
2010-12-27 05:00:00,34.37,35.0,33.78,34.79,35.07,30.25,35.33,35.03,35.01,35.31,34.93,34.72,34.9,30.57
2010-12-27 06:00:00,45.97,46.54,45.29,46.54,46.54,41.56,47.58,46.66,46.53,48.0,46.73,46.53,45.2,41.73
2010-12-27 07:00:00,51.56,52.0,50.8,52.28,51.84,47.07,53.5,52.13,51.96,54.38,52.64,52.67,49.46,47.64
2010-12-27 08:00:00,40.77,41.22,39.98,41.55,41.06,36.08,43.11,41.4,41.17,44.22,41.85,41.73,38.66,36.85
2010-12-27 09:00:00,37.52,37.74,37.12,37.9,37.67,35.15,38.64,37.82,37.73,39.15,38.0,37.85,36.64,35.15
2010-12-27 10:00:00,32.69,32.79,32.64,32.7,32.86,32.19,33.88,32.98,32.79,33.25,32.7,32.69,32.81,32.25
2010-12-27 11:00:00,29.61,29.68,29.6,29.61,29.7,29.4,29.74,29.75,29.7,29.83,29.6,29.61,29.58,29.33
2010-12-27 12:00:00,28.66,28.78,28.64,28.67,28.67,28.44,28.76,28.74,28.82,28.88,28.67,28.67,28.5,28.36
2010-12-27 13:00:00,27.98,28.11,27.96,28.0,27.96,27.77,28.08,28.03,28.16,28.22,28.0,28.0,27.75,27.69
2010-12-27 14:00:00,26.93,27.08,26.91,26.94,26.94,26.71,26.97,26.99,27.12,27.05,26.93,26.94,26.84,26.63
2010-12-27 15:00:00,26.14,26.28,26.12,26.15,26.14,25.91,26.18,26.19,26.33,26.27,26.14,26.15,26.04,25.83
2010-12-27 16:00:00,27.06,27.13,27.04,27.05,27.16,26.82,27.19,27.21,27.13,27.29,27.04,27.04,27.04,26.78
2010-12-27 17:00:00,36.03,37.19,36.02,36.43,34.23,36.22,35.88,34.37,37.67,35.15,36.41,36.46,33.88,36.2
2010-12-27 18:00:00,46.34,47.15,46.33,46.55,45.29,46.33,46.09,45.3,47.45,45.47,46.53,46.57,44.46,46.28
2010-12-27 19:00:00,37.1,37.16,37.04,37.17,37.04,36.79,38.5,37.23,37.18,37.89,37.17,37.16,36.5,36.65
2010-12-27 20:00:00,33.79,33.78,33.66,33.96,33.67,33.25,35.45,33.76,33.77,34.53,33.99,33.94,33.45,33.11
2010-12-27 21:00:00,30.29,30.29,30.2,30.45,30.06,29.99,31.84,30.16,30.3,30.91,30.47,30.43,29.84,29.91
2010-12-27 22:00:00,30.7,31.42,30.59,30.94,30.01,29.98,30.32,30.03,31.7,30.24,30.96,30.94,29.9,29.95
2010-12-27 23:00:00,29.98,30.47,29.89,30.15,29.58,29.35,29.79,29.59,30.68,29.73,30.17,30.15,29.5,29.34
2010-12-28 00:00:00,25.98,26.0,25.96,25.99,25.96,25.89,25.97,25.96,26.01,25.97,25.99,26.0,25.96,25.91
2010-12-28 01:00:00,25.13,25.17,25.12,25.15,25.09,25.06,25.11,25.09,25.18,25.1,25.15,25.15,25.09,25.05
2010-12-28 02:00:00,24.75,24.76,24.75,24.75,24.74,24.75,24.74,24.74,24.76,24.74,24.75,24.75,24.74,24.74
2010-12-28 03:00:00,24.63,24.64,24.63,24.63,24.62,24.63,24.62,24.62,24.64,24.62,24.63,24.63,24.62,24.63
2010-12-28 04:00:00,26.02,26.03,26.02,26.02,26.01,26.02,26.02,26.01,26.03,26.02,26.02,26.02,26.01,26.02
2010-12-28 05:00:00,29.43,29.44,29.41,29.5,29.24,29.45,29.57,29.31,29.48,29.74,29.5,29.5,28.78,30.33
2010-12-28 06:00:00,38.93,38.82,38.9,39.04,38.73,39.0,39.34,38.87,38.81,39.71,39.04,39.03,37.84,39.59
2010-12-28 07:00:00,43.0,42.66,42.9,43.29,42.4,43.25,44.18,42.81,42.61,45.33,43.29,43.27,40.15,43.81
2010-12-28 08:00:00,35.15,35.02,35.12,35.27,34.92,35.26,35.62,35.08,35.0,36.07,35.27,35.26,34.11,35.33
2010-12-28 09:00:00,32.65,32.56,32.62,32.74,32.46,32.72,33.72,32.55,32.55,33.16,32.74,32.73,32.21,33.28
2010-12-28 10:00:00,30.17,30.11,30.15,30.25,30.0,30.23,31.65,30.05,30.1,30.44,30.25,30.24,30.11,30.8
2010-12-28 11:00:00,28.53,28.53,28.5,28.65,28.23,28.61,29.47,28.32,28.56,28.94,28.65,28.64,27.97,29.16
2010-12-28 12:00:00,26.94,26.94,26.92,27.04,26.65,27.03,28.12,26.7,26.97,27.15,27.05,27.04,26.62,27.29
2010-12-28 13:00:00,26.32,26.4,26.3,26.43,25.95,26.42,27.39,26.0,26.46,26.35,26.43,26.43,25.97,26.49
2010-12-28 14:00:00,25.91,25.98,25.91,25.96,25.74,25.95,26.32,25.76,26.02,25.91,25.96,25.96,25.69,26.02
2010-12-28 15:00:00,25.72,25.75,25.71,25.81,25.47,25.8,26.84,25.51,25.79,25.85,25.81,25.8,25.46,25.86
2010-12-28 16:00:00,26.31,26.35,26.29,26.4,26.05,26.38,27.43,26.1,26.38,26.45,26.4,26.4,26.07,26.62
2010-12-28 17:00:00,35.97,36.42,35.94,36.22,34.97,36.14,36.78,35.1,36.63,35.92,36.22,36.23,34.67,36.67
2010-12-28 18:00:00,45.71,45.46,45.62,46.01,45.0,45.99,46.81,45.41,45.44,47.88,46.02,46.0,42.95,46.01
2010-12-28 19:00:00,37.38,37.03,37.28,37.65,36.79,37.64,38.56,37.19,36.98,39.64,37.66,37.63,34.75,37.66
2010-12-28 20:00:00,32.43,32.37,32.4,32.55,32.13,32.55,32.96,32.27,32.38,33.16,32.56,32.55,31.45,32.57
2010-12-28 21:00:00,30.89,30.88,30.86,30.99,30.59,30.99,32.07,30.65,30.91,31.1,30.99,30.99,30.56,31.01
2010-12-28 22:00:00,29.74,29.83,29.74,29.77,29.62,29.76,29.67,29.63,29.87,29.65,29.76,29.77,29.61,29.75
2010-12-28 23:00:00,27.65,27.74,27.65,27.68,27.54,27.67,27.57,27.54,27.78,27.56,27.68,27.68,27.52,27.66
2010-12-29 00:00:00,21.15,21.34,21.06,21.23,21.18,20.5,21.2,21.22,21.4,21.23,21.22,21.23,21.11,21.23
2010-12-29 01:00:00,19.8,20.03,19.72,19.9,19.72,19.24,19.77,19.75,20.12,19.78,19.89,19.9,19.66,19.9
2010-12-29 02:00:00,18.92,19.14,18.84,19.01,18.84,18.37,18.88,18.87,19.23,18.89,19.01,19.02,18.77,18.88
2010-12-29 03:00:00,18.84,19.06,18.72,19.0,18.7,18.12,18.76,18.7,19.15,18.73,19.0,19.01,18.67,18.88
2010-12-29 04:00:00,20.34,20.67,20.06,20.65,20.26,18.67,20.33,20.25,20.76,20.27,20.65,20.67,20.22,19.74
2010-12-29 05:00:00,23.26,23.62,22.86,23.69,23.33,20.8,23.37,23.31,23.67,23.31,23.67,23.7,23.29,21.7
2010-12-29 06:00:00,29.95,30.37,29.43,30.54,29.84,26.98,30.6,29.85,30.44,30.15,30.54,30.57,29.66,28.52
2010-12-29 07:00:00,32.53,33.05,31.98,33.18,32.34,29.35,33.64,32.36,33.17,32.81,33.19,33.2,32.14,29.97
2010-12-29 08:00:00,31.04,31.5,30.52,31.63,30.99,27.96,31.69,31.03,31.58,31.32,31.63,31.65,30.78,29.58
2010-12-29 09:00:00,30.7,31.14,30.29,31.15,30.71,28.14,30.87,30.71,31.22,30.82,31.16,31.15,30.5,29.09
2010-12-29 10:00:00,27.62,28.02,27.37,27.86,27.74,25.85,27.8,27.82,28.11,27.88,27.85,27.87,27.57,26.25
2010-12-29 11:00:00,27.81,28.09,27.52,28.2,27.58,26.2,28.97,27.61,28.15,27.95,28.2,28.21,27.57,26.57
2010-12-29 12:00:00,27.18,27.61,26.76,27.65,27.15,24.64,27.36,27.16,27.67,27.36,27.66,27.66,26.91,24.95
2010-12-29 13:00:00,25.85,26.4,25.29,26.44,25.98,22.35,26.29,26.07,26.46,26.46,26.45,26.46,25.56,22.37
2010-12-29 14:00:00,25.72,26.37,25.04,26.43,25.94,21.43,26.32,25.95,26.44,26.02,26.43,26.46,25.84,21.45
2010-12-29 15:00:00,25.14,25.8,24.46,25.84,25.36,20.84,25.74,25.38,25.86,25.45,25.84,25.87,25.26,20.88
2010-12-29 16:00:00,25.08,25.69,24.37,25.8,25.37,20.64,25.81,25.39,25.73,25.46,25.79,25.82,25.28,20.74
2010-12-29 17:00:00,31.02,31.62,30.34,31.77,31.06,26.92,31.51,31.03,31.68,31.13,31.75,31.79,30.98,28.0
2010-12-29 18:00:00,36.91,37.83,35.98,37.84,37.33,30.92,37.58,37.28,37.88,37.49,37.89,37.82,37.11,31.43
2010-12-29 19:00:00,31.42,32.24,30.38,32.5,31.78,25.0,32.42,31.72,32.26,31.89,32.5,32.51,31.67,25.81
2010-12-29 20:00:00,27.66,28.66,26.5,28.81,28.26,20.27,28.95,28.19,28.69,28.47,28.87,28.8,28.09,20.71
2010-12-29 21:00:00,26.51,27.69,25.17,27.81,27.31,17.89,28.01,27.23,27.72,27.56,27.89,27.78,27.1,18.06
2010-12-29 22:00:00,21.97,23.05,20.7,23.22,22.69,13.82,22.89,22.6,23.08,22.73,23.27,23.21,22.49,14.24
2010-12-29 23:00:00,21.81,23.06,20.59,22.99,22.57,13.73,22.91,22.49,23.15,22.75,23.1,22.98,22.34,13.92
2010-12-30 00:00:00,18.26,19.76,16.82,19.66,19.35,8.54,19.77,19.24,19.83,19.62,19.79,19.59,19.04,8.65
2010-12-30 01:00:00,16.61,18.08,15.2,18.0,17.61,7.11,18.01,17.51,18.17,17.84,18.12,17.94,17.32,7.34
2010-12-30 02:00:00,16.61,18.14,15.24,18.0,17.38,7.44,17.8,17.29,18.3,17.62,18.1,17.95,17.09,7.75
2010-12-30 03:00:00,16.69,18.13,15.4,18.0,17.38,8.1,17.78,17.29,18.3,17.6,18.08,17.96,17.11,8.42
2010-12-30 04:00:00,16.74,18.11,15.51,18.0,17.35,8.59,17.72,17.26,18.28,17.54,18.07,17.97,17.09,8.84
2010-12-30 05:00:00,21.25,22.6,19.85,22.6,22.33,11.88,22.67,22.22,22.65,22.52,22.7,22.55,22.06,12.01
2010-12-30 06:00:00,24.38,25.71,23.03,25.7,25.36,15.34,25.73,25.25,25.77,25.58,25.83,25.66,25.08,15.36
2010-12-30 07:00:00,24.63,25.99,23.27,25.98,25.52,15.59,25.87,25.41,26.07,25.72,26.12,25.96,25.23,15.73
2010-12-30 08:00:00,26.44,27.36,25.38,27.57,26.78,19.81,26.91,26.71,27.44,26.75,27.59,27.6,26.62,21.37
2010-12-30 09:00:00,26.61,27.6,25.61,27.61,27.25,20.0,27.5,27.18,27.67,27.39,27.69,27.59,27.06,21.59
2010-12-30 10:00:00,26.71,27.77,25.7,27.72,27.34,20.0,27.63,27.27,27.85,27.52,27.81,27.7,27.11,21.52
2010-12-30 11:00:00,26.95,27.83,26.1,27.81,27.41,21.37,27.64,27.36,27.9,27.55,27.88,27.8,27.22,22.41
2010-12-30 12:00:00,27.34,27.94,26.61,28.15,27.47,22.89,27.53,27.42,27.98,27.41,28.14,28.18,27.34,22.53
2010-12-30 13:00:00,27.1,27.72,26.44,27.79,27.35,22.92,27.42,27.31,27.77,27.34,27.79,27.8,27.27,22.42
2010-12-30 14:00:00,27.26,27.77,26.66,27.93,27.35,23.59,27.41,27.3,27.82,27.3,27.93,27.96,27.26,23.84
2010-12-30 15:00:00,26.22,26.59,25.89,26.61,26.16,24.18,26.23,26.14,26.65,26.16,26.61,26.63,26.1,24.37
2010-12-30 16:00:00,26.55,26.84,26.27,26.86,26.51,24.86,26.56,26.5,26.89,26.51,26.86,26.88,26.47,25.25
2010-12-30 17:00:00,34.12,34.4,33.93,34.36,34.0,32.95,34.07,33.99,34.45,34.02,34.36,34.37,33.96,33.61
2010-12-30 18:00:00,49.52,49.98,48.98,50.11,49.57,46.26,49.68,49.54,50.01,49.61,50.12,50.14,49.43,46.22
2010-12-30 19:00:00,33.47,34.4,32.47,34.47,34.0,27.01,34.23,33.92,34.44,34.1,34.56,34.48,33.8,26.29
2010-12-30 20:00:00,27.64,28.81,26.39,28.85,28.46,19.45,28.77,28.36,28.84,28.64,28.97,28.83,28.2,18.87
2010-12-30 21:00:00,26.03,27.45,24.53,27.46,27.13,16.09,27.53,27.01,27.49,27.38,27.61,27.42,26.81,15.82
2010-12-30 22:00:00,23.46,25.01,21.88,25.0,24.52,13.0,24.93,24.4,25.07,24.75,25.14,24.96,24.2,12.83
2010-12-30 23:00:00,21.62,23.04,20.24,23.0,22.4,12.52,22.76,22.3,23.15,22.58,23.08,22.96,22.13,12.4
2010-12-31 00:00:00,17.44,19.14,15.23,19.73,18.43,3.61,18.56,18.27,19.17,18.23,19.58,19.66,18.16,4.58
2010-12-31 01:00:00,15.77,17.46,13.64,18.0,16.67,2.43,16.81,16.51,17.52,16.49,17.86,17.93,16.41,3.43
2010-12-31 02:00:00,15.78,17.45,13.65,18.0,16.68,2.45,16.82,16.53,17.51,16.5,17.85,17.93,16.42,3.41
2010-12-31 03:00:00,15.77,17.45,13.64,18.0,16.68,2.42,16.82,16.52,17.51,16.49,17.85,17.93,16.43,3.36
2010-12-31 04:00:00,15.71,17.44,13.51,18.0,16.63,1.99,16.78,16.47,17.51,16.44,17.85,17.93,16.37,2.88
2010-12-31 05:00:00,18.44,20.02,16.36,20.59,19.4,5.42,19.51,19.24,20.04,19.2,20.45,20.52,19.16,5.91
2010-12-31 06:00:00,23.42,25.07,21.37,25.54,24.34,10.52,24.46,24.19,25.07,24.16,25.4,25.47,24.1,10.99
2010-12-31 07:00:00,24.27,25.81,22.39,26.21,25.07,12.47,25.19,24.94,25.84,24.92,26.09,26.15,24.84,12.92
2010-12-31 08:00:00,25.41,26.95,23.56,27.34,26.21,13.74,26.32,26.07,26.97,26.06,27.21,27.28,25.98,14.15
2010-12-31 09:00:00,29.36,30.76,27.7,31.1,30.06,18.89,30.17,29.94,30.78,29.94,30.98,31.04,29.86,19.09
2010-12-31 10:00:00,30.56,31.86,29.0,32.2,31.13,20.81,31.26,31.02,31.93,31.03,32.1,32.15,30.93,21.01
2010-12-31 11:00:00,30.81,32.03,29.37,32.34,31.32,21.8,31.45,31.22,32.1,31.24,32.24,32.29,31.14,21.95
2010-12-31 12:00:00,30.55,31.76,29.11,32.08,31.07,21.53,31.2,30.97,31.82,30.99,31.98,32.03,30.89,21.54
2010-12-31 13:00:00,29.01,30.13,27.69,30.4,29.45,20.78,29.57,29.36,30.2,29.39,30.32,30.36,29.28,20.75
2010-12-31 14:00:00,27.53,28.49,26.4,28.72,27.9,20.48,28.01,27.83,28.55,27.85,28.65,28.69,27.75,20.44
2010-12-31 15:00:00,27.54,28.34,26.58,28.55,27.88,21.56,27.96,27.81,28.38,27.83,28.48,28.52,27.75,22.02
2010-12-31 16:00:00,27.62,28.14,27.05,28.23,27.76,24.05,27.83,27.73,28.19,27.75,28.2,28.22,27.68,24.64
2010-12-31 17:00:00,33.64,34.0,33.31,34.01,33.66,31.59,33.76,33.65,34.04,33.68,33.98,34.0,33.62,33.69
2010-12-31 18:00:00,51.06,51.29,50.92,51.25,50.88,50.25,51.46,50.9,51.35,51.05,51.24,51.25,50.89,52.66
2010-12-31 19:00:00,40.1,40.3,39.96,40.27,40.0,39.26,40.27,40.01,40.35,40.08,40.26,40.27,40.0,41.63
2010-12-31 20:00:00,35.01,35.26,34.79,35.25,35.0,33.62,35.09,35.0,35.3,35.02,35.24,35.25,34.97,35.69
2010-12-31 21:00:00,29.99,30.17,29.85,30.15,29.92,29.15,30.15,29.92,30.21,29.99,30.14,30.15,29.91,30.51
2010-12-31 22:00:00,26.7,27.01,26.49,26.95,26.61,25.37,26.68,26.6,27.08,26.64,26.94,26.95,26.57,26.59
2010-12-31 23:00:00,28.75,28.99,28.62,28.92,28.64,27.94,28.7,28.64,29.06,28.67,28.91,28.92,28.61,29.03
