title,authors,year,venue,id,local_pdf_or_url,fulltext_status,coordinate,quoted_mechanism,topic,counted
Reviving Error Correction in Modern Deep Time-Series Forecasting,"Minh Hoang Nguyen; Dai Do; Huu Hiep Nguyen; Dung Nguyen; Kien Do; Hung Le",2026,arXiv,2605.21088,D:/AI_Memory/papers/raw/2605.21088.pdf,fulltext_local_27pp,"p8: truth correction vector DeltaX decomposed into trend+seasonal","Universal Error Corrector with Seasonal-Trend Decomposition",structured_refinement,yes
PnP-Corrector,"Hao Wu; Fan Xu; et al.",2026,arXiv,2605.08935,D:/AI_Memory/papers/raw/2605.08935.pdf,fulltext_local_24pp,"p2: plug-and-play corrector for coupled systems","Universal plug-and-play correction for coupled spatiotemporal forecasting",structured_refinement,yes
Optimal Recalibration of an Online Predictor,"Lunjia Hu; Kevin Tian; Chutong Yang",2026,arXiv,2607.19689,D:/AI_Memory/papers/raw/2607.19689.pdf,fulltext_local_47pp,"Sec1 p2: loss l_sq(p,y)=(p-y)^2; (eps,eps^2)-recalibration T=Omega(eps^-3)","Recalibrates online predictor with small excess error",forecast_postprocessing,yes
Causality-Inspired Safe Residual Correction,"Xie; Hua; Cheng; Salim; Xue",2025,arXiv,2512.22428,D:/AI_Memory/papers/raw/2512.22428.pdf,fulltext_local_11pp,"Eq(9): Y_hat=Y_base+w1*delta_ridge+w2*delta_clip","Safe additive residual correction y=y_base+delta",risk_controlled_postprocessing,yes
delta-Adapter (The Forecast After the Forecast),"Liang et al.",2026,ICLR,2601.20280,D:/AI_Memory/papers/raw/2601.20280.pdf,fulltext_local_30pp,"Eq1.1 X_tilde=X+delta*A_in; Eq1.3 Y_tilde=F(X)+delta*A_out","Constrained output adapter with trust-region delta",structured_refinement,yes
Post-Training Corrections,"Cherkaoui; Tiomoko; Paolo et al.",2026,arXiv,2505.15354,D:/AI_Memory/papers/raw/2505.15354.pdf,fulltext_local_22pp,"p4: affine correction g_{a,b}(y)=ay+b; R0=E[(Z-Ytrue)^2]","Post-training affine correction framework",forecast_postprocessing,yes
Probabilistic Load Forecasting with Post-hoc UQ,"Al-Shareeda; Ozdemir; Jeon",2026,arXiv,2607.12730,D:/AI_Memory/papers/raw/2607.12730.pdf,fulltext_local_30pp,"Sec3: conditional quantiles per step h=1..H","Post-hoc residual-based uncertainty quantification",structured_refinement,no
Decoupled Probabilistic Forecasting and Post-processing,"Lifeng Hao; Shaolin Ji",2026,arXiv,2607.29220,D:/AI_Memory/papers/raw/2607.29220.pdf,fulltext_local_35pp,"Sec3: decoupled forecast + post-process","Decoupled probabilistic forecasting with post-processing",forecast_postprocessing,no
Residual-Guided Multi-Resolution Refinement,"Wentao Gao; Jiuyong Li; et al.",2026,arXiv,2607.17507,D:/AI_Memory/papers/raw/2607.17507.pdf,fulltext_local_23pp,"Sec3: residual-guided multi-resolution refinement","Residual-guided multi-resolution refinement for drought forecasting",structured_refinement,yes
Lightweight Wrappers for Adapting TSFM,"Wentao Gao; Jiuyong Li; et al.",2026,arXiv,2607.17511,D:/AI_Memory/papers/raw/2607.17511.pdf,fulltext_local_12pp,"Sec3: wrapper adaptation","Lightweight wrappers for TSFM adaptation",forecast_postprocessing,no
Online forecast reconciliation using linear models,"Christensen; Madsen; Moller",2026,arXiv,2606.23326,D:/AI_Memory/papers/raw/2606.23326.pdf,fulltext_local_35pp,"Sec2: online linear reconciliation","Online adaptive forecasting with linear reconciliation",forecast_postprocessing,yes
Less Tokens Better Forecasts: Sparse Residual,"Janet Wang; et al.",2026,arXiv,2607.02829,D:/AI_Memory/papers/raw/2607.02829.pdf,fulltext_local_24pp,"Sec3: sparse residual learning","ViT weather with sparse residual learning",structured_refinement,no
Unified Spatio-Temporal Anomaly Detection,"(unlisted)",2026,arXiv,2604.03344,D:/AI_Memory/papers/raw/2604.03344.pdf,fulltext_local_27pp,"Sec3: ST anomaly detection","Unified spatio-temporal detection",episode_extreme,no
PACT: Peak-Aware Cross-Attention Graph,"(unlisted)",2026,arXiv,2605.09036,D:/AI_Memory/papers/raw/2605.09036.pdf,fulltext_local_41pp,"Sec3: peak-aware attention","Peak-aware cross-attention for peak prediction",episode_extreme,no
Asymmetric Peak-Aware Loss,"(unlisted)",2026,arXiv,2607.14871,D:/AI_Memory/papers/raw/2607.14871.pdf,fulltext_local_36pp,"Sec3: asymmetric peak loss","Asymmetric peak-aware loss for peak-critical forecasting",episode_extreme,no
Regime-Adaptive Weighted Ensemble,"(unlisted)",2026,arXiv,2604.27207,D:/AI_Memory/papers/raw/2604.27207.pdf,fulltext_local_7pp,"Sec2: regime-adaptive ensemble","Regime-adaptive weighted ensemble",episode_extreme,no
Forecasting Emergence of Crash Hotspots,"(unlisted)",2026,arXiv,2607.24168,D:/AI_Memory/papers/raw/2607.24168.pdf,fulltext_local_26pp,"Sec3: episode detection","Crash hotspot emergence/episode detection",episode_extreme,no
Resilient Load Forecasting under Climate Change,"(unlisted)",2026,arXiv,2602.04609,D:/AI_Memory/papers/raw/2602.04609.pdf,fulltext_local_9pp,"Sec3: adaptive conditional neural fields","Adaptive conditional neural fields for extreme load",episode_extreme,no
End-to-End Object Detection with Transformers (DETR),"Nicolas Carion; Francisco Massa; Gabriel Synnaeve; Nicolas Usunier; Alexander Kirillov; Sergey Zagoruyko",2020,ECCV,2005.12872,https://arxiv.org/abs/2005.12872,fulltext_url_arxiv,"Sec3.1: L_match(y,ŷ)=sum_i[-1_{sigma(i)!=empty} p_hat + 1_{...} L_box]; Hungarian sigma","Bipartite matching + set prediction",temporal_set_prediction,yes
ActionFormer: Localizing Moments of Actions with Transformers,"Chenlin Zhang; Jianxin Wu; Yin Li",2022,ECCV,2202.07925,https://arxiv.org/abs/2202.07925,fulltext_url_arxiv,"Abstract: classify every moment + estimate action boundaries","Per-moment classification + boundary estimation, no proposals",temporal_set_prediction,yes
