cell,method,status,selected,n_hours,mae,smape_nofloor,rmse,rmae,neg_price_rate,neg_price_mae,high_tail_rate,high_tail_mae,host_mae,host_rmae,degradation,degradation_frac,delta_crps,a1_net,a2_net,note
LAGO_DE:Linear,B0_Identity,OK,,10488,6.248619,26.562854,8.85415,0.174751,0.0185,19.501687,0.0502,16.277712,6.248619,0.174751,0.0,0.0,,,,
LAGO_DE:Linear,B1_ResidualL1,OK,,10488,5.23289,19.943727,8.304333,0.146345,0.0185,21.793168,0.0502,20.163995,6.248619,0.174751,-1.015729,-0.162553,,,,
LAGO_DE:Linear,B2_QuantileResidual,OK,,10488,5.355632,21.021233,8.374007,0.149777,0.0185,20.113137,0.0502,19.891158,6.248619,0.174751,-0.892987,-0.142909,,,,
LAGO_DE:Linear,B3_DeltaAdapter,OK,,10488,6.532355,24.559397,9.42786,0.182686,0.0185,22.183804,0.0502,20.566115,6.248619,0.174751,0.283736,0.045408,,,,
LAGO_DE:Linear,B4_PIR,OK,,10488,6.199296,24.227165,8.972456,0.173372,0.0185,20.414862,0.0502,19.193941,6.248619,0.174751,-0.049323,-0.007893,,,,
LAGO_DE:Linear,B5_HCH-Universal,OK,C3,10488,6.248619,26.562854,8.85415,0.174751,0.0185,19.501687,0.0502,16.277713,6.248619,0.174751,0.0,0.0,-0.0902,-0.01655336093335881,0.0,
LAGO_DE:Linear,B6_HCH-Local,OK,C0,10488,6.099671,24.940711,8.940726,0.170586,0.0185,22.647441,0.0502,16.967698,6.248619,0.174751,-0.148948,-0.023837,-0.067352,0.007468535602044066,0.007468535602044066,
LAGO_DE:MLP,B0_Identity,OK,,10488,8.417423,36.119754,12.560281,0.235405,0.0185,31.911755,0.0502,13.796145,8.417423,0.235405,0.0,0.0,,,,
LAGO_DE:MLP,B1_ResidualL1,OK,,10488,6.601758,26.093715,10.050771,0.184627,0.0185,26.960686,0.0502,14.163896,8.417423,0.235405,-1.815665,-0.215703,,,,
LAGO_DE:MLP,B2_QuantileResidual,OK,,10488,7.293756,29.277657,11.359428,0.20398,0.0185,32.229488,0.0502,13.884405,8.417423,0.235405,-1.123667,-0.133493,,,,
LAGO_DE:MLP,B3_DeltaAdapter,OK,,10488,7.96811,32.47455,11.288076,0.222839,0.0185,22.082035,0.0502,15.317165,8.417423,0.235405,-0.449313,-0.053379,,,,
LAGO_DE:MLP,B4_PIR,OK,,10488,8.195731,34.388593,11.76108,0.229205,0.0185,19.901332,0.0502,15.716289,8.417423,0.235405,-0.221691,-0.026337,,,,
LAGO_DE:MLP,B5_HCH-Universal,OK,C0,10488,8.290587,31.755558,13.044616,0.231857,0.0185,34.065875,0.0502,16.232951,8.417423,0.235405,-0.126836,-0.015068,-0.096968,0.02556073292368919,0.02556073292368919,
LAGO_DE:MLP,B6_HCH-Local,OK,C0,10488,6.950355,26.702996,10.269471,0.194376,0.0185,28.094468,0.0502,16.238263,8.417423,0.235405,-1.467068,-0.174289,-0.121834,0.06417558556277804,0.06417558556277804,
LAGO_DE:LSTM,B0_Identity,OK,,10488,5.783531,23.427255,8.568264,0.161744,0.0185,22.607584,0.0502,16.507805,5.783531,0.161744,0.0,0.0,,,,
LAGO_DE:LSTM,B1_ResidualL1,OK,,10488,5.241335,20.268207,8.322532,0.146581,0.0185,23.729084,0.0502,18.638606,5.783531,0.161744,-0.542196,-0.093748,,,,
LAGO_DE:LSTM,B2_QuantileResidual,OK,,10488,5.23385,20.335584,8.28957,0.146372,0.0185,23.175109,0.0502,18.606426,5.783531,0.161744,-0.549681,-0.095042,,,,
LAGO_DE:LSTM,B3_DeltaAdapter,OK,,10488,5.876134,21.827877,8.913524,0.164334,0.0185,26.06198,0.0502,18.314204,5.783531,0.161744,0.092604,0.016012,,,,
LAGO_DE:LSTM,B4_PIR,OK,,10488,5.745561,21.457672,8.73186,0.160682,0.0185,24.146925,0.0502,18.773507,5.783531,0.161744,-0.037969,-0.006565,,,,
LAGO_DE:LSTM,B5_HCH-Universal,OK,C3,10488,5.869541,23.563263,8.900092,0.16415,0.0185,24.554618,0.0502,16.577103,5.783531,0.161744,0.08601,0.014872,-0.056181,-0.020161318648063524,-0.0045866950395678525,
LAGO_DE:LSTM,B6_HCH-Local,OK,C0,10488,5.767892,22.98232,8.630922,0.161307,0.0185,23.965551,0.0502,16.656718,5.783531,0.161744,-0.015639,-0.002704,-0.043306,0.0005596975171924382,0.0005596975171924382,
LAGO_DE:PatchTST,B0_Identity,OK,,10488,6.147124,26.201188,8.776876,0.171913,0.0185,19.590977,0.0502,17.528023,6.147124,0.171913,0.0,0.0,,,,
LAGO_DE:PatchTST,B1_ResidualL1,OK,,10488,5.439256,20.55854,8.388703,0.152116,0.0185,22.424795,0.0502,18.888344,6.147124,0.171913,-0.707868,-0.115154,,,,
LAGO_DE:PatchTST,B2_QuantileResidual,OK,,10488,5.490452,21.26223,8.304333,0.153548,0.0185,20.457759,0.0502,18.595626,6.147124,0.171913,-0.656672,-0.106826,,,,
LAGO_DE:PatchTST,B3_DeltaAdapter,OK,,10488,6.474713,24.571662,9.475282,0.181074,0.0185,22.26243,0.0502,21.806796,6.147124,0.171913,0.327589,0.053292,,,,
LAGO_DE:PatchTST,B4_PIR,OK,,10488,6.139385,23.368091,8.985623,0.171696,0.0185,20.879459,0.0502,20.657646,6.147124,0.171913,-0.007739,-0.001259,,,,
LAGO_DE:PatchTST,B5_HCH-Universal,OK,C3,10488,6.217098,26.158013,9.00592,0.17387,0.0185,22.563849,0.0502,17.528024,6.147124,0.171913,0.069974,0.011383,-0.06989,-0.012925974096525258,-0.0025953755880573394,
LAGO_DE:PatchTST,B6_HCH-Local,OK,C0,10488,6.071044,24.589611,8.920929,0.169785,0.0185,22.537137,0.0502,17.984039,6.147124,0.171913,-0.07608,-0.012376,-0.050924,0.006655065211461578,0.006655065211461578,
LAGO_BE:Linear,B0_Identity,OK,,10488,7.415502,19.497704,15.223337,0.199237,0.0002,19.742269,0.0501,29.352446,7.415502,0.199237,0.0,0.0,,,,
LAGO_BE:Linear,B1_ResidualL1,OK,,10488,8.703519,22.490157,16.444659,0.233843,0.0002,16.249082,0.0501,32.007792,7.415502,0.199237,1.288017,0.173693,,,,
LAGO_BE:Linear,B2_QuantileResidual,OK,,10488,8.625464,22.351575,16.398162,0.231746,0.0002,16.249082,0.0501,32.250031,7.415502,0.199237,1.209963,0.163167,,,,
LAGO_BE:Linear,B3_DeltaAdapter,OK,,10488,7.619816,20.137479,15.691384,0.204727,0.0002,19.899288,0.0501,29.875976,7.415502,0.199237,0.204315,0.027552,,,,
LAGO_BE:Linear,B4_PIR,OK,,10488,7.15619,18.878302,15.314781,0.19227,0.0002,19.798446,0.0501,30.397307,7.415502,0.199237,-0.259312,-0.034969,,,,
LAGO_BE:Linear,B5_HCH-Universal,OK,C0,10488,7.454664,19.888703,15.248879,0.200289,0.0002,19.742269,0.0501,29.352446,7.415502,0.199237,0.039162,0.005281,-0.029119,-0.001341749979726345,-0.001341749979726345,
LAGO_BE:Linear,B6_HCH-Local,OK,C0,10488,7.259517,19.078905,15.123598,0.195046,0.0002,19.742269,0.0501,29.382944,7.415502,0.199237,-0.155985,-0.021035,-0.029518,0.003171133368293781,0.003171133368293781,
LAGO_BE:MLP,B0_Identity,OK,,10488,8.495257,23.796406,16.265024,0.228248,0.0002,16.573547,0.0501,31.82399,8.495257,0.228248,0.0,0.0,,,,
LAGO_BE:MLP,B1_ResidualL1,OK,,10488,10.653838,27.965582,18.256841,0.286244,0.0002,14.841034,0.0501,35.880496,8.495257,0.228248,2.158581,0.254093,,,,
LAGO_BE:MLP,B2_QuantileResidual,OK,,10488,10.531392,27.676201,18.181776,0.282954,0.0002,14.841034,0.0501,35.975342,8.495257,0.228248,2.036135,0.239679,,,,
LAGO_BE:MLP,B3_DeltaAdapter,OK,,10488,8.790751,24.471138,16.710122,0.236187,0.0002,18.792278,0.0501,34.891322,8.495257,0.228248,0.295494,0.034783,,,,
LAGO_BE:MLP,B4_PIR,OK,,10488,8.401977,23.36757,16.416973,0.225741,0.0002,17.57896,0.0501,34.231896,8.495257,0.228248,-0.09328,-0.01098,,,,
LAGO_BE:MLP,B5_HCH-Universal,OK,C0,10488,7.94033,22.733493,15.931654,0.213338,0.0002,10.379806,0.0501,31.823989,8.495257,0.228248,-0.554927,-0.065322,-0.019051,0.011708247394627518,0.011708247394627518,
LAGO_BE:MLP,B6_HCH-Local,OK,C0,10488,8.495063,23.796284,16.264931,0.228242,0.0002,16.573548,0.0501,31.823989,8.495257,0.228248,-0.000194,-2.3e-05,-0.014883,2.147665492718094e-06,2.147665492718094e-06,
LAGO_BE:LSTM,B0_Identity,OK,,10488,6.648938,17.885313,14.702178,0.178641,0.0002,10.053317,0.0501,26.785792,6.648938,0.178641,0.0,0.0,,,,
LAGO_BE:LSTM,B1_ResidualL1,OK,,10488,8.989824,23.171539,16.784864,0.241536,0.0002,9.038462,0.0501,32.094965,6.648938,0.178641,2.340886,0.352069,,,,
LAGO_BE:LSTM,B2_QuantileResidual,OK,,10488,8.570198,22.233981,16.490807,0.230261,0.0002,9.038462,0.0501,32.173543,6.648938,0.178641,1.92126,0.288957,,,,
LAGO_BE:LSTM,B3_DeltaAdapter,OK,,10488,6.850693,18.47262,15.120332,0.184062,0.0002,9.968506,0.0501,29.397285,6.648938,0.178641,0.201755,0.030344,,,,
LAGO_BE:LSTM,B4_PIR,OK,,10488,6.620137,17.801286,14.926012,0.177868,0.0002,10.526104,0.0501,28.1364,6.648938,0.178641,-0.028802,-0.004332,,,,
LAGO_BE:LSTM,B5_HCH-Universal,OK,C0,10488,6.565307,17.792353,14.653036,0.176394,0.0002,10.053316,0.0501,26.785792,6.648938,0.178641,-0.083631,-0.012578,-0.017894,0.0012442056268830957,0.0012442056268830957,
LAGO_BE:LSTM,B6_HCH-Local,OK,C0,10488,6.648938,17.885313,14.702178,0.178641,0.0002,10.053316,0.0501,26.785792,6.648938,0.178641,0.0,0.0,-0.01642,0.0,0.0,
LAGO_BE:PatchTST,B0_Identity,OK,,10488,11.790026,31.610934,18.197283,0.31677,0.0002,29.996365,0.0501,28.30787,11.790026,0.31677,0.0,0.0,,,,
LAGO_BE:PatchTST,B1_ResidualL1,OK,,10488,11.295373,30.026734,18.056169,0.30348,0.0002,25.18318,0.0501,31.731726,11.790026,0.31677,-0.494654,-0.041955,,,,
LAGO_BE:PatchTST,B2_QuantileResidual,OK,,10488,11.075511,29.551798,17.894287,0.297573,0.0002,25.18318,0.0501,31.894454,11.790026,0.31677,-0.714515,-0.060603,,,,
LAGO_BE:PatchTST,B3_DeltaAdapter,OK,,10488,12.100551,32.670169,18.620819,0.325113,0.0002,29.723758,0.0501,30.866526,11.790026,0.31677,0.310525,0.026338,,,,
LAGO_BE:PatchTST,B4_PIR,OK,,10488,11.741903,31.694898,18.294426,0.315477,0.0002,30.173042,0.0501,29.953472,11.790026,0.31677,-0.048123,-0.004082,,,,
LAGO_BE:PatchTST,B5_HCH-Universal,OK,C0,10488,7.982402,22.035612,15.590465,0.214468,0.0002,15.580081,0.0501,28.307868,11.790026,0.31677,-3.807624,-0.322953,-0.01389,0.06722531305075023,0.06722531305075023,
LAGO_BE:PatchTST,B6_HCH-Local,OK,C0,10488,11.790026,31.610934,18.197283,0.31677,0.0002,29.996367,0.0501,28.307868,11.790026,0.31677,0.0,0.0,-0.010984,0.0,0.0,
LAGO_FR:Linear,B0_Identity,OK,,10488,5.938558,17.3327,14.73719,0.159798,0.0002,7.496734,0.0501,20.38252,5.938558,0.159798,0.0,0.0,,,,
LAGO_FR:Linear,B1_ResidualL1,OK,,10488,6.392079,19.010847,15.26217,0.172001,0.0002,5.107081,0.0501,25.1449,5.938558,0.159798,0.453521,0.076369,,,,
LAGO_FR:Linear,B2_QuantileResidual,OK,,10488,6.392079,19.010847,15.26217,0.172001,0.0002,5.107081,0.0501,25.1449,5.938558,0.159798,0.453521,0.076369,,,,
LAGO_FR:Linear,B3_DeltaAdapter,OK,,10488,5.966708,17.310608,15.047687,0.160555,0.0002,7.608856,0.0501,21.888742,5.938558,0.159798,0.02815,0.00474,,,,
LAGO_FR:Linear,B4_PIR,OK,,10488,5.788214,17.040581,14.997832,0.155752,0.0002,7.246093,0.0501,21.72497,5.938558,0.159798,-0.150344,-0.025317,,,,
LAGO_FR:Linear,B5_HCH-Universal,OK,C0,10488,5.989117,17.633787,14.765307,0.161158,0.0002,7.496734,0.0501,20.382521,5.938558,0.159798,0.050559,0.008514,-0.028364,-0.0014424673731233714,-0.0014424673731233714,
LAGO_FR:Linear,B6_HCH-Local,OK,C3,10488,5.932657,17.179652,14.736464,0.159639,0.0002,6.198615,0.0501,20.382521,5.938558,0.159798,-0.005901,-0.000994,-0.028163,0.00010765174052689283,0.0006392946174120472,
LAGO_FR:MLP,B0_Identity,OK,,10488,7.467196,19.924073,16.939966,0.200931,0.0002,6.470741,0.0501,25.014249,7.467196,0.200931,0.0,0.0,,,,
LAGO_FR:MLP,B1_ResidualL1,OK,,10488,7.397531,20.15754,17.262735,0.199056,0.0002,5.614003,0.0501,28.69725,7.467196,0.200931,-0.069665,-0.009329,,,,
LAGO_FR:MLP,B2_QuantileResidual,OK,,10488,7.397254,20.157037,17.262436,0.199049,0.0002,5.614003,0.0501,28.690597,7.467196,0.200931,-0.069942,-0.009367,,,,
LAGO_FR:MLP,B3_DeltaAdapter,OK,,10488,7.267399,19.815338,16.981601,0.195555,0.0002,7.307632,0.0501,27.721651,7.467196,0.200931,-0.199796,-0.026757,,,,
LAGO_FR:MLP,B4_PIR,OK,,10488,7.186603,19.419288,16.88663,0.193381,0.0002,7.645118,0.0501,25.902358,7.467196,0.200931,-0.280593,-0.037577,,,,
LAGO_FR:MLP,B5_HCH-Universal,OK,C3,10488,7.438277,19.755051,17.059631,0.200153,0.0002,6.470741,0.0501,25.08325,7.467196,0.200931,-0.028919,-0.003873,-0.021428,0.008795524844758967,0.0008411325666220978,
LAGO_FR:MLP,B6_HCH-Local,OK,C0,10488,7.467196,19.924072,16.939967,0.200931,0.0002,6.470741,0.0501,25.01425,7.467196,0.200931,0.0,0.0,-0.020301,0.0,0.0,
LAGO_FR:LSTM,B0_Identity,OK,,10488,5.566285,15.420832,14.826779,0.14978,0.0002,8.679279,0.0501,19.192871,5.566285,0.14978,0.0,0.0,,,,
LAGO_FR:LSTM,B1_ResidualL1,OK,,10488,5.940605,16.728977,15.486061,0.159853,0.0002,5.23079,0.0501,26.375064,5.566285,0.14978,0.374319,0.067248,,,,
LAGO_FR:LSTM,B2_QuantileResidual,OK,,10488,5.940605,16.728977,15.486061,0.159853,0.0002,5.23079,0.0501,26.375064,5.566285,0.14978,0.374319,0.067248,,,,
LAGO_FR:LSTM,B3_DeltaAdapter,OK,,10488,5.587367,15.631638,15.16745,0.150348,0.0002,8.455395,0.0501,22.806696,5.566285,0.14978,0.021082,0.003787,,,,
LAGO_FR:LSTM,B4_PIR,OK,,10488,5.319075,14.761999,15.212031,0.143128,0.0002,7.898516,0.0501,22.690703,5.566285,0.14978,-0.24721,-0.044412,,,,
LAGO_FR:LSTM,B5_HCH-Universal,OK,C3,10488,5.566285,15.420832,14.826779,0.14978,0.0002,8.679279,0.0501,19.192871,5.566285,0.14978,0.0,0.0,-0.014002,0.00010666475626027324,0.0,
LAGO_FR:LSTM,B6_HCH-Local,OK,C0,10488,5.566285,15.420832,14.826779,0.14978,0.0002,8.679279,0.0501,19.192871,5.566285,0.14978,0.0,0.0,-0.015241,0.0,0.0,
LAGO_FR:PatchTST,B0_Identity,OK,,10488,6.186356,18.398788,15.202818,0.166466,0.0002,5.452707,0.0501,21.34336,6.186356,0.166466,0.0,0.0,,,,
LAGO_FR:PatchTST,B1_ResidualL1,OK,,10488,6.244598,20.762846,15.523129,0.168033,0.0002,4.946509,0.0501,25.4274,6.186356,0.166466,0.058241,0.009414,,,,
LAGO_FR:PatchTST,B2_QuantileResidual,OK,,10488,6.244598,20.762846,15.523129,0.168033,0.0002,4.946509,0.0501,25.4274,6.186356,0.166466,0.058241,0.009414,,,,
LAGO_FR:PatchTST,B3_DeltaAdapter,OK,,10488,6.329469,19.026947,15.693706,0.170317,0.0002,5.176208,0.0501,25.291497,6.186356,0.166466,0.143113,0.023134,,,,
LAGO_FR:PatchTST,B4_PIR,OK,,10488,6.404821,19.876013,16.057163,0.172344,0.0002,5.244986,0.0501,28.915483,6.186356,0.166466,0.218465,0.035314,,,,
LAGO_FR:PatchTST,B5_HCH-Universal,OK,C0,10488,6.20142,18.374625,15.211674,0.166871,0.0002,11.600033,0.0501,21.34336,6.186356,0.166466,0.015063,0.002435,-0.014072,0.0005188333934517339,0.0005188333934517339,
LAGO_FR:PatchTST,B6_HCH-Local,OK,C0,10488,6.187883,18.460282,15.203253,0.166507,0.0002,5.452707,0.0501,21.34336,6.186356,0.166466,0.001527,0.000247,-0.007045,-0.0001388011465845506,-0.0001388011465845506,
LAGO_PJM:Linear,B0_Identity,OK,,10488,6.106035,23.8244,8.281762,0.214927,0.0057,10.36308,0.0501,11.239183,6.106035,0.214927,0.0,0.0,,,,
LAGO_PJM:Linear,B1_ResidualL1,OK,,10488,5.291517,19.619003,7.519431,0.186257,0.0057,15.357824,0.0501,13.369965,6.106035,0.214927,-0.814518,-0.133396,,,,
LAGO_PJM:Linear,B2_QuantileResidual,OK,,10488,5.292471,19.62062,7.520276,0.18629,0.0057,15.357824,0.0501,13.383602,6.106035,0.214927,-0.813564,-0.133239,,,,
LAGO_PJM:Linear,B3_DeltaAdapter,OK,,10488,6.469468,23.660428,8.766433,0.22772,0.0057,14.975586,0.0501,11.805591,6.106035,0.214927,0.363433,0.05952,,,,
LAGO_PJM:Linear,B4_PIR,OK,,10488,7.292965,25.011201,9.747188,0.256706,0.0057,15.510322,0.0501,10.597151,6.106035,0.214927,1.186929,0.194386,,,,
LAGO_PJM:Linear,B5_HCH-Universal,OK,C0,10488,6.089058,24.103076,8.219779,0.21433,0.0057,9.857746,0.0501,11.450801,6.106035,0.214927,-0.016977,-0.00278,-0.041721,-0.0006768883955733827,-0.0006768883955733827,
LAGO_PJM:Linear,B6_HCH-Local,OK,C0,10488,6.10074,23.696914,8.27923,0.214741,0.0057,10.36308,0.0501,11.239183,6.106035,0.214927,-0.005295,-0.000867,-0.039012,0.00045697433605604125,0.00045697433605604125,
LAGO_PJM:MLP,B0_Identity,OK,,10488,4.210177,16.001717,6.97365,0.148195,0.0057,12.058718,0.0501,15.158024,4.210177,0.148195,0.0,0.0,,,,
LAGO_PJM:MLP,B1_ResidualL1,OK,,10488,4.777073,17.97174,7.373369,0.168149,0.0057,14.724558,0.0501,15.878424,4.210177,0.148195,0.566896,0.134649,,,,
LAGO_PJM:MLP,B2_QuantileResidual,OK,,10488,4.777882,17.973785,7.374033,0.168177,0.0057,14.724558,0.0501,15.878424,4.210177,0.148195,0.567705,0.134841,,,,
LAGO_PJM:MLP,B3_DeltaAdapter,OK,,10488,4.429169,16.722754,6.923764,0.155903,0.0057,15.670419,0.0501,15.820436,4.210177,0.148195,0.218992,0.052015,,,,
LAGO_PJM:MLP,B4_PIR,OK,,10488,4.210809,15.953065,6.848101,0.148217,0.0057,13.004994,0.0501,15.806203,4.210177,0.148195,0.000633,0.00015,,,,
LAGO_PJM:MLP,B5_HCH-Universal,OK,C0,10488,4.400157,17.139893,7.186378,0.154882,0.0057,11.455677,0.0501,15.54692,4.210177,0.148195,0.18998,0.045124,-0.013473,-0.006238342343866576,-0.006238342343866576,
LAGO_PJM:MLP,B6_HCH-Local,OK,C0,10488,4.210177,16.001718,6.97365,0.148195,0.0057,12.058719,0.0501,15.158024,4.210177,0.148195,0.0,0.0,-0.011608,0.0,0.0,
LAGO_PJM:LSTM,B0_Identity,OK,,10488,3.939917,14.484321,7.245994,0.138682,0.0057,13.153152,0.0501,14.881744,3.939917,0.138682,0.0,0.0,,,,
LAGO_PJM:LSTM,B1_ResidualL1,OK,,10488,4.342348,15.730848,7.333199,0.152847,0.0057,15.766325,0.0501,15.177758,3.939917,0.138682,0.402431,0.102142,,,,
LAGO_PJM:LSTM,B2_QuantileResidual,OK,,10488,4.341054,15.72815,7.332476,0.152801,0.0057,15.766325,0.0501,15.158824,3.939917,0.138682,0.401137,0.101814,,,,
LAGO_PJM:LSTM,B3_DeltaAdapter,OK,,10488,4.150408,15.228756,7.211176,0.146091,0.0057,16.257849,0.0501,14.988845,3.939917,0.138682,0.210491,0.053425,,,,
LAGO_PJM:LSTM,B4_PIR,OK,,10488,4.002681,14.58154,7.301872,0.140891,0.0057,14.78452,0.0501,14.987546,3.939917,0.138682,0.062764,0.01593,,,,
LAGO_PJM:LSTM,B5_HCH-Universal,OK,C3,10488,3.947255,14.479036,7.261682,0.13894,0.0057,13.153152,0.0501,14.865515,3.939917,0.138682,0.007338,0.001863,-0.012383,-0.007583318973070098,-5.059247282264682e-05,
LAGO_PJM:LSTM,B6_HCH-Local,OK,C0,10488,3.939917,14.484321,7.245994,0.138682,0.0057,13.153152,0.0501,14.881744,3.939917,0.138682,0.0,0.0,-0.01455,0.0,0.0,
LAGO_PJM:PatchTST,B0_Identity,OK,,10488,3.775302,14.424432,5.795317,0.132887,0.0057,14.810711,0.0501,11.717919,3.775302,0.132887,0.0,0.0,,,,
LAGO_PJM:PatchTST,B1_ResidualL1,OK,,10488,4.318642,16.426917,6.294621,0.152012,0.0057,15.182445,0.0501,13.25254,3.775302,0.132887,0.54334,0.143919,,,,
LAGO_PJM:PatchTST,B2_QuantileResidual,OK,,10488,4.28723,16.356804,6.224989,0.150907,0.0057,15.182445,0.0501,12.708656,3.775302,0.132887,0.511928,0.135599,,,,
LAGO_PJM:PatchTST,B3_DeltaAdapter,OK,,10488,4.025978,15.328369,6.043234,0.141711,0.0057,17.18843,0.0501,11.936263,3.775302,0.132887,0.250676,0.066399,,,,
LAGO_PJM:PatchTST,B4_PIR,OK,,10488,3.935595,14.806116,5.895394,0.13853,0.0057,15.23614,0.0501,11.056002,3.775302,0.132887,0.160293,0.042458,,,,
LAGO_PJM:PatchTST,B5_HCH-Universal,OK,C0,10488,3.924589,15.56262,6.000613,0.138142,0.0057,12.871847,0.0501,11.96297,3.775302,0.132887,0.149287,0.039543,-0.012565,-0.005579647686352514,-0.005579647686352514,
LAGO_PJM:PatchTST,B6_HCH-Local,OK,C0,10488,3.775302,14.424431,5.795316,0.132887,0.0057,14.810711,0.0501,11.71792,3.775302,0.132887,0.0,0.0,-0.012054,0.0,0.0,
LAGO_NP:Linear,B0_Identity,OK,,10488,2.63139,7.055348,4.759269,0.063376,0.0,,0.0502,7.754262,2.63139,0.063376,0.0,0.0,,,,
LAGO_NP:Linear,B1_ResidualL1,OK,,10488,3.339867,8.579059,5.182758,0.080439,0.0,,0.0502,9.226514,2.63139,0.063376,0.708476,0.26924,,,,
LAGO_NP:Linear,B2_QuantileResidual,OK,,10488,3.166232,8.20993,5.072783,0.076258,0.0,,0.0502,8.793555,2.63139,0.063376,0.534842,0.203254,,,,
LAGO_NP:Linear,B3_DeltaAdapter,OK,,10488,2.746096,7.290235,4.862833,0.066139,0.0,,0.0502,8.41008,2.63139,0.063376,0.114705,0.043591,,,,
LAGO_NP:Linear,B4_PIR,OK,,10488,2.703924,7.190028,4.839981,0.065123,0.0,,0.0502,8.121187,2.63139,0.063376,0.072534,0.027565,,,,
LAGO_NP:Linear,B5_HCH-Universal,OK,C3,10488,2.730052,7.215187,5.003728,0.065752,0.0,,0.0502,8.236357,2.63139,0.063376,0.098662,0.037494,-0.004075,-0.003348063659968738,-0.001289377130462085,
LAGO_NP:Linear,B6_HCH-Local,OK,C0,10488,2.63139,7.055347,4.759269,0.063376,0.0,,0.0502,7.754261,2.63139,0.063376,0.0,0.0,-0.005679,0.0,0.0,
LAGO_NP:MLP,B0_Identity,OK,,10488,3.848286,9.667485,5.625946,0.092685,0.0,,0.0502,8.356737,3.848286,0.092685,0.0,0.0,,,,
LAGO_NP:MLP,B1_ResidualL1,OK,,10488,5.408948,13.615889,7.153279,0.130273,0.0,,0.0502,10.182148,3.848286,0.092685,1.560662,0.405547,,,,
LAGO_NP:MLP,B2_QuantileResidual,OK,,10488,5.285099,13.327671,7.035078,0.12729,0.0,,0.0502,9.872725,3.848286,0.092685,1.436813,0.373364,,,,
LAGO_NP:MLP,B3_DeltaAdapter,OK,,10488,3.792675,9.511644,5.642635,0.091345,0.0,,0.0502,8.913896,3.848286,0.092685,-0.055611,-0.014451,,,,
LAGO_NP:MLP,B4_PIR,OK,,10488,3.75796,9.410006,5.537983,0.090509,0.0,,0.0502,8.423824,3.848286,0.092685,-0.090326,-0.023472,,,,
LAGO_NP:MLP,B5_HCH-Universal,OK,C0,10488,3.964716,10.068435,5.867748,0.095489,0.0,,0.0502,8.356736,3.848286,0.092685,0.11643,0.030255,-0.003818,-0.002631183544180737,-0.002631183544180737,
LAGO_NP:MLP,B6_HCH-Local,OK,C0,10488,3.848286,9.667485,5.625946,0.092685,0.0,,0.0502,8.356736,3.848286,0.092685,0.0,0.0,-0.006769,0.0,0.0,
LAGO_NP:LSTM,B0_Identity,OK,,10488,2.761872,7.227501,4.625325,0.066519,0.0,,0.0502,7.816717,2.761872,0.066519,0.0,0.0,,,,
LAGO_NP:LSTM,B1_ResidualL1,OK,,10488,3.542475,8.996985,5.178475,0.085319,0.0,,0.0502,9.294162,2.761872,0.066519,0.780602,0.282635,,,,
LAGO_NP:LSTM,B2_QuantileResidual,OK,,10488,3.490436,8.884803,5.138094,0.084066,0.0,,0.0502,9.225736,2.761872,0.066519,0.728564,0.263793,,,,
LAGO_NP:LSTM,B3_DeltaAdapter,OK,,10488,2.770559,7.23903,4.680703,0.066728,0.0,,0.0502,8.034107,2.761872,0.066519,0.008686,0.003145,,,,
LAGO_NP:LSTM,B4_PIR,OK,,10488,2.723185,7.136342,4.576299,0.065587,0.0,,0.0502,7.306812,2.761872,0.066519,-0.038687,-0.014008,,,,
LAGO_NP:LSTM,B5_HCH-Universal,OK,C3,10488,2.823703,7.372372,4.716832,0.068008,0.0,,0.0502,7.774698,2.761872,0.066519,0.06183,0.022387,-0.000357,-0.0027444007603817885,-0.0011254628871162633,
LAGO_NP:LSTM,B6_HCH-Local,OK,C0,10488,2.761872,7.227501,4.625325,0.066519,0.0,,0.0502,7.816717,2.761872,0.066519,0.0,0.0,-0.005,0.0,0.0,
LAGO_NP:PatchTST,B0_Identity,OK,,10488,3.032278,7.851776,4.919552,0.073031,0.0,,0.0502,7.334527,3.032278,0.073031,0.0,0.0,,,,
LAGO_NP:PatchTST,B1_ResidualL1,OK,,10488,4.000937,10.069604,5.701279,0.096361,0.0,,0.0502,9.009363,3.032278,0.073031,0.968659,0.319449,,,,
LAGO_NP:PatchTST,B2_QuantileResidual,OK,,10488,4.001921,10.088362,5.690546,0.096385,0.0,,0.0502,9.004884,3.032278,0.073031,0.969642,0.319774,,,,
LAGO_NP:PatchTST,B3_DeltaAdapter,OK,,10488,3.080495,7.923506,5.012063,0.074193,0.0,,0.0502,8.054666,3.032278,0.073031,0.048216,0.015901,,,,
LAGO_NP:PatchTST,B4_PIR,OK,,10488,3.051193,7.882205,4.940542,0.073487,0.0,,0.0502,7.612075,3.032278,0.073031,0.018915,0.006238,,,,
LAGO_NP:PatchTST,B5_HCH-Universal,OK,C3,10488,2.995638,7.738209,4.828454,0.072149,0.0,,0.0502,7.16626,3.032278,0.073031,-0.03664,-0.012083,-0.004693,-0.002538266244404014,0.0007331913963023605,
LAGO_NP:PatchTST,B6_HCH-Local,OK,C0,10488,3.032278,7.851775,4.919552,0.073031,0.0,,0.0502,7.334527,3.032278,0.073031,0.0,0.0,-0.00802,0.0,0.0,
NEM_SA1:Linear,B0_Identity,OK,,1752,65.107758,89.101735,164.244849,0.695175,0.3522,67.851053,0.0502,274.076331,65.107758,0.695175,0.0,0.0,,,,
NEM_SA1:Linear,B1_ResidualL1,OK,,1752,129.905941,151.355326,207.67588,1.387044,0.3522,68.507313,0.0502,375.944115,65.107758,0.695175,64.798183,0.995245,,,,
NEM_SA1:Linear,B2_QuantileResidual,OK,,1752,106.386971,120.951634,192.066863,1.135925,0.3522,74.732393,0.0502,310.520202,65.107758,0.695175,41.279213,0.634014,,,,
NEM_SA1:Linear,B3_DeltaAdapter,OK,,1752,65.917558,96.091543,164.12449,0.703821,0.3522,68.502972,0.0502,287.11843,65.107758,0.695175,0.8098,0.012438,,,,
NEM_SA1:Linear,B4_PIR,OK,,1752,119.646503,137.781476,200.475678,1.277501,0.3522,97.65791,0.0502,352.38646,65.107758,0.695175,54.538745,0.837669,,,,
NEM_SA1:Linear,B5_HCH-Universal,OK,C0,1752,64.244711,89.346926,162.68932,0.68596,0.3522,61.052541,0.0502,269.145456,65.107757,0.695175,-0.863046,-0.013256,-0.531576,0.009977724634512316,0.009977724634512316,
NEM_SA1:Linear,B6_HCH-Local,OK,C0,1752,74.14326,102.879171,169.512436,0.79165,0.3522,52.954004,0.0502,299.775309,65.107757,0.695175,9.035503,0.138778,-0.441568,-0.08140926161293542,-0.08140926161293542,
NEM_SA1:MLP,B0_Identity,OK,,1752,135.877514,136.552845,227.004271,1.450805,0.3522,81.826561,0.0502,386.903563,135.877514,1.450805,0.0,0.0,,,,
NEM_SA1:MLP,B1_ResidualL1,OK,,1752,115.936473,131.308526,200.190682,1.237888,0.3522,80.382734,0.0502,328.853327,135.877514,1.450805,-19.941041,-0.146757,,,,
NEM_SA1:MLP,B2_QuantileResidual,OK,,1752,134.481692,139.695263,219.733365,1.435901,0.3522,84.886114,0.0502,380.826047,135.877514,1.450805,-1.395822,-0.010273,,,,
NEM_SA1:MLP,B3_DeltaAdapter,OK,,1752,133.904854,154.354984,218.423831,1.429742,0.3522,66.863027,0.0502,387.204035,135.877514,1.450805,-1.972659,-0.014518,,,,
NEM_SA1:MLP,B4_PIR,OK,,1752,124.53415,141.656448,212.021054,1.329688,0.3522,73.653141,0.0502,372.606544,135.877514,1.450805,-11.343364,-0.083482,,,,
NEM_SA1:MLP,B5_HCH-Universal,OK,C0,1752,127.950223,130.130574,219.224025,1.366163,0.3522,84.954441,0.0502,330.469896,135.877515,1.450805,-7.927292,-0.058341,-0.364504,0.0667074746890318,0.0667074746890318,
NEM_SA1:MLP,B6_HCH-Local,OK,C0,1752,135.877515,136.552845,227.004273,1.450805,0.3522,81.826563,0.0502,386.903563,135.877515,1.450805,0.0,0.0,-0.25219,0.0,0.0,
NEM_SA1:LSTM,B0_Identity,OK,,1752,88.426527,121.261209,179.77132,0.944156,0.3522,47.798874,0.0502,325.463637,88.426527,0.944156,0.0,0.0,,,,
NEM_SA1:LSTM,B1_ResidualL1,OK,,1752,76.85179,111.581332,171.182843,0.820569,0.3522,46.294594,0.0502,311.457202,88.426527,0.944156,-11.574737,-0.130897,,,,
NEM_SA1:LSTM,B2_QuantileResidual,OK,,1752,79.403576,117.130593,173.266583,0.847816,0.3522,41.051661,0.0502,326.605887,88.426527,0.944156,-9.022951,-0.102039,,,,
NEM_SA1:LSTM,B3_DeltaAdapter,OK,,1752,86.224216,125.42897,178.629439,0.920642,0.3522,35.73143,0.0502,333.907932,88.426527,0.944156,-2.20231,-0.024906,,,,
NEM_SA1:LSTM,B4_PIR,OK,,1752,82.081662,112.674763,173.655332,0.87641,0.3522,53.279229,0.0502,297.059353,88.426527,0.944156,-6.344864,-0.071753,,,,
NEM_SA1:LSTM,B5_HCH-Universal,OK,C0,1752,86.134239,116.565706,178.303542,0.919681,0.3522,50.418527,0.0502,314.467968,88.426527,0.944156,-2.292288,-0.025923,-0.245186,0.059348107423916684,0.059348107423916684,
NEM_SA1:LSTM,B6_HCH-Local,OK,C0,1752,88.426527,121.26121,179.771321,0.944156,0.3522,47.798874,0.0502,325.463637,88.426527,0.944156,0.0,0.0,-0.219052,0.0,0.0,
NEM_SA1:PatchTST,B0_Identity,OK,,1752,62.147317,89.490901,164.164562,0.663565,0.3522,49.599699,0.0502,292.031958,62.147317,0.663565,0.0,0.0,,,,
NEM_SA1:PatchTST,B1_ResidualL1,OK,,1752,70.060687,100.417399,168.765935,0.748059,0.3522,48.664198,0.0502,305.440228,62.147317,0.663565,7.91337,0.127332,,,,
NEM_SA1:PatchTST,B2_QuantileResidual,OK,,1752,68.469311,98.519563,167.62692,0.731067,0.3522,47.90123,0.0502,297.88457,62.147317,0.663565,6.321994,0.101726,,,,
NEM_SA1:PatchTST,B3_DeltaAdapter,OK,,1752,61.743148,90.380115,164.356286,0.65925,0.3522,49.999342,0.0502,283.405911,62.147317,0.663565,-0.40417,-0.006503,,,,
NEM_SA1:PatchTST,B4_PIR,OK,,1752,65.67022,89.62899,168.006526,0.701181,0.3522,45.110506,0.0502,287.284874,62.147317,0.663565,3.522902,0.056686,,,,
NEM_SA1:PatchTST,B5_HCH-Universal,OK,C0,1752,62.253425,89.539101,164.23797,0.664698,0.3522,49.33196,0.0502,290.193632,62.147317,0.663565,0.106108,0.001707,-0.387728,0.0009219611652851433,0.0009219611652851433,
NEM_SA1:PatchTST,B6_HCH-Local,OK,C0,1752,62.147317,89.490901,164.164562,0.663565,0.3522,49.599699,0.0502,292.031957,62.147317,0.663565,0.0,0.0,-0.336734,0.0,0.0,
GEFCOM14P:Linear,B0_Identity,OK,,5184,5.685754,11.597937,10.413212,0.123436,0.0,,0.0502,27.635325,5.685754,0.123436,0.0,0.0,,,,
GEFCOM14P:Linear,B1_ResidualL1,OK,,5184,10.367301,29.103303,14.137729,0.225071,0.0,,0.0502,29.919215,5.685754,0.123436,4.681547,0.823382,,,,
GEFCOM14P:Linear,B2_QuantileResidual,OK,,5184,9.90522,28.128737,13.424594,0.215039,0.0,,0.0502,27.42895,5.685754,0.123436,4.219466,0.742112,,,,
GEFCOM14P:Linear,B3_DeltaAdapter,OK,,5184,5.796508,11.569219,10.769234,0.12584,0.0,,0.0502,28.970903,5.685754,0.123436,0.110754,0.019479,,,,
GEFCOM14P:Linear,B4_PIR,OK,,5184,5.607073,11.48979,10.48616,0.121728,0.0,,0.0502,28.516405,5.685754,0.123436,-0.078681,-0.013838,,,,
GEFCOM14P:Linear,B5_HCH-Universal,OK,C0,5184,5.712476,11.651837,10.488729,0.124016,0.0,,0.0502,28.121925,5.685754,0.123436,0.026722,0.0047,-0.0373,-0.0003469014919183117,-0.0003469014919183117,
GEFCOM14P:Linear,B6_HCH-Local,OK,C0,5184,5.685754,11.597938,10.413212,0.123436,0.0,,0.0502,27.635324,5.685754,0.123436,0.0,0.0,-0.025415,0.0,0.0,
GEFCOM14P:MLP,B0_Identity,OK,,5184,6.356441,12.262185,11.430904,0.137996,0.0,,0.0502,29.30138,6.356441,0.137996,0.0,0.0,,,,
GEFCOM14P:MLP,B1_ResidualL1,OK,,5184,7.672567,14.147077,14.372863,0.166569,0.0,,0.0502,32.373745,6.356441,0.137996,1.316125,0.207054,,,,
GEFCOM14P:MLP,B2_QuantileResidual,OK,,5184,6.835328,13.339276,12.080775,0.148393,0.0,,0.0502,29.573753,6.356441,0.137996,0.478887,0.075339,,,,
GEFCOM14P:MLP,B3_DeltaAdapter,OK,,5184,7.099641,14.524543,11.824839,0.154131,0.0,,0.0502,29.660627,6.356441,0.137996,0.7432,0.116921,,,,
GEFCOM14P:MLP,B4_PIR,OK,,5184,10.392472,18.629208,18.668274,0.225617,0.0,,0.0502,37.305908,6.356441,0.137996,4.036031,0.634951,,,,
GEFCOM14P:MLP,B5_HCH-Universal,OK,C0,5184,6.361187,12.37917,11.445051,0.138099,0.0,,0.0502,29.215841,6.356441,0.137996,0.004745,0.000747,-0.053437,-0.0005500878425048223,-0.0005500878425048223,
GEFCOM14P:MLP,B6_HCH-Local,OK,C0,5184,6.356441,12.262185,11.430904,0.137996,0.0,,0.0502,29.30138,6.356441,0.137996,0.0,0.0,-0.012464,0.0,0.0,
GEFCOM14P:LSTM,B0_Identity,OK,,5184,5.681146,11.10625,10.621195,0.123336,0.0,,0.0502,26.737766,5.681146,0.123336,0.0,0.0,,,,
GEFCOM14P:LSTM,B1_ResidualL1,OK,,5184,6.496204,12.456163,11.454277,0.14103,0.0,,0.0502,27.311694,5.681146,0.123336,0.815058,0.143467,,,,
GEFCOM14P:LSTM,B2_QuantileResidual,OK,,5184,6.188297,12.028361,11.161606,0.134346,0.0,,0.0502,27.065789,5.681146,0.123336,0.507151,0.089269,,,,
GEFCOM14P:LSTM,B3_DeltaAdapter,OK,,5184,6.73715,14.094759,11.501394,0.146261,0.0,,0.0502,27.91394,5.681146,0.123336,1.056004,0.185879,,,,
GEFCOM14P:LSTM,B4_PIR,OK,,5184,7.661963,15.608139,11.581439,0.166339,0.0,,0.0502,24.372617,5.681146,0.123336,1.980817,0.348665,,,,
GEFCOM14P:LSTM,B5_HCH-Universal,OK,C0,5184,5.681354,11.134008,10.602289,0.12334,0.0,,0.0502,26.606039,5.681146,0.123336,0.000208,3.7e-05,-0.035143,-0.0002051152063297646,-0.0002051152063297646,
GEFCOM14P:LSTM,B6_HCH-Local,OK,C0,5184,5.681146,11.10625,10.621195,0.123336,0.0,,0.0502,26.737767,5.681146,0.123336,0.0,0.0,-0.013418,0.0,0.0,
GEFCOM14P:PatchTST,B0_Identity,OK,,5184,6.606514,12.926169,13.025496,0.143425,0.0,,0.0502,37.031085,6.606514,0.143425,0.0,0.0,,,,
GEFCOM14P:PatchTST,B1_ResidualL1,OK,,5184,7.369251,15.074975,12.997267,0.159984,0.0,,0.0502,33.88601,6.606514,0.143425,0.762737,0.115452,,,,
GEFCOM14P:PatchTST,B2_QuantileResidual,OK,,5184,7.32918,15.01604,13.535321,0.159114,0.0,,0.0502,37.171898,6.606514,0.143425,0.722666,0.109387,,,,
GEFCOM14P:PatchTST,B3_DeltaAdapter,OK,,5184,7.182063,14.390885,13.151525,0.15592,0.0,,0.0502,35.826352,6.606514,0.143425,0.575549,0.087118,,,,
GEFCOM14P:PatchTST,B4_PIR,OK,,5184,7.49919,14.81439,12.877794,0.162805,0.0,,0.0502,32.310907,6.606514,0.143425,0.892676,0.135121,,,,
GEFCOM14P:PatchTST,B5_HCH-Universal,OK,C0,5184,6.579457,12.921835,12.93658,0.142838,0.0,,0.0502,36.144142,6.606515,0.143425,-0.027058,-0.004096,-0.058983,-7.78170983380624e-06,-7.78170983380624e-06,
GEFCOM14P:PatchTST,B6_HCH-Local,OK,C0,5184,6.606515,12.926169,13.025496,0.143425,0.0,,0.0502,37.031085,6.606515,0.143425,0.0,0.0,-0.022902,0.0,0.0,
NORD_DK1:Linear,B0_Identity,OK,,4824,32.780443,61.713297,42.106372,0.502037,0.0699,39.917535,0.0502,30.418375,32.780443,0.502037,0.0,0.0,,,,
NORD_DK1:Linear,B1_ResidualL1,OK,,4824,33.296354,61.154091,41.814926,0.509938,0.0699,57.711985,0.0502,33.000527,32.780443,0.502037,0.515911,0.015738,,,,
NORD_DK1:Linear,B2_QuantileResidual,OK,,4824,33.523291,61.326308,42.068385,0.513413,0.0699,58.158957,0.0502,33.000527,32.780443,0.502037,0.742848,0.022661,,,,
NORD_DK1:Linear,B3_DeltaAdapter,OK,,4824,33.693082,62.797137,42.230062,0.516014,0.0699,53.645611,0.0502,39.360668,32.780443,0.502037,0.91264,0.027841,,,,
NORD_DK1:Linear,B4_PIR,OK,,4824,31.617207,61.822117,40.048229,0.484222,0.0699,47.255544,0.0502,35.770802,32.780443,0.502037,-1.163236,-0.035486,,,,
NORD_DK1:Linear,B5_HCH-Universal,OK,C0,4824,31.810107,63.817484,41.650493,0.487176,0.0699,33.889234,0.0502,33.89257,32.780443,0.502037,-0.970336,-0.029601,-0.042865,0.009461025257794988,0.009461025257794988,
NORD_DK1:Linear,B6_HCH-Local,OK,C0,4824,32.780443,61.713297,42.106372,0.502037,0.0699,39.917535,0.0502,30.418375,32.780443,0.502037,0.0,0.0,-0.032641,0.0,0.0,
NORD_DK1:MLP,B0_Identity,OK,,4824,74.272883,85.697551,89.989155,1.137499,0.0699,81.156792,0.0502,59.116984,74.272883,1.137499,0.0,0.0,,,,
NORD_DK1:MLP,B1_ResidualL1,OK,,4824,57.69279,83.587286,73.53606,0.883572,0.0699,62.917932,0.0502,61.668695,74.272883,1.137499,-16.580093,-0.223232,,,,
NORD_DK1:MLP,B2_QuantileResidual,OK,,4824,61.751484,84.955525,78.421456,0.945732,0.0699,65.597887,0.0502,64.164399,74.272883,1.137499,-12.521399,-0.168586,,,,
NORD_DK1:MLP,B3_DeltaAdapter,OK,,4824,66.773494,80.140115,81.307106,1.022645,0.0699,98.151595,0.0502,46.571483,74.272883,1.137499,-7.499389,-0.100971,,,,
NORD_DK1:MLP,B4_PIR,OK,,4824,51.996407,81.636796,64.6925,0.796332,0.0699,65.612522,0.0502,53.540847,74.272883,1.137499,-22.276476,-0.299927,,,,
NORD_DK1:MLP,B5_HCH-Universal,OK,C0,4824,46.513835,83.17459,59.270853,0.712365,0.0699,33.615794,0.0502,69.405779,74.272883,1.137499,-27.759048,-0.373744,-0.109614,0.1271953670351482,0.1271953670351482,
NORD_DK1:MLP,B6_HCH-Local,OK,C3,4824,62.936515,81.170619,79.969005,0.963881,0.0699,55.0197,0.0502,65.487429,74.272883,1.137499,-11.336368,-0.152631,-0.068009,0.012369511569714366,0.05997047758037426,
NORD_DK1:LSTM,B0_Identity,OK,,4824,51.05337,72.351594,60.57581,0.781889,0.0699,89.772255,0.0502,27.214811,51.05337,0.781889,0.0,0.0,,,,
NORD_DK1:LSTM,B1_ResidualL1,OK,,4824,45.111457,68.751554,54.923891,0.690888,0.0699,73.096476,0.0502,28.227672,51.05337,0.781889,-5.941913,-0.116386,,,,
NORD_DK1:LSTM,B2_QuantileResidual,OK,,4824,45.111457,68.751554,54.923891,0.690888,0.0699,73.096476,0.0502,28.227672,51.05337,0.781889,-5.941913,-0.116386,,,,
NORD_DK1:LSTM,B3_DeltaAdapter,OK,,4824,48.28275,70.336253,58.075793,0.739456,0.0699,93.184032,0.0502,28.541063,51.05337,0.781889,-2.77062,-0.054269,,,,
NORD_DK1:LSTM,B4_PIR,OK,,4824,35.070627,62.641162,43.599171,0.537111,0.0699,65.858996,0.0502,40.648035,51.05337,0.781889,-15.982743,-0.31306,,,,
NORD_DK1:LSTM,B5_HCH-Universal,OK,C0,4824,37.478302,71.242728,47.644685,0.573985,0.0699,38.998037,0.0502,51.887181,51.05337,0.781889,-13.575068,-0.2659,-0.052228,0.09398762261009098,0.09398762261009098,
NORD_DK1:LSTM,B6_HCH-Local,OK,C0,4824,48.880132,71.418383,58.554222,0.748605,0.0699,79.836888,0.0502,29.243544,51.05337,0.781889,-2.173237,-0.042568,-0.018115,0.015559732873462358,0.015559732873462358,
NORD_DK1:PatchTST,B0_Identity,OK,,4824,49.45916,70.576045,59.944569,0.757473,0.0699,108.124726,0.0502,34.012,49.45916,0.757473,0.0,0.0,,,,
NORD_DK1:PatchTST,B1_ResidualL1,OK,,4824,39.208471,64.522312,49.132556,0.600483,0.0699,79.677243,0.0502,37.239723,49.45916,0.757473,-10.250689,-0.207256,,,,
NORD_DK1:PatchTST,B2_QuantileResidual,OK,,4824,39.208471,64.522312,49.132556,0.600483,0.0699,79.677243,0.0502,37.239723,49.45916,0.757473,-10.250689,-0.207256,,,,
NORD_DK1:PatchTST,B3_DeltaAdapter,OK,,4824,48.127596,69.628286,58.812468,0.73708,0.0699,107.28987,0.0502,35.687441,49.45916,0.757473,-1.331564,-0.026922,,,,
NORD_DK1:PatchTST,B4_PIR,OK,,4824,36.866492,63.441925,46.513294,0.564615,0.0699,84.852187,0.0502,61.886639,49.45916,0.757473,-12.592668,-0.254607,,,,
NORD_DK1:PatchTST,B5_HCH-Universal,OK,C0,4824,41.619606,73.171098,52.9887,0.63741,0.0699,61.41879,0.0502,54.402165,49.45916,0.757473,-7.839554,-0.158506,-0.051997,0.05872603001135316,0.05872603001135316,
NORD_DK1:PatchTST,B6_HCH-Local,OK,C0,4824,48.412843,71.209235,58.878479,0.741449,0.0699,101.69903,0.0502,36.451769,49.45916,0.757473,-1.046317,-0.021155,-0.02008,0.007484490790490105,0.007484490790490105,
