Timestamp,SPPNORTH_HUB,SPPSOUTH_HUB
1/1/2025 0:00,32.2242,40.6497
1/1/2025 1:00,28.6867,35.0716
1/1/2025 2:00,28.4116,32.4585
1/1/2025 3:00,24.9387,29.1416
1/1/2025 4:00,24.53,26.6105
1/1/2025 5:00,22.0737,24.0464
1/1/2025 6:00,17.6879,27.8403
1/1/2025 7:00,17.8741,25.6212
1/1/2025 8:00,18.8635,26.8891
1/1/2025 9:00,20.7078,28.6298
1/1/2025 10:00,23.7647,29.6792
1/1/2025 11:00,33.0955,36.6401
1/1/2025 12:00,36.7028,40.548
1/1/2025 13:00,40.3947,43.941
1/1/2025 14:00,42.4435,44.9128
1/1/2025 15:00,46.5756,48.7474
1/1/2025 16:00,41.5714,42.7751
1/1/2025 17:00,32.6158,37.5732
1/1/2025 18:00,28.9492,34.328
1/1/2025 19:00,25.0416,29.0442
1/1/2025 20:00,24.7342,27.6504
1/1/2025 21:00,24.3776,27.7234
1/1/2025 22:00,29.8877,30.3913
1/1/2025 23:00,39.3888,40.8148
1/2/2025 0:00,29.6947,32.2911
1/2/2025 1:00,26.2862,28.6357
1/2/2025 2:00,23.5409,29.9121
1/2/2025 3:00,20.9181,29.6395
1/2/2025 4:00,18.6798,26.3677
1/2/2025 5:00,16.0498,22.5748
1/2/2025 6:00,24.512,18.6182
1/2/2025 7:00,22.49,13.1726
1/2/2025 8:00,21.0673,10.8574
1/2/2025 9:00,20.3343,13.0623
1/2/2025 10:00,21.6939,17.7445
1/2/2025 11:00,30.8119,25.0515
1/2/2025 12:00,35.2804,24.8992
1/2/2025 13:00,37.4434,24.4281
1/2/2025 14:00,40.0253,27.4192
1/2/2025 15:00,45.9829,38.3319
1/2/2025 16:00,45.5051,39.203
1/2/2025 17:00,39.4247,35.3315
1/2/2025 18:00,33.3217,33.6408
1/2/2025 19:00,30.6911,31.4193
1/2/2025 20:00,28.2726,29.4104
1/2/2025 21:00,27.7333,29.503
1/2/2025 22:00,34.9955,38.932
1/2/2025 23:00,37.7986,46.4465
1/3/2025 0:00,31.2488,37.9549
1/3/2025 1:00,26.695,31.459
1/3/2025 2:00,25.8093,30.6486
1/3/2025 3:00,23.4536,26.9181
1/3/2025 4:00,22.6109,25.5116
1/3/2025 5:00,22.5903,25.0809
1/3/2025 6:00,23.0163,24.6763
1/3/2025 7:00,22.8987,24.694
1/3/2025 8:00,25.0216,26.6886
1/3/2025 9:00,27.4721,28.935
1/3/2025 10:00,29.9818,31.0087
1/3/2025 11:00,41.0739,41.0128
1/3/2025 12:00,49.2172,49.1843
1/3/2025 13:00,60.2913,60.4332
1/3/2025 14:00,58.9204,59.2462
1/3/2025 15:00,60.0217,60.266
1/3/2025 16:00,55.3305,55.739
1/3/2025 17:00,47.1611,47.3626
1/3/2025 18:00,40.771,42.6864
1/3/2025 19:00,34.7649,38.1813
1/3/2025 20:00,31.7877,36.1553
1/3/2025 21:00,28.5147,32.8143
1/3/2025 22:00,32.0659,34.9126
1/3/2025 23:00,39.7498,39.8029
1/4/2025 0:00,31.7112,32.9875
1/4/2025 1:00,35.815,31.6048
1/4/2025 2:00,35.5592,33.5249
1/4/2025 3:00,32.3601,31.0665
1/4/2025 4:00,35.571,25.5046
1/4/2025 5:00,30.4513,24.3338
1/4/2025 6:00,37.047,22.6727
1/4/2025 7:00,30.4348,22.1012
1/4/2025 8:00,28.6576,21.0534
1/4/2025 9:00,28.0517,22.4752
1/4/2025 10:00,26.711,21.2898
1/4/2025 11:00,27.8937,21.7597
1/4/2025 12:00,26.6326,21.6596
1/4/2025 13:00,31.9452,21.0117
1/4/2025 14:00,38.66,24.9436
1/4/2025 15:00,43.2012,26.0018
1/4/2025 16:00,37.4913,21.4521
1/4/2025 17:00,28.9211,17.7662
1/4/2025 18:00,25.9754,17.6788
1/4/2025 19:00,24.5025,18.8473
1/4/2025 20:00,22.2941,16.7397
1/4/2025 21:00,23.1185,18
1/4/2025 22:00,24.2887,17.8626
1/4/2025 23:00,30.6224,27.3583
1/5/2025 0:00,24.5523,29.4091
1/5/2025 1:00,22.7531,27.5063
1/5/2025 2:00,22.8629,26.7975
1/5/2025 3:00,19.0693,18.8974
1/5/2025 4:00,17.9442,14.7918
1/5/2025 5:00,12.9923,12.9945
1/5/2025 6:00,21.7977,18.2587
1/5/2025 7:00,16.9664,15
1/5/2025 8:00,13.8037,13.5842
1/5/2025 9:00,9.9785,15
1/5/2025 10:00,8.0687,16.5028
1/5/2025 11:00,10.8287,19.5874
1/5/2025 12:00,9.4522,21.8556
1/5/2025 13:00,15.0261,26.3226
1/5/2025 14:00,16.0811,30.1611
1/5/2025 15:00,16.5847,35.2227
1/5/2025 16:00,15.8359,34.1669
1/5/2025 17:00,13.095,32.6231
1/5/2025 18:00,11.3739,35.4405
1/5/2025 19:00,6.7592,33.8529
1/5/2025 20:00,6.5111,32.4904
1/5/2025 21:00,7.9445,35.2377
1/5/2025 22:00,12.8622,40.7254
1/5/2025 23:00,16.5186,52.5805
1/6/2025 0:00,14.7754,46.9768
1/6/2025 1:00,16.3971,49.9865
1/6/2025 2:00,16.7714,49.1938
1/6/2025 3:00,16.2103,44.4789
1/6/2025 4:00,17.9101,45.2593
1/6/2025 5:00,18.55,39.109
1/6/2025 6:00,25.186,33.6926
1/6/2025 7:00,28.2731,34.3276
1/6/2025 8:00,29.2131,36.0127
1/6/2025 9:00,34.1736,43.4581
1/6/2025 10:00,37.4058,44.3034
1/6/2025 11:00,44.9125,58.4053
1/6/2025 12:00,51.3675,69.4472
1/6/2025 13:00,60.4613,78.5055
1/6/2025 14:00,64.9643,81.2264
1/6/2025 15:00,71.3592,85.4583
1/6/2025 16:00,79.7893,82.7219
1/6/2025 17:00,60.7603,64.6519
1/6/2025 18:00,56.286,57.591
1/6/2025 19:00,55.0767,56.7691
1/6/2025 20:00,50.0991,48.2872
1/6/2025 21:00,60.6737,58.431
1/6/2025 22:00,72.6699,74.5711
1/6/2025 23:00,102.0359,86.1064
1/7/2025 0:00,102.3065,85.936
1/7/2025 1:00,79.0224,70.8246
1/7/2025 2:00,68.66,68
1/7/2025 3:00,63.777,64.6545
1/7/2025 4:00,61.8913,61.6644
1/7/2025 5:00,51.6208,52.2055
1/7/2025 6:00,52.2263,49.7519
1/7/2025 7:00,50.5068,50.1171
1/7/2025 8:00,49.9892,50.0384
1/7/2025 9:00,52.203,52.6902
1/7/2025 10:00,50.5459,52.0113
1/7/2025 11:00,64.4125,65
1/7/2025 12:00,66.2733,78.3811
1/7/2025 13:00,80.8902,95.5219
1/7/2025 14:00,75.2291,79.7392
1/7/2025 15:00,70.147,74.5757
1/7/2025 16:00,63.5741,67.2189
1/7/2025 17:00,52.4017,57.581
1/7/2025 18:00,42.2634,52.8485
1/7/2025 19:00,35.7398,43.0998
1/7/2025 20:00,30.9737,40
1/7/2025 21:00,30.747,38.2233
1/7/2025 22:00,35.1835,45.5248
1/7/2025 23:00,46.5617,62.8539
1/8/2025 0:00,39.9653,52.5861
1/8/2025 1:00,31.0809,49.6234
1/8/2025 2:00,29.81,48.8161
1/8/2025 3:00,28.3478,46.2822
1/8/2025 4:00,30.4233,47.0645
1/8/2025 5:00,31.6543,48.5033
1/8/2025 6:00,38,37.7702
1/8/2025 7:00,36.3137,37.7293
1/8/2025 8:00,37.9507,40.9055
1/8/2025 9:00,39.4712,42.2606
1/8/2025 10:00,36.1648,44.3283
1/8/2025 11:00,46.0225,53.8819
1/8/2025 12:00,51.8376,68.586
1/8/2025 13:00,62.2208,80.2815
1/8/2025 14:00,55.2219,73.9061
1/8/2025 15:00,56.9482,69.9846
1/8/2025 16:00,50.8314,67.5275
1/8/2025 17:00,42.8997,51.2277
1/8/2025 18:00,38.6754,49.2293
1/8/2025 19:00,31.9796,44.99
1/8/2025 20:00,30.875,43.5558
1/8/2025 21:00,28.3757,42.5851
1/8/2025 22:00,27.5397,45.3625
1/8/2025 23:00,24.1492,60.8752
1/9/2025 0:00,13.4704,57.7751
1/9/2025 1:00,2.7785,59.7466
1/9/2025 2:00,-0.0957,61.403
1/9/2025 3:00,-3.1272,54.4448
1/9/2025 4:00,-4.0648,45.1616
1/9/2025 5:00,-5.0918,41.974
1/9/2025 6:00,6.7931,34.2941
1/9/2025 7:00,5.7529,35.0667
1/9/2025 8:00,6.9821,34.0023
1/9/2025 9:00,10.0327,35.3949
1/9/2025 10:00,13.9612,37.9224
1/9/2025 11:00,17.0088,46.0765
1/9/2025 12:00,21.8001,53.0771
1/9/2025 13:00,23.3517,51.5036
1/9/2025 14:00,20.767,54.2307
1/9/2025 15:00,22.9617,49.5036
1/9/2025 16:00,21.898,42.7906
1/9/2025 17:00,20.0316,45.0353
1/9/2025 18:00,19.1015,41.7863
1/9/2025 19:00,18.4072,41.0579
1/9/2025 20:00,17.5796,40.3666
1/9/2025 21:00,16.7519,47.5929
1/9/2025 22:00,16.3058,48.7795
1/9/2025 23:00,24.5719,61.3919
1/10/2025 0:00,21.3152,54.7846
1/10/2025 1:00,16.9473,50.2096
1/10/2025 2:00,15.5523,53.9856
1/10/2025 3:00,10.7639,48.6403
1/10/2025 4:00,6.1187,46.6027
1/10/2025 5:00,3.0949,39.5558
1/10/2025 6:00,-0.2884,39.3773
1/10/2025 7:00,-2.4465,37.4648
1/10/2025 8:00,-4.0386,31.6357
1/10/2025 9:00,-1.6857,26.9112
1/10/2025 10:00,0.8869,24.4069
1/10/2025 11:00,8.7095,29.15
1/10/2025 12:00,13.6907,34.4593
1/10/2025 13:00,19.7995,34.0909
1/10/2025 14:00,19.2183,38.2175
1/10/2025 15:00,21.617,42.1071
1/10/2025 16:00,23.007,38.4733
1/10/2025 17:00,22.5691,40.1345
1/10/2025 18:00,25.216,36.3527
1/10/2025 19:00,26.5545,26.6526
1/10/2025 20:00,30.1632,31.9894
1/10/2025 21:00,36.2875,38.7362
1/10/2025 22:00,46.7289,49.6613
1/10/2025 23:00,64.5437,68.1774
1/11/2025 0:00,54.9587,58.2726
1/11/2025 1:00,40.7701,43.3829
1/11/2025 2:00,34.5866,37.235
1/11/2025 3:00,27.117,41.8515
1/11/2025 4:00,21.634,40.1238
1/11/2025 5:00,17.867,36.7074
1/11/2025 6:00,13.7306,41.5188
1/11/2025 7:00,10.7758,40.88
1/11/2025 8:00,11.702,38.4251
1/11/2025 9:00,12.2876,38.0417
1/11/2025 10:00,11.9547,36.3286
1/11/2025 11:00,14.2408,37.8599
1/11/2025 12:00,16.3383,38.9217
1/11/2025 13:00,21.7542,45.0618
1/11/2025 14:00,21.4104,45.112
1/11/2025 15:00,26.5266,44.0787
1/11/2025 16:00,29.851,41.0506
1/11/2025 17:00,27.8113,38.3977
1/11/2025 18:00,24.7432,31.0169
1/11/2025 19:00,21.6863,28.3026
1/11/2025 20:00,19.6652,27.3628
1/11/2025 21:00,19.1432,28.9128
1/11/2025 22:00,21.7949,32.7407
1/11/2025 23:00,31.7628,45.2386
1/12/2025 0:00,22.7802,39.2843
1/12/2025 1:00,18.6735,37.3505
1/12/2025 2:00,19.2981,38.9418
1/12/2025 3:00,17.5172,35.7953
1/12/2025 4:00,17.0703,34.8102
1/12/2025 5:00,15.4725,35.1613
1/12/2025 6:00,0.0235,36.1856
1/12/2025 7:00,-3.0413,35.7061
1/12/2025 8:00,-5.6663,33.995
1/12/2025 9:00,-5.9944,34.0888
1/12/2025 10:00,-5.4925,32.7446
1/12/2025 11:00,-4.1158,32.8337
1/12/2025 12:00,-1.4101,31.8844
1/12/2025 13:00,-3.2187,36.8425
1/12/2025 14:00,1.332,40.0886
1/12/2025 15:00,7.1937,45
1/12/2025 16:00,5.0988,44.4178
1/12/2025 17:00,6.7853,42.5072
1/12/2025 18:00,5.6035,42.3513
1/12/2025 19:00,7.5478,40.8563
1/12/2025 20:00,12.2247,38.5241
1/12/2025 21:00,16.7113,32.053
1/12/2025 22:00,21.0506,34.2651
1/12/2025 23:00,31.3889,51.9312
1/13/2025 0:00,29.0095,47.0013
1/13/2025 1:00,27.3842,40.4435
1/13/2025 2:00,28.0824,40.5036
1/13/2025 3:00,26.845,37.0557
1/13/2025 4:00,27.508,34.7866
1/13/2025 5:00,27.5932,34.8037
1/13/2025 6:00,27.0949,32.7954
1/13/2025 7:00,27.6912,35.4405
1/13/2025 8:00,28.6858,37.4026
1/13/2025 9:00,29.2476,38.2064
1/13/2025 10:00,31.0847,41.5981
1/13/2025 11:00,36.7701,48.1442
1/13/2025 12:00,47.6827,59.3412
1/13/2025 13:00,64.5088,70.1513
1/13/2025 14:00,55.379,63.1385
1/13/2025 15:00,57.7283,62.2477
1/13/2025 16:00,52.426,55.6253
1/13/2025 17:00,45.4948,47.8202
1/13/2025 18:00,41.9739,43.8149
1/13/2025 19:00,36.9532,38.4475
1/13/2025 20:00,35.1082,36.1756
1/13/2025 21:00,38.5747,39.0553
1/13/2025 22:00,56.2826,41.9883
1/13/2025 23:00,85.9046,56.1654
1/14/2025 0:00,73.7033,50.3418
1/14/2025 1:00,59.7488,48.9409
1/14/2025 2:00,57.3066,52.565
1/14/2025 3:00,48.1225,48.5566
1/14/2025 4:00,45.8214,45.8734
1/14/2025 5:00,39.5728,42.9711
1/14/2025 6:00,15.8491,30.5811
1/14/2025 7:00,15.6322,30.2825
1/14/2025 8:00,18.422,31.6047
1/14/2025 9:00,20.495,32.7253
1/14/2025 10:00,27.1346,37.8277
1/14/2025 11:00,33.576,47.7015
1/14/2025 12:00,45.899,57.4577
1/14/2025 13:00,54.3207,60
1/14/2025 14:00,58.4013,51.9829
1/14/2025 15:00,64.2535,54.5455
1/14/2025 16:00,59.2667,51.8293
1/14/2025 17:00,53.829,49.3454
1/14/2025 18:00,51.3926,47.9966
1/14/2025 19:00,48.48,46.1312
1/14/2025 20:00,47.4597,45.3913
1/14/2025 21:00,52.3971,48.4802
1/14/2025 22:00,57.2976,52.3659
1/14/2025 23:00,77.635,67.0437
1/15/2025 0:00,66.8677,58.9115
1/15/2025 1:00,53.1874,49.8913
1/15/2025 2:00,47.8769,47.6786
1/15/2025 3:00,43.1387,44.5079
1/15/2025 4:00,40.1504,41.1601
1/15/2025 5:00,33.6689,35.7645
1/15/2025 6:00,39.948,45.8806
1/15/2025 7:00,38.1467,43.483
1/15/2025 8:00,36.5408,39.6373
1/15/2025 9:00,36.5242,42.7232
1/15/2025 10:00,44.4532,47.9217
1/15/2025 11:00,51.5795,54.8626
1/15/2025 12:00,58.8586,66
1/15/2025 13:00,50,70.8586
1/15/2025 14:00,50.7242,59.774
1/15/2025 15:00,39.5203,60.6431
1/15/2025 16:00,31.3185,52.4666
1/15/2025 17:00,28.0511,49.174
1/15/2025 18:00,20.9797,42.6116
1/15/2025 19:00,17.53,35.2794
1/15/2025 20:00,14.8743,34.2877
1/15/2025 21:00,14.9923,34.4229
1/15/2025 22:00,17.0634,39.1903
1/15/2025 23:00,21.712,48.8785
1/16/2025 0:00,18.1241,51.8987
1/16/2025 1:00,16.4798,42.4042
1/16/2025 2:00,14.1606,43.3224
1/16/2025 3:00,12.946,42.4001
1/16/2025 4:00,9.0237,37.767
1/16/2025 5:00,3.1064,31.5864
1/16/2025 6:00,-6.1434,22.8146
1/16/2025 7:00,-7.3633,21.1038
1/16/2025 8:00,-7.8936,20.9962
1/16/2025 9:00,-7.5512,22.58
1/16/2025 10:00,-2.9039,26.5632
1/16/2025 11:00,2.3909,35.5052
1/16/2025 12:00,23.1153,43.8561
1/16/2025 13:00,24.8774,60.0722
1/16/2025 14:00,28.0457,51.4057
1/16/2025 15:00,39.3025,64.3031
1/16/2025 16:00,39.956,65.5786
1/16/2025 17:00,36.534,60.5466
1/16/2025 18:00,35.1908,50.2243
1/16/2025 19:00,33.9893,46.0696
1/16/2025 20:00,31.1615,40.0584
1/16/2025 21:00,27.5784,36.7866
1/16/2025 22:00,23.9973,32.8102
1/16/2025 23:00,21.1176,39.4037
1/17/2025 0:00,15.1531,32.568
1/17/2025 1:00,4.9027,31.7112
1/17/2025 2:00,-0.6745,29.1446
1/17/2025 3:00,-5.1102,21.7271
1/17/2025 4:00,-7.3786,15.9604
1/17/2025 5:00,-10.8133,8.0632
1/17/2025 6:00,-17.9719,17.8704
1/17/2025 7:00,-19.8935,17.0314
1/17/2025 8:00,-19.8598,17.3856
1/17/2025 9:00,-20.1503,18.5571
1/17/2025 10:00,-17.6561,19.9406
1/17/2025 11:00,-11.0176,23.1407
1/17/2025 12:00,-2.5756,31.8702
1/17/2025 13:00,6.1177,34.2412
1/17/2025 14:00,2.9166,31.2739
1/17/2025 15:00,1.8794,32.6448
1/17/2025 16:00,-1.8959,35.7151
1/17/2025 17:00,4.4208,28.2294
1/17/2025 18:00,6.61,27.3606
1/17/2025 19:00,4.7285,27.1
1/17/2025 20:00,5.9989,27.3579
1/17/2025 21:00,1,28.333
1/17/2025 22:00,-1.1995,30.3926
1/17/2025 23:00,5.8082,34.6517
1/18/2025 0:00,3.4432,34.7456
1/18/2025 1:00,-3.0917,28.6314
1/18/2025 2:00,-5.4477,24.3266
1/18/2025 3:00,-8.214,26.5182
1/18/2025 4:00,-10.9927,25.9118
1/18/2025 5:00,-13.1783,20.7513
1/18/2025 6:00,-14.4758,14.9441
1/18/2025 7:00,-15.2552,14.6685
1/18/2025 8:00,-17.0052,15.1138
1/18/2025 9:00,-17.1238,16.0718
1/18/2025 10:00,-15.8976,20.9028
1/18/2025 11:00,-11.8254,30.2372
1/18/2025 12:00,-14.7467,33.0619
1/18/2025 13:00,-10.1131,36.8052
1/18/2025 14:00,-4.6414,40.876
1/18/2025 15:00,-1.2101,62.2553
1/18/2025 16:00,-0.2169,59.4838
1/18/2025 17:00,-3.7685,51.7667
1/18/2025 18:00,-4.7577,47.524
1/18/2025 19:00,-6.3541,49.0686
1/18/2025 20:00,-7.7529,49.1042
1/18/2025 21:00,-6.7635,49.7374
1/18/2025 22:00,-1.7351,50.7812
1/18/2025 23:00,4.7375,73.0618
1/19/2025 0:00,1,77.8536
1/19/2025 1:00,1.333,79.0618
1/19/2025 2:00,4.0131,74.2018
1/19/2025 3:00,2.2388,62.8651
1/19/2025 4:00,0.01,59.0058
1/19/2025 5:00,5.3857,57.3165
1/19/2025 6:00,8.5054,46.4421
1/19/2025 7:00,13.0651,48.8174
1/19/2025 8:00,12.4967,49.0306
1/19/2025 9:00,17.7753,51.4317
1/19/2025 10:00,22.2757,52.6737
1/19/2025 11:00,34.2535,61.5344
1/19/2025 12:00,32.22,56.0365
1/19/2025 13:00,35.4951,59.0224
1/19/2025 14:00,38.0199,61.95
1/19/2025 15:00,38.1581,69.1368
1/19/2025 16:00,34.392,67.0076
1/19/2025 17:00,34.5213,63.1066
1/19/2025 18:00,35.5806,62.921
1/19/2025 19:00,35.0815,61.6533
1/19/2025 20:00,33.8969,59.1998
1/19/2025 21:00,35.682,60.2183
1/19/2025 22:00,42.3964,63.2802
1/19/2025 23:00,72.5035,87.3822
1/20/2025 0:00,79.1892,88.3786
1/20/2025 1:00,63.86,71.2639
1/20/2025 2:00,56.8079,66.5094
1/20/2025 3:00,44.776,65
1/20/2025 4:00,38.8489,63.7489
1/20/2025 5:00,40.619,57.1507
1/20/2025 6:00,51.8212,52.9902
1/20/2025 7:00,51.2262,51.2608
1/20/2025 8:00,45.8326,53.0253
1/20/2025 9:00,48.1665,53.468
1/20/2025 10:00,47.0695,59.2962
1/20/2025 11:00,57.7943,73.718
1/20/2025 12:00,68.9095,92.3906
1/20/2025 13:00,71.3669,100.7142
1/20/2025 14:00,65.5536,97.0718
1/20/2025 15:00,66.6028,102.3664
1/20/2025 16:00,60.0339,96.39
1/20/2025 17:00,52.0801,85.9572
1/20/2025 18:00,48.3854,84.8899
1/20/2025 19:00,36.4289,71.735
1/20/2025 20:00,26.7693,66.1219
1/20/2025 21:00,22.6754,71.4292
1/20/2025 22:00,24.678,78.8069
1/20/2025 23:00,36.1337,85.7437
1/21/2025 0:00,49.1656,88.8092
1/21/2025 1:00,52.8335,89.5785
1/21/2025 2:00,53.0961,85.3527
1/21/2025 3:00,56.4634,75.1171
1/21/2025 4:00,60.252,73.2912
1/21/2025 5:00,56.9051,67.4609
1/21/2025 6:00,88.5927,90.7553
1/21/2025 7:00,92.1826,93.0131
1/21/2025 8:00,92.3878,94.0051
1/21/2025 9:00,91.3849,95.7515
1/21/2025 10:00,83.0186,93.1632
1/21/2025 11:00,87.5964,101.3567
1/21/2025 12:00,65.5635,122.9876
1/21/2025 13:00,65.559,117.6086
1/21/2025 14:00,47.7714,99.97
1/21/2025 15:00,49.5841,100.6421
1/21/2025 16:00,27.833,90.8951
1/21/2025 17:00,23.7303,88.0214
1/21/2025 18:00,17.9562,79.3237
1/21/2025 19:00,9.8885,71.7457
1/21/2025 20:00,7.4996,68.1815
1/21/2025 21:00,8.0044,63.1951
1/21/2025 22:00,8.8648,67.8077
1/21/2025 23:00,15.4562,88.9886
1/22/2025 0:00,9.8292,86.8997
1/22/2025 1:00,10.593,86.5124
1/22/2025 2:00,10.064,78.6608
1/22/2025 3:00,6.8969,64.434
1/22/2025 4:00,-0.6582,63.3076
1/22/2025 5:00,-5.3231,59.5518
1/22/2025 6:00,7,55.9384
1/22/2025 7:00,5.2613,48.4107
1/22/2025 8:00,5.0864,48.1953
1/22/2025 9:00,5.2304,50.8545
1/22/2025 10:00,7.7624,60.5818
1/22/2025 11:00,14.1059,68.8312
1/22/2025 12:00,27.1343,85.927
1/22/2025 13:00,23.3058,89.2164
1/22/2025 14:00,22.493,81.4053
1/22/2025 15:00,22.5569,67.1228
1/22/2025 16:00,19.3155,62.2593
1/22/2025 17:00,15.9342,49.162
1/22/2025 18:00,13.7791,44.1634
1/22/2025 19:00,12.5209,41.407
1/22/2025 20:00,5.0812,41.9678
1/22/2025 21:00,1.8554,40.2552
1/22/2025 22:00,6.2315,44.8813
1/22/2025 23:00,19.7542,64.8164
1/23/2025 0:00,18.7877,59.7253
1/23/2025 1:00,17.5096,55.545
1/23/2025 2:00,18.3854,57.1643
1/23/2025 3:00,11.2456,53.126
1/23/2025 4:00,9.4442,46.3674
1/23/2025 5:00,8.3239,51.6217
1/23/2025 6:00,-14.2701,38.6285
1/23/2025 7:00,-11.5985,26.2492
1/23/2025 8:00,-13.5598,26.6862
1/23/2025 9:00,-7.2392,23.9881
1/23/2025 10:00,-3.3153,26.3945
1/23/2025 11:00,5.4529,33.4559
1/23/2025 12:00,20.3574,41.2201
1/23/2025 13:00,26.7392,45
1/23/2025 14:00,31.6611,38.7951
1/23/2025 15:00,31.8862,43.008
1/23/2025 16:00,28.6073,32.5707
1/23/2025 17:00,25.3042,27.939
1/23/2025 18:00,24.4575,26.1462
1/23/2025 19:00,23.6981,24.6482
1/23/2025 20:00,25.0444,23.1592
1/23/2025 21:00,30.5417,25.0393
1/23/2025 22:00,42.6574,33.9899
1/23/2025 23:00,74.1698,65.6964
1/24/2025 0:00,81.086,76.6301
1/24/2025 1:00,69.2671,69.6886
1/24/2025 2:00,67.1541,68.0012
1/24/2025 3:00,61.4728,64.0883
1/24/2025 4:00,51.9299,54.1475
1/24/2025 5:00,38.5581,40.1046
1/24/2025 6:00,36.6196,31.9583
1/24/2025 7:00,24.289,30.3047
1/24/2025 8:00,18.6222,27.4051
1/24/2025 9:00,14.3736,22.2675
1/24/2025 10:00,14.6218,26.3541
1/24/2025 11:00,18.356,31.0877
1/24/2025 12:00,20.4682,42.1908
1/24/2025 13:00,22.3216,41.4692
1/24/2025 14:00,19.6846,38.8371
1/24/2025 15:00,12.9476,38.4198
1/24/2025 16:00,9.8244,28.1159
1/24/2025 17:00,4.0327,24.0905
1/24/2025 18:00,-4.4657,23.6528
1/24/2025 19:00,-4.5841,17.3524
1/24/2025 20:00,-2.6445,12.2397
1/24/2025 21:00,1.6499,9.5749
1/24/2025 22:00,10.1011,9.1247
1/24/2025 23:00,33.9703,11.4526
1/25/2025 0:00,21.4369,15.8745
1/25/2025 1:00,18.8157,16.5123
1/25/2025 2:00,17.8588,18.7014
1/25/2025 3:00,13.2421,20.512
1/25/2025 4:00,13.7453,14.5747
1/25/2025 5:00,8.0288,14.7674
1/25/2025 6:00,14.0062,9.7438
1/25/2025 7:00,11.7697,10.2319
1/25/2025 8:00,9.9391,11.002
1/25/2025 9:00,9.6695,10.0759
1/25/2025 10:00,13.7497,11.8957
1/25/2025 11:00,14.8607,18.9045
1/25/2025 12:00,16.8902,22.1328
1/25/2025 13:00,17.4914,24.6624
1/25/2025 14:00,16.0895,24.8528
1/25/2025 15:00,18.7282,27.7483
1/25/2025 16:00,13.8462,22.6674
1/25/2025 17:00,7.7616,22.8091
1/25/2025 18:00,1,21.6302
1/25/2025 19:00,1.1203,20.1812
1/25/2025 20:00,6.82,19.3499
1/25/2025 21:00,7.18,20.7739
1/25/2025 22:00,12.2049,22.6625
1/25/2025 23:00,17.8905,26.5362
1/26/2025 0:00,17.982,35.3149
1/26/2025 1:00,14.23,29.0528
1/26/2025 2:00,14.1991,28.3756
1/26/2025 3:00,16.7922,27.8079
1/26/2025 4:00,22.2979,26.9551
1/26/2025 5:00,22.2423,21.5998
1/26/2025 6:00,20.82,19.5368
1/26/2025 7:00,21.9395,19.8916
1/26/2025 8:00,21.4621,19.5389
1/26/2025 9:00,20.7806,20.9537
1/26/2025 10:00,21.7029,23.5255
1/26/2025 11:00,24.1408,27.6127
1/26/2025 12:00,23.8337,31.938
1/26/2025 13:00,35.3363,38.0275
1/26/2025 14:00,40.6748,45.8335
1/26/2025 15:00,46.4761,55
1/26/2025 16:00,33.2711,46.3465
1/26/2025 17:00,28.2993,38.797
1/26/2025 18:00,26.2913,37.485
1/26/2025 19:00,25.9373,37.0638
1/26/2025 20:00,23.8458,33.0545
1/26/2025 21:00,24.2082,33.152
1/26/2025 22:00,23.8691,36.0403
1/26/2025 23:00,31.2424,51.4192
1/27/2025 0:00,19.0289,46.1887
1/27/2025 1:00,18.037,38.4557
1/27/2025 2:00,19.1867,39.3386
1/27/2025 3:00,17.0374,35.993
1/27/2025 4:00,15.0641,34.6837
1/27/2025 5:00,17.9595,31.3847
1/27/2025 6:00,14.4138,34.0842
1/27/2025 7:00,14.5261,32.2321
1/27/2025 8:00,15.646,32.3614
1/27/2025 9:00,15.8751,35.0407
1/27/2025 10:00,16.2857,37.4867
1/27/2025 11:00,19.3957,47.4341
1/27/2025 12:00,21.7877,61.9586
1/27/2025 13:00,21.8041,65.299
1/27/2025 14:00,19.7651,48.1845
1/27/2025 15:00,19.5851,95.8717
1/27/2025 16:00,20.6309,73.5844
1/27/2025 17:00,17.097,56.6406
1/27/2025 18:00,15.64,48.51
1/27/2025 19:00,10.452,45.679
1/27/2025 20:00,13.2461,32.5555
1/27/2025 21:00,14.2545,32.963
1/27/2025 22:00,15.6017,33.395
1/27/2025 23:00,21.1287,60.6418
1/28/2025 0:00,18.1685,37.9445
1/28/2025 1:00,10.73,38.1787
1/28/2025 2:00,10.8034,36.7966
1/28/2025 3:00,5.77,30.567
1/28/2025 4:00,4.8519,25.4904
1/28/2025 5:00,4.8211,25.9211
1/28/2025 6:00,16.7844,17.2982
1/28/2025 7:00,19.9885,20.7998
1/28/2025 8:00,21.3431,22.1362
1/28/2025 9:00,22.3141,24.2142
1/28/2025 10:00,21.2066,25.6577
1/28/2025 11:00,25.9847,47.2421
1/28/2025 12:00,36.0612,50.8652
1/28/2025 13:00,39.1168,46.9311
1/28/2025 14:00,39.0779,38.608
1/28/2025 15:00,44.7648,54.1069
1/28/2025 16:00,36.6461,56.6131
1/28/2025 17:00,22.0042,42.0197
1/28/2025 18:00,15.5008,40.1961
1/28/2025 19:00,14.5616,39.0077
1/28/2025 20:00,13.0298,38.2273
1/28/2025 21:00,12.9443,37.4164
1/28/2025 22:00,12.8633,36.9725
1/28/2025 23:00,18.8866,53.6623
1/29/2025 0:00,14.5039,57.2052
1/29/2025 1:00,13.02,49.8781
1/29/2025 2:00,10.9309,47.1795
1/29/2025 3:00,9.6117,37.5788
1/29/2025 4:00,10.0195,34.4449
1/29/2025 5:00,9.588,29.3019
1/29/2025 6:00,12.9081,27.3127
1/29/2025 7:00,13.0734,31.7585
1/29/2025 8:00,11.111,34.6561
1/29/2025 9:00,13.9586,37.1111
1/29/2025 10:00,16.495,42.6975
1/29/2025 11:00,20.046,59.1399
1/29/2025 12:00,30.347,61.0754
1/29/2025 13:00,36.8132,59.5739
1/29/2025 14:00,37.962,52.27
1/29/2025 15:00,44.5936,53.8485
1/29/2025 16:00,43.7294,48.2876
1/29/2025 17:00,34.6026,38.7672
1/29/2025 18:00,31.9277,34.6417
1/29/2025 19:00,30.1086,32.446
1/29/2025 20:00,27.3557,30.0502
1/29/2025 21:00,27.1412,29.1775
1/29/2025 22:00,27.4882,28.1902
1/29/2025 23:00,30.2965,30.457
1/30/2025 0:00,24.9018,28.7523
1/30/2025 1:00,22.8299,28.1862
1/30/2025 2:00,22.9782,29.8069
1/30/2025 3:00,21.0984,31.1111
1/30/2025 4:00,20.5001,32.0571
1/30/2025 5:00,18.4932,32.2743
1/30/2025 6:00,21.021,25.4843
1/30/2025 7:00,21.7461,25.1995
1/30/2025 8:00,20.5856,25.2776
1/30/2025 9:00,23.0598,26.0185
1/30/2025 10:00,23.7484,27.3893
1/30/2025 11:00,31.9886,33.6534
1/30/2025 12:00,33.148,34.2678
1/30/2025 13:00,36.652,36.7261
1/30/2025 14:00,30.2412,32.6209
1/30/2025 15:00,34.0667,36.2795
1/30/2025 16:00,35.7991,37.6224
1/30/2025 17:00,31.7252,32.8983
1/30/2025 18:00,30.8709,30.4841
1/30/2025 19:00,31.0253,29.2632
1/30/2025 20:00,30.0329,27.337
1/30/2025 21:00,30.4375,26.5613
1/30/2025 22:00,33.5731,27.1858
1/30/2025 23:00,40.5756,31.6783
1/31/2025 0:00,34.4052,27.3401
1/31/2025 1:00,27.7208,26.5582
1/31/2025 2:00,25.16,24.7778
1/31/2025 3:00,21.2116,20.5564
1/31/2025 4:00,16.9642,13.9656
1/31/2025 5:00,7.51,8.9246
1/31/2025 6:00,12.1399,18.231
1/31/2025 7:00,7.0108,12.2573
1/31/2025 8:00,3.1388,8.7461
1/31/2025 9:00,-1.3779,3.4711
1/31/2025 10:00,-1.4414,0.2085
1/31/2025 11:00,1.6178,2.2258
1/31/2025 12:00,3.7166,5.198
1/31/2025 13:00,9.1806,8.8037
1/31/2025 14:00,9.7113,9.0862
1/31/2025 15:00,13.3147,10.415
1/31/2025 16:00,14.114,8.7887
1/31/2025 17:00,16.195,8.8867
1/31/2025 18:00,19.9954,14.9522
1/31/2025 19:00,22.105,18.5873
1/31/2025 20:00,23.4668,21.7157
1/31/2025 21:00,26.5428,27.3789
1/31/2025 22:00,34.718,35.9727
1/31/2025 23:00,51.3449,54.3907
2/1/2025 0:00,45.2527,53.4576
2/1/2025 1:00,31.7125,41.0183
2/1/2025 2:00,29.8674,35.7954
2/1/2025 3:00,24.676,26.9027
2/1/2025 4:00,20.394,24.8603
2/1/2025 5:00,16.8683,22.9063
2/1/2025 6:00,12.7444,31.8188
2/1/2025 7:00,11.5443,29.3412
2/1/2025 8:00,1.2246,21.4492
2/1/2025 9:00,-8.4392,15.8989
2/1/2025 10:00,-15.8753,8.2572
2/1/2025 11:00,-15.0583,7.2551
2/1/2025 12:00,-12.5687,6.5993
2/1/2025 13:00,-9.3768,2.8327
2/1/2025 14:00,-7.7429,4.2797
2/1/2025 15:00,-4.5417,6.9195
2/1/2025 16:00,-3.4062,5.26
2/1/2025 17:00,-2.4153,1.8991
2/1/2025 18:00,-0.0173,0.0493
2/1/2025 19:00,0.0369,-2.4428
2/1/2025 20:00,1.1051,-3.9099
2/1/2025 21:00,5.9773,2.7668
2/1/2025 22:00,10.2358,3.4343
2/1/2025 23:00,17.5313,12.3619
2/2/2025 0:00,15.9106,9.7
2/2/2025 1:00,12.8246,8.2414
2/2/2025 2:00,10.985,7.9425
2/2/2025 3:00,10.0259,3.9925
2/2/2025 4:00,8.8374,2.9712
2/2/2025 5:00,7.6322,5.4522
2/2/2025 6:00,12.1453,10.474
2/2/2025 7:00,13.4662,13.7502
2/2/2025 8:00,15.4487,15.7954
2/2/2025 9:00,17.9693,20.7047
2/2/2025 10:00,18.9555,23.664
2/2/2025 11:00,22.9777,25.879
2/2/2025 12:00,25.2679,29.9491
2/2/2025 13:00,26.3296,35.5187
2/2/2025 14:00,33.7148,41.2494
2/2/2025 15:00,44.4785,53.8739
2/2/2025 16:00,41.3638,50.6201
2/2/2025 17:00,32.5602,38.929
2/2/2025 18:00,29.039,33.72
2/2/2025 19:00,26.2597,29.0059
2/2/2025 20:00,23.8465,26.2853
2/2/2025 21:00,22.2046,23.6248
2/2/2025 22:00,22.7636,23.0998
2/2/2025 23:00,29.9349,29.1457
2/3/2025 0:00,22.9011,24.0788
2/3/2025 1:00,15.4941,16.6623
2/3/2025 2:00,12.5858,13.0112
2/3/2025 3:00,7.3744,10.0903
2/3/2025 4:00,2.0837,4.3723
2/3/2025 5:00,-6.8945,-3.4164
2/3/2025 6:00,-9.85,-11.3041
2/3/2025 7:00,-8.7981,-12.6993
2/3/2025 8:00,-7.7782,-12.3501
2/3/2025 9:00,-6.7692,-8.152
2/3/2025 10:00,0.5027,-2.7628
2/3/2025 11:00,6.5954,0.01
2/3/2025 12:00,15.8561,15.6528
2/3/2025 13:00,16.8067,20.2985
2/3/2025 14:00,17.153,20.2646
2/3/2025 15:00,23.7985,30.5988
2/3/2025 16:00,32.431,38.1773
2/3/2025 17:00,26.7492,37.396
2/3/2025 18:00,21.5108,32.5952
2/3/2025 19:00,21.0966,32.6417
2/3/2025 20:00,20.6405,33.0764
2/3/2025 21:00,19.9932,34.245
2/3/2025 22:00,18.7373,33.288
2/3/2025 23:00,21.57,39.2692
2/4/2025 0:00,14.7315,37.0974
2/4/2025 1:00,9.5054,27.5157
2/4/2025 2:00,9.2717,24.3303
2/4/2025 3:00,7.4579,16.829
2/4/2025 4:00,6.4289,12.878
2/4/2025 5:00,4.4128,8.7063
2/4/2025 6:00,5.6399,-0.6244
2/4/2025 7:00,8.4562,1.5703
2/4/2025 8:00,11.5937,4.56
2/4/2025 9:00,14.1135,6.4047
2/4/2025 10:00,17.8467,9.419
2/4/2025 11:00,28.0296,14.29
2/4/2025 12:00,32.4437,22.2465
2/4/2025 13:00,37.9552,28.9086
2/4/2025 14:00,38.5721,27.6401
2/4/2025 15:00,45.6905,38.6173
2/4/2025 16:00,46.1786,43.345
2/4/2025 17:00,44.9454,41.4662
2/4/2025 18:00,48.051,44.72
2/4/2025 19:00,41.1875,43.8622
2/4/2025 20:00,32.2262,40.199
2/4/2025 21:00,26.5286,45.1799
2/4/2025 22:00,30.863,33.3816
2/4/2025 23:00,37.5641,39.2701
2/5/2025 0:00,33.8537,34.2745
2/5/2025 1:00,28.0275,29.7165
2/5/2025 2:00,30.5261,29.7337
2/5/2025 3:00,26.5467,26.6503
2/5/2025 4:00,26.9645,26.3345
2/5/2025 5:00,22.1367,22.9377
2/5/2025 6:00,24.7978,26.1522
2/5/2025 7:00,25.0832,25.7525
2/5/2025 8:00,22.4446,22.7583
2/5/2025 9:00,21.6313,22.6598
2/5/2025 10:00,22.094,23.0134
2/5/2025 11:00,30.1695,29.3201
2/5/2025 12:00,36.1093,36.6255
2/5/2025 13:00,34.888,38.0995
2/5/2025 14:00,29.3072,32.2678
2/5/2025 15:00,31.507,37.9465
2/5/2025 16:00,24.7045,30.89
2/5/2025 17:00,22.197,31
2/5/2025 18:00,20.2868,30.2451
2/5/2025 19:00,20.1491,28.7241
2/5/2025 20:00,18.0916,23.841
2/5/2025 21:00,19.7232,24.554
2/5/2025 22:00,25.9478,30.1956
2/5/2025 23:00,41.3894,40.4992
2/6/2025 0:00,30.3572,35.2634
2/6/2025 1:00,22.8002,31.149
2/6/2025 2:00,19.5479,25.3581
2/6/2025 3:00,18.2472,21.8618
2/6/2025 4:00,15.7585,20.6472
2/6/2025 5:00,13.385,19.4222
2/6/2025 6:00,13.6309,20.024
2/6/2025 7:00,13.871,16.9405
2/6/2025 8:00,11.1373,16.3705
2/6/2025 9:00,9.4221,15.6252
2/6/2025 10:00,8.8586,14.7977
2/6/2025 11:00,11.0819,18.4866
2/6/2025 12:00,16.1508,27.1706
2/6/2025 13:00,14.3462,28.2318
2/6/2025 14:00,16.0685,22.5003
2/6/2025 15:00,23.5529,27.8442
2/6/2025 16:00,22.7453,26.4815
2/6/2025 17:00,22.1169,28.0087
2/6/2025 18:00,22.5976,26.388
2/6/2025 19:00,21.2077,24.2585
2/6/2025 20:00,23.1673,24.1871
2/6/2025 21:00,25.4734,25.4039
2/6/2025 22:00,30.9069,28.9377
2/6/2025 23:00,46.1599,41.9898
2/7/2025 0:00,35.3821,35.3436
2/7/2025 1:00,24.516,30.1693
2/7/2025 2:00,22.1701,28.4671
2/7/2025 3:00,20.7455,28.129
2/7/2025 4:00,21.3952,26.3088
2/7/2025 5:00,20.0335,24.6037
2/7/2025 6:00,28.5621,27.3466
2/7/2025 7:00,28.5749,27.3048
2/7/2025 8:00,28.8299,28.1509
2/7/2025 9:00,29.1562,28.639
2/7/2025 10:00,30.6494,30.4663
2/7/2025 11:00,32.0963,32.8892
2/7/2025 12:00,40.2601,43.6501
2/7/2025 13:00,45.2479,48.3853
2/7/2025 14:00,40.2699,43.2969
2/7/2025 15:00,44.3275,49.6907
2/7/2025 16:00,36.7213,43.2572
2/7/2025 17:00,30.2904,38.1678
2/7/2025 18:00,23.2136,30.2408
2/7/2025 19:00,20.7969,29.5241
2/7/2025 20:00,17.7256,28.1391
2/7/2025 21:00,18.268,27.4951
2/7/2025 22:00,21.4165,28.5263
2/7/2025 23:00,24.6428,31.6893
2/8/2025 0:00,22.5337,29.9602
2/8/2025 1:00,18.3275,30.542
2/8/2025 2:00,16.9265,28.002
2/8/2025 3:00,15.1642,25.1816
2/8/2025 4:00,16.1977,18.8532
2/8/2025 5:00,15.5444,12.659
2/8/2025 6:00,20.3921,27.3316
2/8/2025 7:00,23.141,20.4048
2/8/2025 8:00,25.9301,16.8577
2/8/2025 9:00,25.1416,18.7043
2/8/2025 10:00,20.5843,14.4136
2/8/2025 11:00,19.2563,16.1958
2/8/2025 12:00,16.3472,17.3909
2/8/2025 13:00,15.5983,14.4442
2/8/2025 14:00,13.4071,11.0233
2/8/2025 15:00,11.7939,11.4459
2/8/2025 16:00,9.2246,9.182
2/8/2025 17:00,4.083,6.7939
2/8/2025 18:00,3.3048,7.3801
2/8/2025 19:00,1.9684,7.1904
2/8/2025 20:00,2.8196,12
2/8/2025 21:00,5,13.74
2/8/2025 22:00,11.1807,12.7911
2/8/2025 23:00,25.3644,28.93
2/9/2025 0:00,28.5916,30.9504
2/9/2025 1:00,22.8167,25.6465
2/9/2025 2:00,26.9887,20.5933
2/9/2025 3:00,25.2613,19.0269
2/9/2025 4:00,27.8833,19.3399
2/9/2025 5:00,25.6841,20.0643
2/9/2025 6:00,25.3315,25.041
2/9/2025 7:00,26.3878,24.7463
2/9/2025 8:00,27.5234,26.1863
2/9/2025 9:00,29.0495,27.5904
2/9/2025 10:00,28.9829,27.7895
2/9/2025 11:00,30.4737,29.903
2/9/2025 12:00,31.6406,31.0148
2/9/2025 13:00,32.3595,33.8871
2/9/2025 14:00,37.0877,39.1528
2/9/2025 15:00,43.8671,46.4176
2/9/2025 16:00,39.8113,42.2573
2/9/2025 17:00,32.1811,33.9773
2/9/2025 18:00,29.2595,30.4392
2/9/2025 19:00,28.0513,29.2638
2/9/2025 20:00,25.7616,27.1811
2/9/2025 21:00,26.7977,28.0457
2/9/2025 22:00,30.7444,31.7135
2/9/2025 23:00,47.2519,48.1372
2/10/2025 0:00,42.6701,43.2808
2/10/2025 1:00,29.4348,29.699
2/10/2025 2:00,29.2861,30.4133
2/10/2025 3:00,28.9599,32.3437
2/10/2025 4:00,27.6227,32.1562
2/10/2025 5:00,24.5012,26.3343
2/10/2025 6:00,26.3225,27.6516
2/10/2025 7:00,26.4716,27.5903
2/10/2025 8:00,28.1876,27.4051
2/10/2025 9:00,28.7205,28.2466
2/10/2025 10:00,32.4373,30.62
2/10/2025 11:00,48.8783,37.7768
2/10/2025 12:00,63.9304,47.5833
2/10/2025 13:00,75.9595,54.0514
2/10/2025 14:00,67.6016,49.0276
2/10/2025 15:00,72.2346,53.2546
2/10/2025 16:00,53.8583,45.1269
2/10/2025 17:00,45.931,54.129
2/10/2025 18:00,33.1258,46.2349
2/10/2025 19:00,28.8834,39.5659
2/10/2025 20:00,26.6001,41.2933
2/10/2025 21:00,24.4288,41.1435
2/10/2025 22:00,25.1892,43.8329
2/10/2025 23:00,31.8561,48.7704
2/11/2025 0:00,29.8408,57.2716
2/11/2025 1:00,25.9006,43.0998
2/11/2025 2:00,25.7106,38.5517
2/11/2025 3:00,24.3158,40.0876
2/11/2025 4:00,24.2662,39.6977
2/11/2025 5:00,22.6443,33.6505
2/11/2025 6:00,21.979,35.7399
2/11/2025 7:00,20.3849,34.3819
2/11/2025 8:00,17.8154,31.5997
2/11/2025 9:00,15.6302,31.2001
2/11/2025 10:00,16.6364,33.7211
2/11/2025 11:00,19.8146,36.7395
2/11/2025 12:00,23.5707,44.7526
2/11/2025 13:00,32.8254,42.3907
2/11/2025 14:00,35.8445,58.8181
2/11/2025 15:00,39.8709,38.2158
2/11/2025 16:00,39.799,36.9297
2/11/2025 17:00,40.9242,41.3139
2/11/2025 18:00,38.0326,40.7852
2/11/2025 19:00,32.0388,36.9016
2/11/2025 20:00,30.7665,35.8959
2/11/2025 21:00,28.9039,33.5705
2/11/2025 22:00,29.9341,31.814
2/11/2025 23:00,46.6667,42.8472
2/12/2025 0:00,54.05,50.1371
2/12/2025 1:00,46.74,43.6194
2/12/2025 2:00,42.4037,39.7581
2/12/2025 3:00,39.5621,31.8395
2/12/2025 4:00,40.9799,31.9064
2/12/2025 5:00,35.67,29.165
2/12/2025 6:00,32.8858,33.2269
2/12/2025 7:00,32.2866,32.9774
2/12/2025 8:00,30.7726,31.6023
2/12/2025 9:00,29.4767,31.7539
2/12/2025 10:00,30.0963,33.772
2/12/2025 11:00,32.5569,39.1948
2/12/2025 12:00,36.5517,46.1645
2/12/2025 13:00,37.0607,51.8349
2/12/2025 14:00,34.7613,49.3546
2/12/2025 15:00,35.0316,49.5983
2/12/2025 16:00,33.3807,45.29
2/12/2025 17:00,30.592,42.2084
2/12/2025 18:00,28.5008,41.4905
2/12/2025 19:00,24.323,38.424
2/12/2025 20:00,22.6707,36.9317
2/12/2025 21:00,24.733,33.3905
2/12/2025 22:00,27.3861,27.3609
2/12/2025 23:00,32.2445,37.0861
2/13/2025 0:00,34.34,42.5816
2/13/2025 1:00,32.4962,40.9143
2/13/2025 2:00,32.6152,39.5616
2/13/2025 3:00,30.6217,36.965
2/13/2025 4:00,28.7348,34.8518
2/13/2025 5:00,27.9768,31.6765
2/13/2025 6:00,31.8048,35.0593
2/13/2025 7:00,32.0097,35.0909
2/13/2025 8:00,34.5723,37.3716
2/13/2025 9:00,37.2584,40.0845
2/13/2025 10:00,45.2652,49.2521
2/13/2025 11:00,56.5157,60.3124
2/13/2025 12:00,71.1994,76.2996
2/13/2025 13:00,76.8282,81.5099
2/13/2025 14:00,61.8774,68.1539
2/13/2025 15:00,56.0907,68.1654
2/13/2025 16:00,50.8275,59.1135
2/13/2025 17:00,40.6427,51.7038
2/13/2025 18:00,35.7267,45.0126
2/13/2025 19:00,34.4747,53.8144
2/13/2025 20:00,29.9892,50.1614
2/13/2025 21:00,28.0582,47.1869
2/13/2025 22:00,26.3549,38.7518
2/13/2025 23:00,28.8587,58.7049
2/14/2025 0:00,24.6258,61.1616
2/14/2025 1:00,16.0639,50.2155
2/14/2025 2:00,11.4931,49.117
2/14/2025 3:00,7.5646,41.802
2/14/2025 4:00,6.5258,36.7874
2/14/2025 5:00,5.7532,32.9437
2/14/2025 6:00,6.1332,30.9539
2/14/2025 7:00,1.6626,25.6418
2/14/2025 8:00,0.2173,22.9972
2/14/2025 9:00,-1.6809,21.3335
2/14/2025 10:00,-1.6857,25.0283
2/14/2025 11:00,-0.4357,36.2667
2/14/2025 12:00,-0.6203,59.0216
2/14/2025 13:00,-2.1165,57.4313
2/14/2025 14:00,-4.2816,43.7288
2/14/2025 15:00,-5.3617,50.4527
2/14/2025 16:00,-3.7866,37.4722
2/14/2025 17:00,-0.1924,20.9876
2/14/2025 18:00,0,17.1933
2/14/2025 19:00,1.2006,15.7659
2/14/2025 20:00,0.9029,12.6688
2/14/2025 21:00,2.9032,14.7872
2/14/2025 22:00,5.0841,14.7155
2/14/2025 23:00,11.5058,23.7882
2/15/2025 0:00,14.2485,26.1178
2/15/2025 1:00,12.6445,23.3132
2/15/2025 2:00,13.3931,17.7832
2/15/2025 3:00,14.9148,17.8289
2/15/2025 4:00,15.2675,9.1535
2/15/2025 5:00,11.4945,5.8516
2/15/2025 6:00,7.3707,0.4612
2/15/2025 7:00,9.9928,0.2345
2/15/2025 8:00,9.9242,0.01
2/15/2025 9:00,8.3008,0.01
2/15/2025 10:00,11.1384,1.1389
2/15/2025 11:00,12.3162,11.6589
2/15/2025 12:00,12.0531,17.3473
2/15/2025 13:00,10.1779,19.0561
2/15/2025 14:00,9.7246,21.5747
2/15/2025 15:00,10.2982,23.9049
2/15/2025 16:00,5.3378,18.2046
2/15/2025 17:00,1.3689,15.75
2/15/2025 18:00,0.1346,16.1705
2/15/2025 19:00,-3.0617,4.8507
2/15/2025 20:00,-5.026,3.7392
2/15/2025 21:00,-5.2071,3.405
2/15/2025 22:00,-2.6742,2.1777
2/15/2025 23:00,3.2727,8.3047
2/16/2025 0:00,5.3373,11.1626
2/16/2025 1:00,4.4513,9.666
2/16/2025 2:00,1.5288,7.7441
2/16/2025 3:00,1.7045,5.7923
2/16/2025 4:00,0.8905,5.54
2/16/2025 5:00,-0.8043,3.5504
2/16/2025 6:00,0.1413,3.8433
2/16/2025 7:00,0.4322,0.7398
2/16/2025 8:00,1.2791,7.5301
2/16/2025 9:00,2.3689,9.61
2/16/2025 10:00,4.974,10.6976
2/16/2025 11:00,9.9958,17.3264
2/16/2025 12:00,16.1817,22.9316
2/16/2025 13:00,21.8005,33.1343
2/16/2025 14:00,27.3981,41.8251
2/16/2025 15:00,30.333,48.4014
2/16/2025 16:00,27.8945,52.9966
2/16/2025 17:00,25.0742,48.8159
2/16/2025 18:00,27.2937,49.3567
2/16/2025 19:00,25.9721,49.666
2/16/2025 20:00,25.77,45.3547
2/16/2025 21:00,32.157,43.8064
2/16/2025 22:00,38.6048,47.2828
2/16/2025 23:00,60.5372,73.7741
2/17/2025 0:00,59.0257,71.2362
2/17/2025 1:00,43.6219,59.8513
2/17/2025 2:00,41.4615,57.1763
2/17/2025 3:00,34.8233,47.7519
2/17/2025 4:00,38.0378,43.3101
2/17/2025 5:00,34.9823,34.0919
2/17/2025 6:00,39.3706,39.7805
2/17/2025 7:00,40.67,39.875
2/17/2025 8:00,42.0104,37.104
2/17/2025 9:00,41.426,38.0382
2/17/2025 10:00,40.3139,42.331
2/17/2025 11:00,50.7187,48.7044
2/17/2025 12:00,59.9809,54.5378
2/17/2025 13:00,67.9339,53.6808
2/17/2025 14:00,65.8213,44.9593
2/17/2025 15:00,85.3257,43.4583
2/17/2025 16:00,69.7901,36.8053
2/17/2025 17:00,68.5992,36.0635
2/17/2025 18:00,58.7375,45.133
2/17/2025 19:00,51.9294,34.2783
2/17/2025 20:00,41.8818,34.4285
2/17/2025 21:00,39.1008,35.6613
2/17/2025 22:00,39.1905,35.7915
2/17/2025 23:00,48.6842,44.8539
2/18/2025 0:00,44.3067,52.7506
2/18/2025 1:00,41.03,32.3615
2/18/2025 2:00,39.28,29.8303
2/18/2025 3:00,31.5996,26.518
2/18/2025 4:00,28.9502,25.6182
2/18/2025 5:00,23.9852,20.5614
2/18/2025 6:00,30.5027,15.9881
2/18/2025 7:00,33.6245,13.8968
2/18/2025 8:00,35.1893,16.3588
2/18/2025 9:00,36.1327,16.9035
2/18/2025 10:00,43.4433,17.2479
2/18/2025 11:00,51.6953,23.5827
2/18/2025 12:00,60,38.3057
2/18/2025 13:00,82.9003,39.6671
2/18/2025 14:00,84.1708,40.1809
2/18/2025 15:00,106.02,50.6417
2/18/2025 16:00,93.7781,47.0661
2/18/2025 17:00,96.9223,48.9214
2/18/2025 18:00,85.9445,45.9851
2/18/2025 19:00,75.6462,46.6319
2/18/2025 20:00,58.1482,53.2745
2/18/2025 21:00,57.6409,56.5429
2/18/2025 22:00,62.773,55.9077
2/18/2025 23:00,91.19,66.9759
2/19/2025 0:00,88.3725,77.7898
2/19/2025 1:00,83.9755,73.74
2/19/2025 2:00,90.3138,62.7065
2/19/2025 3:00,75.938,56.5575
2/19/2025 4:00,79.0573,54.1714
2/19/2025 5:00,70.6791,51.1879
2/19/2025 6:00,51.7688,52.5421
2/19/2025 7:00,50.9975,44.2567
2/19/2025 8:00,51.8147,46.6523
2/19/2025 9:00,55.0987,48.4424
2/19/2025 10:00,61.6483,48.5
2/19/2025 11:00,80.7637,58.6291
2/19/2025 12:00,101.066,71.0962
2/19/2025 13:00,103.8976,76.3561
2/19/2025 14:00,87.4468,72.22
2/19/2025 15:00,94.3133,85.587
2/19/2025 16:00,82.0951,85.9416
2/19/2025 17:00,73.9812,78.7068
2/19/2025 18:00,63.6124,74.784
2/19/2025 19:00,63.4558,68.9671
2/19/2025 20:00,58.7687,65.7716
2/19/2025 21:00,68.108,71.866
2/19/2025 22:00,84.4589,80.7489
2/19/2025 23:00,122.02,103.3772
2/20/2025 0:00,128.9571,113.0293
2/20/2025 1:00,116.6019,102.2071
2/20/2025 2:00,111.8293,98.9321
2/20/2025 3:00,95.1508,84.4683
2/20/2025 4:00,96,90.3473
2/20/2025 5:00,94.7522,85.6375
2/20/2025 6:00,38.15,97.7414
2/20/2025 7:00,33.5821,92.3718
2/20/2025 8:00,36.8047,92.472
2/20/2025 9:00,44.6394,88.3639
2/20/2025 10:00,45.572,95.9404
2/20/2025 11:00,72.6194,113.0609
2/20/2025 12:00,80.08,153.3069
2/20/2025 13:00,70.5625,160.9767
2/20/2025 14:00,67.9749,137.1005
2/20/2025 15:00,83.7658,126.0991
2/20/2025 16:00,69.8657,103.2031
2/20/2025 17:00,55.1447,91.3403
2/20/2025 18:00,58.6632,91.0429
2/20/2025 19:00,58.4288,91.8096
2/20/2025 20:00,64.4846,91.0997
2/20/2025 21:00,64.5432,85.5057
2/20/2025 22:00,80,83.1365
2/20/2025 23:00,88.0751,99
2/21/2025 0:00,73.0675,120.5955
2/21/2025 1:00,64.4599,113.9275
2/21/2025 2:00,43.7329,112.684
2/21/2025 3:00,36.7275,109.5595
2/21/2025 4:00,50.536,86.9529
2/21/2025 5:00,45.7378,80
2/21/2025 6:00,59.0175,93.1634
2/21/2025 7:00,53.4362,93.1931
2/21/2025 8:00,51.7722,93.926
2/21/2025 9:00,53.8615,97.5485
2/21/2025 10:00,57.1499,104.79
2/21/2025 11:00,65.22,120.453
2/21/2025 12:00,87.8593,165.1465
2/21/2025 13:00,86.4491,163.4094
2/21/2025 14:00,87.7777,130.506
2/21/2025 15:00,59.8819,101.6743
2/21/2025 16:00,49.0051,83.8889
2/21/2025 17:00,41.1207,71.2375
2/21/2025 18:00,38.6162,70.7275
2/21/2025 19:00,37.2182,67.4139
2/21/2025 20:00,34.9401,59.5833
2/21/2025 21:00,33.5993,59.5718
2/21/2025 22:00,39.96,57.9852
2/21/2025 23:00,44.5975,75.2633
2/22/2025 0:00,33.93,75.12
2/22/2025 1:00,19.9806,66.4215
2/22/2025 2:00,15.4431,61.94
2/22/2025 3:00,13.3866,55.1526
2/22/2025 4:00,18.6026,58.9702
2/22/2025 5:00,17.7666,50.2588
2/22/2025 6:00,11.7876,49.3818
2/22/2025 7:00,14.54,47.7471
2/22/2025 8:00,14.4208,43.7258
2/22/2025 9:00,13.9599,44.8416
2/22/2025 10:00,16.48,45.6939
2/22/2025 11:00,22.0825,52.9299
2/22/2025 12:00,24.4947,62.0341
2/22/2025 13:00,30.2182,67.2935
2/22/2025 14:00,39.335,75
2/22/2025 15:00,48.2816,63.937
2/22/2025 16:00,47.4223,58.2521
2/22/2025 17:00,40.0252,52.1088
2/22/2025 18:00,34.5418,44.7377
2/22/2025 19:00,32.8579,40.1784
2/22/2025 20:00,29.2294,34.4183
2/22/2025 21:00,27.6822,32.3928
2/22/2025 22:00,26.142,35.098
2/22/2025 23:00,37.9055,52.2467
2/23/2025 0:00,35.01,47.9204
2/23/2025 1:00,24.0439,46.2562
2/23/2025 2:00,17.0867,30.5257
2/23/2025 3:00,14.8167,23.8187
2/23/2025 4:00,12.9627,17.54
2/23/2025 5:00,7.7956,18.2484
2/23/2025 6:00,2.129,10.0379
2/23/2025 7:00,2.2655,7.2363
2/23/2025 8:00,5.3474,11.842
2/23/2025 9:00,6.3911,19.7216
2/23/2025 10:00,9.5172,18.7117
2/23/2025 11:00,13.7418,28.3139
2/23/2025 12:00,11.7398,37.8707
2/23/2025 13:00,14.3769,35.1561
2/23/2025 14:00,18.3047,41.009
2/23/2025 15:00,29.0811,60.8113
2/23/2025 16:00,32.1518,49.4528
2/23/2025 17:00,23.5392,41.859
2/23/2025 18:00,18.9641,37.0778
2/23/2025 19:00,16.8373,34.3463
2/23/2025 20:00,17.174,32.8484
2/23/2025 21:00,16.531,31.9944
2/23/2025 22:00,15.5093,32.7592
2/23/2025 23:00,16.8347,48.6136
2/24/2025 0:00,18.3808,53.5928
2/24/2025 1:00,8.57,40.5796
2/24/2025 2:00,1.0465,34.5722
2/24/2025 3:00,-4.3802,25.8894
2/24/2025 4:00,-11.9306,19.7226
2/24/2025 5:00,-16.6924,12.6708
2/24/2025 6:00,-17.6005,4.6536
2/24/2025 7:00,-16.1584,1.2092
2/24/2025 8:00,-14.4695,-1.0272
2/24/2025 9:00,-5.9305,0.0732
2/24/2025 10:00,-6.1135,2.0219
2/24/2025 11:00,0.01,11.6076
2/24/2025 12:00,8.9171,26.6572
2/24/2025 13:00,17.8564,34.5569
2/24/2025 14:00,19.8198,36.4421
2/24/2025 15:00,44.5308,48.9676
2/24/2025 16:00,35.2557,40.3037
2/24/2025 17:00,25.88,32.1311
2/24/2025 18:00,21.3287,29.0249
2/24/2025 19:00,18.5474,28.7362
2/24/2025 20:00,17.1982,27.5899
2/24/2025 21:00,16.8158,27.834
2/24/2025 22:00,18.7039,29.6234
2/24/2025 23:00,28.4203,39.686
2/25/2025 0:00,27.8424,46.6113
2/25/2025 1:00,19.9812,37.8355
2/25/2025 2:00,18.1033,33.687
2/25/2025 3:00,16.8008,30.9375
2/25/2025 4:00,17.0437,29.4724
2/25/2025 5:00,16.6234,28.0726
2/25/2025 6:00,19.6568,26.8413
2/25/2025 7:00,24.2633,28.6733
2/25/2025 8:00,26.6346,30.9889
2/25/2025 9:00,27.0518,31.441
2/25/2025 10:00,31.3417,34.3531
2/25/2025 11:00,40.1875,43.1402
2/25/2025 12:00,55.5659,60.8223
2/25/2025 13:00,52.0553,60.1893
2/25/2025 14:00,40.6328,51.4846
2/25/2025 15:00,37.6147,52.0696
2/25/2025 16:00,29.8905,39.95
2/25/2025 17:00,22.8028,34.7875
2/25/2025 18:00,18.9061,28.7723
2/25/2025 19:00,16.396,24.6883
2/25/2025 20:00,14.0145,20.6885
2/25/2025 21:00,10.0035,17.7019
2/25/2025 22:00,7.9428,17.1792
2/25/2025 23:00,11.0134,22.2279
2/26/2025 0:00,5.0498,16.9785
2/26/2025 1:00,-1.7158,8.4665
2/26/2025 2:00,-4.4449,-0.3049
2/26/2025 3:00,-7.7893,-5.0773
2/26/2025 4:00,-8.2633,-9.605
2/26/2025 5:00,-10.7146,-11.2452
2/26/2025 6:00,-13.8483,-5.5084
2/26/2025 7:00,-13.8374,-3.6613
2/26/2025 8:00,-14.4576,0.8173
2/26/2025 9:00,-12.7121,3.3204
2/26/2025 10:00,-9.5045,5.5611
2/26/2025 11:00,-3.8068,10.206
2/26/2025 12:00,0.3159,20.9946
2/26/2025 13:00,3.9672,25.4779
2/26/2025 14:00,0.6694,20.62
2/26/2025 15:00,1.9184,27.3758
2/26/2025 16:00,0.5839,21.5805
2/26/2025 17:00,1,18.5514
2/26/2025 18:00,0.9398,15.1327
2/26/2025 19:00,0.6291,10.8605
2/26/2025 20:00,0,9.7794
2/26/2025 21:00,-0.8,10.004
2/26/2025 22:00,7.0969,11.9947
2/26/2025 23:00,20.8885,32
2/27/2025 0:00,23.7798,40.7927
2/27/2025 1:00,12.6848,37.4255
2/27/2025 2:00,15.9227,37.3856
2/27/2025 3:00,14.5476,32.3588
2/27/2025 4:00,9.7595,31.7603
2/27/2025 5:00,0.018,27.7817
2/27/2025 6:00,-9.8757,9.3992
2/27/2025 7:00,-10.0462,6.167
2/27/2025 8:00,-12.2184,5.9975
2/27/2025 9:00,-9.9555,6.1492
2/27/2025 10:00,-6.5264,7.65
2/27/2025 11:00,1.5614,17.8148
2/27/2025 12:00,6.3903,34.3289
2/27/2025 13:00,15.9788,40.1581
2/27/2025 14:00,21.9648,46.7436
2/27/2025 15:00,35.5945,62.8069
2/27/2025 16:00,30.762,50.9472
2/27/2025 17:00,23.8295,34.1037
2/27/2025 18:00,19.5813,32.3108
2/27/2025 19:00,18.4845,34.155
2/27/2025 20:00,13.7344,34.3118
2/27/2025 21:00,17.0993,39.0084
2/27/2025 22:00,29.5519,46.3769
2/27/2025 23:00,50.0769,65.0166
2/28/2025 0:00,58.064,71.7424
2/28/2025 1:00,38.3362,56.771
2/28/2025 2:00,24.2669,46.9714
2/28/2025 3:00,15.18,34.7462
2/28/2025 4:00,-0.6627,22.3901
2/28/2025 5:00,-8.1137,9.7454
2/28/2025 6:00,-18.29,-3.9542
2/28/2025 7:00,-19.406,-9.0438
2/28/2025 8:00,-20.921,-11.1827
2/28/2025 9:00,-20,-11.3534
2/28/2025 10:00,-19.3047,-8.1066
2/28/2025 11:00,-12.2301,-0.6251
2/28/2025 12:00,-0.0009,12.71
2/28/2025 13:00,3.7514,14.4166
2/28/2025 14:00,4.247,12.1129
2/28/2025 15:00,7.1344,24.5469
2/28/2025 16:00,-9,24.0315
2/28/2025 17:00,-7.8314,22.058
2/28/2025 18:00,-7.315,23.1555
2/28/2025 19:00,-11,25.8848
2/28/2025 20:00,-9.2442,26.9542
2/28/2025 21:00,-1.243,29.2106
2/28/2025 22:00,7.4514,29.8165
2/28/2025 23:00,15.2863,40.5045
3/1/2025 0:00,8,42.3714
3/1/2025 1:00,8.1044,31.65
3/1/2025 2:00,14.9181,28.9441
3/1/2025 3:00,15.7044,27.51
3/1/2025 4:00,19.2885,30.0728
3/1/2025 5:00,20.4386,26.8128
3/1/2025 6:00,20.5898,23.0647
3/1/2025 7:00,22.2301,23.4411
3/1/2025 8:00,23.8784,24.4145
3/1/2025 9:00,25.4168,26.6223
3/1/2025 10:00,26.1847,27.9078
3/1/2025 11:00,29.5777,32.0603
3/1/2025 12:00,36.8557,39.1768
3/1/2025 13:00,41.82,44.1829
3/1/2025 14:00,49.3505,51.4266
3/1/2025 15:00,56.9434,58.01
3/1/2025 16:00,41.2704,42.7025
3/1/2025 17:00,39.4406,40.824
3/1/2025 18:00,38.585,39.9035
3/1/2025 19:00,40.0774,41.3428
3/1/2025 20:00,36.1195,37.4643
3/1/2025 21:00,35.7506,37.2029
3/1/2025 22:00,38.5982,38.4803
3/1/2025 23:00,48.0787,40.594
3/2/2025 0:00,38.1203,33.1211
3/2/2025 1:00,30.4556,24.375
3/2/2025 2:00,18.8995,9.9688
3/2/2025 3:00,15.3127,4.1879
3/2/2025 4:00,12.9237,-2.6488
3/2/2025 5:00,6.9881,-9.1636
3/2/2025 6:00,7.9617,-3.308
3/2/2025 7:00,9.4078,-2.2372
3/2/2025 8:00,9.0225,-2.12
3/2/2025 9:00,9.466,-0.6858
3/2/2025 10:00,11.4159,2
3/2/2025 11:00,13.4068,4.6054
3/2/2025 12:00,15.9136,6.7784
3/2/2025 13:00,15.5612,7.1143
3/2/2025 14:00,17.0975,12.529
3/2/2025 15:00,17.6959,7.7556
3/2/2025 16:00,14.4895,0.3108
3/2/2025 17:00,11.2635,-3.7436
3/2/2025 18:00,10.3484,-6.6513
3/2/2025 19:00,7.9968,-7.0646
3/2/2025 20:00,7.2319,-6.1782
3/2/2025 21:00,7.7455,-5.7091
3/2/2025 22:00,9.2666,1.56
3/2/2025 23:00,13.9139,9.5696
3/3/2025 0:00,12.3849,12.56
3/3/2025 1:00,3.486,8.8652
3/3/2025 2:00,-0.723,5.2395
3/3/2025 3:00,-5.552,3.573
3/3/2025 4:00,-6.0645,-0.1948
3/3/2025 5:00,-7.3982,-4.8016
3/3/2025 6:00,0.4575,-3.8517
3/3/2025 7:00,1.5475,-1.7231
3/3/2025 8:00,2.8094,0.2297
3/3/2025 9:00,7.5566,6.7308
3/3/2025 10:00,14.3158,13.1138
3/3/2025 11:00,24.7644,29.9977
3/3/2025 12:00,27.5551,45.1326
3/3/2025 13:00,31.4057,37.4218
3/3/2025 14:00,24.2861,29.1453
3/3/2025 15:00,19.8562,20.4214
3/3/2025 16:00,17.0792,13.3078
3/3/2025 17:00,14.206,4.1462
3/3/2025 18:00,9.1879,-3.5067
3/3/2025 19:00,4,-7.7862
3/3/2025 20:00,-1.0338,-11.4766
3/3/2025 21:00,-1.2024,-11.4504
3/3/2025 22:00,2.7791,0.7902
3/3/2025 23:00,8.1649,5
3/4/2025 0:00,10.3714,17.5529
3/4/2025 1:00,9.6286,14.6362
3/4/2025 2:00,8.0323,0.0148
3/4/2025 3:00,6.7281,-3.7218
3/4/2025 4:00,4.7304,-8.0987
3/4/2025 5:00,0.681,-10.9613
3/4/2025 6:00,5.2521,-9.8499
3/4/2025 7:00,5.1803,-8.8749
3/4/2025 8:00,6.0793,-1.2277
3/4/2025 9:00,7.721,3.0467
3/4/2025 10:00,10.1083,8.3631
3/4/2025 11:00,15.6356,14.7129
3/4/2025 12:00,19.4678,19.4776
3/4/2025 13:00,19.6994,21.0155
3/4/2025 14:00,21.0496,20.6742
3/4/2025 15:00,24.5025,18.5384
3/4/2025 16:00,21.8342,17.3918
3/4/2025 17:00,21.1853,17.3148
3/4/2025 18:00,20.6505,18.9516
3/4/2025 19:00,20.1045,19.2854
3/4/2025 20:00,17.137,14.2655
3/4/2025 21:00,15.2822,12.5157
3/4/2025 22:00,15.6285,10.1475
3/4/2025 23:00,16.0547,12.1164
3/5/2025 0:00,12.582,14.8309
3/5/2025 1:00,11.3838,14.3993
3/5/2025 2:00,13.2302,10.7892
3/5/2025 3:00,8.8585,2.4864
3/5/2025 4:00,8.4798,-1.29
3/5/2025 5:00,5.64,-7.793
3/5/2025 6:00,3.582,-17.0139
3/5/2025 7:00,2.7991,-18.551
3/5/2025 8:00,3.0055,-14.507
3/5/2025 9:00,4.1249,-12.7717
3/5/2025 10:00,5.3698,-6.5965
3/5/2025 11:00,8.3878,4.9242
3/5/2025 12:00,10.9009,18.9096
3/5/2025 13:00,11.8649,17.4015
3/5/2025 14:00,12.8937,9.2969
3/5/2025 15:00,5.849,19.8247
3/5/2025 16:00,1.6766,8.7547
3/5/2025 17:00,1.2261,5.4848
3/5/2025 18:00,3.0561,7.9661
3/5/2025 19:00,3.6774,10.8714
3/5/2025 20:00,3.0639,14.2534
3/5/2025 21:00,10.148,23.02
3/5/2025 22:00,29.8971,39.8734
3/5/2025 23:00,49.4058,61.1426
3/6/2025 0:00,62.1952,87.8021
3/6/2025 1:00,50.5858,72.1953
3/6/2025 2:00,39.5977,65.6217
3/6/2025 3:00,37.5668,61.4079
3/6/2025 4:00,40.0278,56.5657
3/6/2025 5:00,33.4904,46.1643
3/6/2025 6:00,26.4312,36.2863
3/6/2025 7:00,25.2182,36.8629
3/6/2025 8:00,23.4922,32.5598
3/6/2025 9:00,20.9872,25.1811
3/6/2025 10:00,20.6462,18.2167
3/6/2025 11:00,28.1324,21.8726
3/6/2025 12:00,38.7506,27.727
3/6/2025 13:00,34.3054,26.2034
3/6/2025 14:00,39.8923,23.7875
3/6/2025 15:00,48.1985,22.7661
3/6/2025 16:00,50.0685,10.317
3/6/2025 17:00,46.0498,1.0792
3/6/2025 18:00,43.6754,-2.0696
3/6/2025 19:00,40.7368,-2.5502
3/6/2025 20:00,40.9808,-4.39
3/6/2025 21:00,36.4536,-7.6953
3/6/2025 22:00,38.4084,-2.3723
3/6/2025 23:00,47.004,5
3/7/2025 0:00,61.4001,17.48
3/7/2025 1:00,50.1328,14.3
3/7/2025 2:00,43.439,2.1669
3/7/2025 3:00,36.7227,-3.0427
3/7/2025 4:00,29.8674,-8.1139
3/7/2025 5:00,21.9857,-13
3/7/2025 6:00,7.2397,-11.9298
3/7/2025 7:00,4.3313,-12.3609
3/7/2025 8:00,1.5186,-12.1018
3/7/2025 9:00,1.5617,-9.6657
3/7/2025 10:00,10.8238,-5.716
3/7/2025 11:00,20.5256,1.6679
3/7/2025 12:00,32.9564,16.0354
3/7/2025 13:00,24.8969,18.646
3/7/2025 14:00,18.7922,16.6193
3/7/2025 15:00,20.4315,16.6157
3/7/2025 16:00,18.9069,9.5578
3/7/2025 17:00,20.8282,10.0783
3/7/2025 18:00,24.64,11.6078
3/7/2025 19:00,23.31,13.2789
3/7/2025 20:00,17.6816,16.2915
3/7/2025 21:00,16.0673,21.279
3/7/2025 22:00,29.9929,20.02
3/7/2025 23:00,35.4107,22.8178
3/8/2025 0:00,39.8666,20.5786
3/8/2025 1:00,23.1477,12.4926
3/8/2025 2:00,17.5245,7.3431
3/8/2025 3:00,15.9451,-0.1363
3/8/2025 4:00,15.0147,-5.1483
3/8/2025 5:00,11.5069,-5.6183
3/8/2025 6:00,11.1308,-1.1584
3/8/2025 7:00,14.4476,0.7691
3/8/2025 8:00,15.5318,4.8026
3/8/2025 9:00,17.2399,9.8655
3/8/2025 10:00,17.4285,15.1276
3/8/2025 11:00,19.2639,21.5582
3/8/2025 12:00,21.9932,28.4379
3/8/2025 13:00,20.6566,29.2208
3/8/2025 14:00,27.5253,40.0219
3/8/2025 15:00,34.9414,50.7783
3/8/2025 16:00,27.703,49.0554
3/8/2025 17:00,20.1945,40.2999
3/8/2025 18:00,17.2208,38.3099
3/8/2025 19:00,8.6115,35.6052
3/8/2025 20:00,10.5961,30.6045
3/8/2025 21:00,10.7413,29.629
3/8/2025 22:00,17.7512,33.1685
3/8/2025 23:00,28.677,42.1757
3/9/2025 0:00,35.6346,51.0705
3/9/2025 1:00,29.5088,50.4122
3/9/2025 2:00,19.7366,46.8748
3/9/2025 3:00,18.4051,46.407
3/9/2025 4:00,19.5828,44.1315
3/9/2025 5:00,14.8305,39.0653
3/9/2025 6:00,22.554,40.6432
3/9/2025 7:00,26.9292,39.1454
3/9/2025 8:00,27.4642,34.8554
3/9/2025 9:00,31.5706,35.3797
3/9/2025 10:00,31.1412,37.3196
3/9/2025 11:00,33.1356,40.543
3/9/2025 12:00,30.182,42.4526
3/9/2025 13:00,31.0764,46.6652
3/9/2025 14:00,41,55.9029
3/9/2025 15:00,40.6531,55.3738
3/9/2025 16:00,33.5012,52.4855
3/9/2025 17:00,30.2903,48.3627
3/9/2025 18:00,25.6231,42.0425
3/9/2025 19:00,20.7438,36.6319
3/9/2025 20:00,21.7884,37.6617
3/9/2025 21:00,22.5603,38.3328
3/9/2025 22:00,28.6198,46.3867
3/9/2025 23:00,32.5756,57.6555
3/10/2025 0:00,38.3198,82.02
3/10/2025 1:00,22.5368,62.3124
3/10/2025 2:00,10.2861,47.7049
3/10/2025 3:00,17.694,35.3098
3/10/2025 4:00,15.4381,22.4159
3/10/2025 5:00,15.6397,22.4102
3/10/2025 6:00,10.1358,15.5471
3/10/2025 7:00,7.7662,11.3889
3/10/2025 8:00,7.7376,10.0898
3/10/2025 9:00,10.9684,12.4773
3/10/2025 10:00,17.2725,23.175
3/10/2025 11:00,31.9528,48.7297
3/10/2025 12:00,22.1393,42.4034
3/10/2025 13:00,19.0548,36.6028
3/10/2025 14:00,25.2532,58.0795
3/10/2025 15:00,36.7761,56.6597
3/10/2025 16:00,41.2757,52.5122
3/10/2025 17:00,19.2282,34.6252
3/10/2025 18:00,10.5581,34.6762
3/10/2025 19:00,3.2059,19.2559
3/10/2025 20:00,2.4564,9.87
3/10/2025 21:00,3.7441,7.2686
3/10/2025 22:00,4.4985,7.8134
3/10/2025 23:00,5.3347,17.4099
3/11/2025 0:00,4.2305,21.3403
3/11/2025 1:00,1.9568,9.302
3/11/2025 2:00,1.2883,2.7346
3/11/2025 3:00,2.531,-3.6779
3/11/2025 4:00,-3.2216,-10.3068
3/11/2025 5:00,-3.7766,-12.0728
3/11/2025 6:00,-5.2169,-14.6729
3/11/2025 7:00,-3.4307,-14.0645
3/11/2025 8:00,-1.8456,-13.0378
3/11/2025 9:00,2.4259,-9.2488
3/11/2025 10:00,9.5383,3.2259
3/11/2025 11:00,16.2392,19.9791
3/11/2025 12:00,19.9792,21.7592
3/11/2025 13:00,18.6857,15.0088
3/11/2025 14:00,32.8152,29.7878
3/11/2025 15:00,36.374,32.825
3/11/2025 16:00,37.4202,34.2193
3/11/2025 17:00,36.8264,33.1987
3/11/2025 18:00,39.3559,35.9845
3/11/2025 19:00,37.3396,33.7685
3/11/2025 20:00,36.499,32.7711
3/11/2025 21:00,36.6012,32.1625
3/11/2025 22:00,41.7296,36.6116
3/11/2025 23:00,50.9498,45.2152
3/12/2025 0:00,47.1554,42.5895
3/12/2025 1:00,38.0582,36.9813
3/12/2025 2:00,27.6222,27.0852
3/12/2025 3:00,22.3529,20.9963
3/12/2025 4:00,18.2195,17.9284
3/12/2025 5:00,16.9058,19.5274
3/12/2025 6:00,16.243,18.6469
3/12/2025 7:00,18.0915,19.5649
3/12/2025 8:00,19.9568,21.8537
3/12/2025 9:00,27.3391,26.4202
3/12/2025 10:00,31.8907,33.0439
3/12/2025 11:00,39.1381,42.6896
3/12/2025 12:00,47.4114,43.9931
3/12/2025 13:00,52.1634,38.0198
3/12/2025 14:00,66.14,49.9644
3/12/2025 15:00,58.6573,41.6707
3/12/2025 16:00,53.1785,37.9806
3/12/2025 17:00,44.9355,33.419
3/12/2025 18:00,41.8088,31.4639
3/12/2025 19:00,39.5356,30.3825
3/12/2025 20:00,38.6152,29.9401
3/12/2025 21:00,42.664,31.7801
3/12/2025 22:00,50.9456,36.77
3/12/2025 23:00,60.8971,45.0626
3/13/2025 0:00,50.7619,49.9828
3/13/2025 1:00,40.1579,41.3841
3/13/2025 2:00,30.6005,32.6486
3/13/2025 3:00,25.693,29.427
3/13/2025 4:00,20.0112,25.0519
3/13/2025 5:00,17.7611,18.1712
3/13/2025 6:00,17.1533,17.7788
3/13/2025 7:00,17.7713,19.6192
3/13/2025 8:00,19.3288,24.2977
3/13/2025 9:00,25.2185,27.9831
3/13/2025 10:00,31.3333,34.3038
3/13/2025 11:00,47.7617,49.6435
3/13/2025 12:00,43.572,44.8759
3/13/2025 13:00,36.6196,45.4205
3/13/2025 14:00,52.5288,62.1899
3/13/2025 15:00,50.7781,50.8152
3/13/2025 16:00,44.1862,45.7592
3/13/2025 17:00,26.125,36.0608
3/13/2025 18:00,23.8972,33.0617
3/13/2025 19:00,18.1458,27.1653
3/13/2025 20:00,13.2516,21.7804
3/13/2025 21:00,11.5278,11.033
3/13/2025 22:00,11.5339,7.5503
3/13/2025 23:00,8.6401,4.9983
3/14/2025 0:00,0.9603,5.577
3/14/2025 1:00,-3.1105,-1.7269
3/14/2025 2:00,-7.4845,-7.1719
3/14/2025 3:00,-8.6525,-10.2891
3/14/2025 4:00,-10.8938,-14.156
3/14/2025 5:00,-15.8246,-20.3909
3/14/2025 6:00,-16.163,-21.404
3/14/2025 7:00,-16.0093,-21.4497
3/14/2025 8:00,-15.1305,-21.3043
3/14/2025 9:00,-12.9813,-19.4565
3/14/2025 10:00,-7.553,-13.5236
3/14/2025 11:00,-0.6762,-5.1988
3/14/2025 12:00,2.9778,-1.3931
3/14/2025 13:00,4.9378,-1.3398
3/14/2025 14:00,10.5994,4.3514
3/14/2025 15:00,12.951,5
3/14/2025 16:00,14.0826,6.7462
3/14/2025 17:00,14.6236,8.5758
3/14/2025 18:00,15.2825,9.037
3/14/2025 19:00,15.1838,7.0582
3/14/2025 20:00,14.7905,6.6526
3/14/2025 21:00,13.0939,5
3/14/2025 22:00,11.4408,4.3544
3/14/2025 23:00,9.4752,4.5783
3/15/2025 0:00,6.7327,2.3749
3/15/2025 1:00,5,-1.7476
3/15/2025 2:00,-0.1777,-6.7851
3/15/2025 3:00,-1.2267,-9.3897
3/15/2025 4:00,-7.0608,-15.5061
3/15/2025 5:00,-9.7728,-16.4309
3/15/2025 6:00,-10.6108,-15.4788
3/15/2025 7:00,-12.0726,-15.6988
3/15/2025 8:00,-12.9078,-11.6627
3/15/2025 9:00,-10.6437,-3.3066
3/15/2025 10:00,-5.4239,6.2266
3/15/2025 11:00,-0.4403,18.9226
3/15/2025 12:00,0.7617,20.4551
3/15/2025 13:00,2.8163,15.1721
3/15/2025 14:00,1.2617,10.0181
3/15/2025 15:00,0.8084,3.3022
3/15/2025 16:00,-2.3923,1.1259
3/15/2025 17:00,-2.0942,3.0639
3/15/2025 18:00,-2.6208,2.7798
3/15/2025 19:00,-4.4791,-1.0702
3/15/2025 20:00,-3.3691,0.9511
3/15/2025 21:00,-3.5466,-2.7326
3/15/2025 22:00,3.3268,4.3421
3/15/2025 23:00,9.8173,12.7037
3/16/2025 0:00,21.1826,34.287
3/16/2025 1:00,19.5353,41.8161
3/16/2025 2:00,16.9115,29.198
3/16/2025 3:00,23.5756,26.7345
3/16/2025 4:00,21.5652,25.1807
3/16/2025 5:00,18.1691,26.5456
3/16/2025 6:00,22.4866,28.5803
3/16/2025 7:00,27.1901,36.1022
3/16/2025 8:00,32.4663,40.03
3/16/2025 9:00,35.3904,43.0423
3/16/2025 10:00,42.0088,51.6929
3/16/2025 11:00,44.372,51.2767
3/16/2025 12:00,47.7574,54.8854
3/16/2025 13:00,55.3502,59.9311
3/16/2025 14:00,62.0504,66.664
3/16/2025 15:00,44.4935,48.17
3/16/2025 16:00,39.2007,42.0499
3/16/2025 17:00,35.4076,37.0498
3/16/2025 18:00,29.7449,31.8032
3/16/2025 19:00,26.1617,26.4624
3/16/2025 20:00,25.0897,24.8978
3/16/2025 21:00,26.4527,26.5687
3/16/2025 22:00,38.8906,39.9069
3/16/2025 23:00,55.6396,59.0438
3/17/2025 0:00,57.0978,59.9034
3/17/2025 1:00,26.6302,38.3415
3/17/2025 2:00,4.6781,14.7993
3/17/2025 3:00,-4.652,-3.083
3/17/2025 4:00,-11.8174,-11.6597
3/17/2025 5:00,-20,-12.9991
3/17/2025 6:00,-20.2478,-16.1642
3/17/2025 7:00,-20.7164,-17.458
3/17/2025 8:00,-18.4151,-16.6971
3/17/2025 9:00,-15.1885,-14.0553
3/17/2025 10:00,-9.4098,-9.7618
3/17/2025 11:00,3.5225,-1.3656
3/17/2025 12:00,1.9199,2.5141
3/17/2025 13:00,4.8458,4.865
3/17/2025 14:00,8.4968,9.8848
3/17/2025 15:00,11.5109,8.8604
3/17/2025 16:00,10.4984,7.5657
3/17/2025 17:00,7.7296,6.2344
3/17/2025 18:00,4.436,4.286
3/17/2025 19:00,2.8018,-0.4336
3/17/2025 20:00,7.14,-3.5511
3/17/2025 21:00,12.6887,-1.0728
3/17/2025 22:00,17.3178,5
3/17/2025 23:00,23.4026,8.156
3/18/2025 0:00,27.6422,10.15
3/18/2025 1:00,21.0332,10.1939
3/18/2025 2:00,9.5844,3.1875
3/18/2025 3:00,5.0123,-3.6064
3/18/2025 4:00,-0.1157,-11.9179
3/18/2025 5:00,-7.3217,-20.4553
3/18/2025 6:00,-8.4126,-21.9198
3/18/2025 7:00,-8.7866,-22.1132
3/18/2025 8:00,-9.1815,-21.4585
3/18/2025 9:00,-4.7769,-17.8416
3/18/2025 10:00,-1.0478,-12.3761
3/18/2025 11:00,7.5518,-0.0072
3/18/2025 12:00,10.411,5
3/18/2025 13:00,10.6643,3.4946
3/18/2025 14:00,13.5102,6.1788
3/18/2025 15:00,12.9865,6.2773
3/18/2025 16:00,11.5696,5
3/18/2025 17:00,11.109,3.8928
3/18/2025 18:00,11.4254,5
3/18/2025 19:00,11.3449,5
3/18/2025 20:00,11.0284,8.8343
3/18/2025 21:00,11.8495,0.1675
3/18/2025 22:00,12.2323,3.6345
3/18/2025 23:00,9.855,5.3803
3/19/2025 0:00,5.3907,8.65
3/19/2025 1:00,-1.0736,6.6721
3/19/2025 2:00,-5.5141,2.793
3/19/2025 3:00,-6.184,-6.1843
3/19/2025 4:00,-10.2265,-10.1447
3/19/2025 5:00,-5.5147,-16.2005
3/19/2025 6:00,-5.2388,-17.132
3/19/2025 7:00,-5.6693,-18.2454
3/19/2025 8:00,-5.7782,-16.6994
3/19/2025 9:00,-1.15,-14.319
3/19/2025 10:00,3.5783,-10.226
3/19/2025 11:00,10.1282,-2.445
3/19/2025 12:00,11.0545,8.0446
3/19/2025 13:00,8.5933,6.0772
3/19/2025 14:00,11.8564,11.7397
3/19/2025 15:00,8.6217,9.3986
3/19/2025 16:00,5.6395,5.75
3/19/2025 17:00,4.6333,5.11
3/19/2025 18:00,2.9516,4.0212
3/19/2025 19:00,2.5305,0.5774
3/19/2025 20:00,1,-1.9099
3/19/2025 21:00,2.7438,-3.6053
3/19/2025 22:00,3.0986,-2.1218
3/19/2025 23:00,5.17,-5.3626
3/20/2025 0:00,16.175,10.9
3/20/2025 1:00,18.2,24.2453
3/20/2025 2:00,15.3734,14.1142
3/20/2025 3:00,13.0121,15.6427
3/20/2025 4:00,14.1942,17.9887
3/20/2025 5:00,18.7335,11.0336
3/20/2025 6:00,19.2212,11.8845
3/20/2025 7:00,19.0164,16.229
3/20/2025 8:00,18.9957,20.4464
3/20/2025 9:00,26.4803,29.1487
3/20/2025 10:00,35.5158,40.3356
3/20/2025 11:00,68.0124,67.2328
3/20/2025 12:00,79.0157,75.9074
3/20/2025 13:00,79.2012,72.4225
3/20/2025 14:00,83.966,81.9248
3/20/2025 15:00,67.1005,68.2237
3/20/2025 16:00,54.1587,46.5065
3/20/2025 17:00,54.2104,41.6101
3/20/2025 18:00,46.0417,33.7117
3/20/2025 19:00,36.0808,27.8605
3/20/2025 20:00,35.1344,25.4917
3/20/2025 21:00,33.0014,22.338
3/20/2025 22:00,30.7092,20.3145
3/20/2025 23:00,33.517,24.0615
3/21/2025 0:00,38.8368,20.0452
3/21/2025 1:00,22.9851,8.8849
3/21/2025 2:00,12.8868,-2.4718
3/21/2025 3:00,2.9816,-9.9297
3/21/2025 4:00,-4.0568,-15.211
3/21/2025 5:00,-11.4529,-21.6639
3/21/2025 6:00,-12.4698,-22.156
3/21/2025 7:00,-13.396,-24.4787
3/21/2025 8:00,-13.2961,-23.2228
3/21/2025 9:00,-11.5861,-21.0532
3/21/2025 10:00,-6.4442,-16.8288
3/21/2025 11:00,5.7488,-7.9366
3/21/2025 12:00,9.9092,-6.6791
3/21/2025 13:00,9.0925,-6.0604
3/21/2025 14:00,13.6761,-1.5355
3/21/2025 15:00,11.5917,-5.02
3/21/2025 16:00,10,-2.939
3/21/2025 17:00,10,2.5593
3/21/2025 18:00,12.152,11.2081
3/21/2025 19:00,13.9433,18.1829
3/21/2025 20:00,13.2888,22.7605
3/21/2025 21:00,13.2824,26.3639
3/21/2025 22:00,16.5019,33.0643
3/21/2025 23:00,20.615,45.2373
3/22/2025 0:00,34.5213,62.25
3/22/2025 1:00,44.4627,59.0185
3/22/2025 2:00,42.2755,49.3482
3/22/2025 3:00,48.3387,50.4241
3/22/2025 4:00,36.7766,39.931
3/22/2025 5:00,50,36.8168
3/22/2025 6:00,40.024,32.0682
3/22/2025 7:00,36.4015,29.2411
3/22/2025 8:00,29.4283,24.0108
3/22/2025 9:00,25.8553,23.6949
3/22/2025 10:00,28.6095,25.3949
3/22/2025 11:00,33.9505,28.8115
3/22/2025 12:00,25.3135,23.4627
3/22/2025 13:00,23.8656,21.3483
3/22/2025 14:00,25.6758,27.0058
3/22/2025 15:00,19.6852,15.3946
3/22/2025 16:00,12.6504,2.6504
3/22/2025 17:00,10.4268,-5.168
3/22/2025 18:00,8.12,-10.075
3/22/2025 19:00,8.9261,-11.2731
3/22/2025 20:00,8.913,-13.8722
3/22/2025 21:00,7.9187,-12.116
3/22/2025 22:00,7.4099,-7.1475
3/22/2025 23:00,11.7702,11.8767
3/23/2025 0:00,18.8182,20.6716
3/23/2025 1:00,16.7114,12.654
3/23/2025 2:00,9.5129,4.941
3/23/2025 3:00,7.282,-0.738
3/23/2025 4:00,1.9106,-5.0753
3/23/2025 5:00,-6.931,-9.2763
3/23/2025 6:00,-7.5784,-11.1834
3/23/2025 7:00,-9.7383,-11.5622
3/23/2025 8:00,-15.6732,-12.4627
3/23/2025 9:00,-14.1984,-12.2637
3/23/2025 10:00,-13.5526,-12.3005
3/23/2025 11:00,-10.9507,-9.0654
3/23/2025 12:00,-12.0879,-9.3577
3/23/2025 13:00,-13.7547,-8.507
3/23/2025 14:00,-12.9072,-10.5452
3/23/2025 15:00,-15.8508,-12.6203
3/23/2025 16:00,-16.9133,-12.6914
3/23/2025 17:00,-14.695,-10.0488
3/23/2025 18:00,-14.2152,-7.6303
3/23/2025 19:00,-9.7258,1.2846
3/23/2025 20:00,-6.2537,9.9208
3/23/2025 21:00,4.3541,28.8154
3/23/2025 22:00,9.7105,34.5692
3/23/2025 23:00,17.5841,43.2772
3/24/2025 0:00,41.3093,61.8431
3/24/2025 1:00,42.0196,62.4717
3/24/2025 2:00,26.5002,43.6665
3/24/2025 3:00,27.6964,39.3996
3/24/2025 4:00,29.1386,35.7847
3/24/2025 5:00,30.5802,31.9722
3/24/2025 6:00,26.4544,27.2171
3/24/2025 7:00,24.5593,26.5191
3/24/2025 8:00,23.5007,26.0709
3/24/2025 9:00,23.5554,25.1159
3/24/2025 10:00,27.1728,27.8485
3/24/2025 11:00,33.3968,36.3709
3/24/2025 12:00,37.2159,34.9274
3/24/2025 13:00,44.8352,38.4186
3/24/2025 14:00,67.0485,51.0314
3/24/2025 15:00,57.8733,38.04
3/24/2025 16:00,46.4911,31.808
3/24/2025 17:00,38.9122,26.5463
3/24/2025 18:00,32.1385,22.5612
3/24/2025 19:00,26.8594,19.9809
3/24/2025 20:00,26.9244,21.8898
3/24/2025 21:00,27.9038,28.7794
3/24/2025 22:00,41.5429,37.6645
3/24/2025 23:00,61.3184,44.6998
3/25/2025 0:00,87.78,63.8899
3/25/2025 1:00,85.0628,61.3039
3/25/2025 2:00,56.4817,42.6499
3/25/2025 3:00,52.4913,39.7611
3/25/2025 4:00,43.1048,32.9279
3/25/2025 5:00,41.4506,31.3267
3/25/2025 6:00,32.5053,26.3505
3/25/2025 7:00,30.0582,26.5755
3/25/2025 8:00,31.7899,25.361
3/25/2025 9:00,28.272,26.3502
3/25/2025 10:00,39.9725,35.6617
3/25/2025 11:00,45.7331,40.7729
3/25/2025 12:00,43.0433,39.0589
3/25/2025 13:00,45.9625,41.8863
3/25/2025 14:00,64.8573,60.3544
3/25/2025 15:00,50.5714,48.6345
3/25/2025 16:00,37.0728,41.1897
3/25/2025 17:00,32.0168,37.043
3/25/2025 18:00,34.7382,41.04
3/25/2025 19:00,28.0686,45.3321
3/25/2025 20:00,27.0756,47.1719
3/25/2025 21:00,26.0997,54.4839
3/25/2025 22:00,28.1296,56.7548
3/25/2025 23:00,38.9288,60.6125
3/26/2025 0:00,45.6419,57.1002
3/26/2025 1:00,40.0319,43.94
3/26/2025 2:00,36.1517,33.7815
3/26/2025 3:00,32.7434,28.1978
3/26/2025 4:00,28.346,24.5382
3/26/2025 5:00,35.6436,28.6833
3/26/2025 6:00,36.0053,30.9202
3/26/2025 7:00,38.5454,29.4099
3/26/2025 8:00,37.1462,28.1024
3/26/2025 9:00,42.4514,32.0968
3/26/2025 10:00,48.0592,35.4219
3/26/2025 11:00,55.3679,37.1046
3/26/2025 12:00,56.7835,33.8504
3/26/2025 13:00,58.5765,39.5446
3/26/2025 14:00,76.514,56.0905
3/26/2025 15:00,59.259,43.8022
3/26/2025 16:00,45.2429,35.0617
3/26/2025 17:00,34.7402,32.8983
3/26/2025 18:00,20.7997,29.7202
3/26/2025 19:00,15.8592,24.44
3/26/2025 20:00,13.2176,22.2055
3/26/2025 21:00,14.329,22.9436
3/26/2025 22:00,14.8584,19.1724
3/26/2025 23:00,15.7105,19.5123
3/27/2025 0:00,14.9953,15.2246
3/27/2025 1:00,4.4751,4.988
3/27/2025 2:00,-1.9842,-4.626
3/27/2025 3:00,-9.1921,-12.5115
3/27/2025 4:00,-14.9385,-17.9676
3/27/2025 5:00,-6.1111,-17.5036
3/27/2025 6:00,-8.6539,-19.4154
3/27/2025 7:00,-8.3958,-19.3777
3/27/2025 8:00,-7.1808,-17.5666
3/27/2025 9:00,-0.8011,-12.885
3/27/2025 10:00,7.2614,-5.5
3/27/2025 11:00,15.6533,4.3198
3/27/2025 12:00,18.7867,11.1152
3/27/2025 13:00,26.3966,13.3224
3/27/2025 14:00,42.5465,25.5073
3/27/2025 15:00,35.8062,19.41
3/27/2025 16:00,24.0978,16.6978
3/27/2025 17:00,22.366,7.1308
3/27/2025 18:00,17.2449,3.62
3/27/2025 19:00,16.7372,0.899
3/27/2025 20:00,18.4229,1.8405
3/27/2025 21:00,18.6332,6.5018
3/27/2025 22:00,16.0305,0.3733
3/27/2025 23:00,15.349,0.076
3/28/2025 0:00,19.1926,-0.3165
3/28/2025 1:00,24.9651,-4.7217
3/28/2025 2:00,20.6244,-9.8009
3/28/2025 3:00,12.6933,-15.3383
3/28/2025 4:00,6.9815,-18.4803
3/28/2025 5:00,-5.9053,-28.1557
3/28/2025 6:00,-8.4986,-29.0512
3/28/2025 7:00,-9.6087,-28.5826
3/28/2025 8:00,-8.7577,-27.6949
3/28/2025 9:00,-7.1302,-25.8948
3/28/2025 10:00,-2.8386,-20.5789
3/28/2025 11:00,5.1638,-9.3299
3/28/2025 12:00,10.008,-6.6912
3/28/2025 13:00,9.0698,-5.9235
3/28/2025 14:00,14.1837,-0.5101
3/28/2025 15:00,11.6164,-1.1959
3/28/2025 16:00,8.8492,-5.0901
3/28/2025 17:00,14.0835,-2.9492
3/28/2025 18:00,14.4764,-4.3289
3/28/2025 19:00,14.6356,-3.0121
3/28/2025 20:00,15.0284,-4.9854
3/28/2025 21:00,14.4177,-2.9944
3/28/2025 22:00,12.3645,8.7376
3/28/2025 23:00,14.3633,5.2423
3/29/2025 0:00,8.1899,-0.5171
3/29/2025 1:00,2.3325,-5.1618
3/29/2025 2:00,0.01,-11.689
3/29/2025 3:00,-0.2794,-18.2337
3/29/2025 4:00,-4.2502,-21.2503
3/29/2025 5:00,-6.9021,-19.6473
3/29/2025 6:00,-5.7094,-19.9748
3/29/2025 7:00,-4.8176,-18.6402
3/29/2025 8:00,-2.8317,-17.4582
3/29/2025 9:00,-1.0809,-15.2812
3/29/2025 10:00,0.8036,-10.0907
3/29/2025 11:00,3.8117,-3.9308
3/29/2025 12:00,6.7806,-0.0964
3/29/2025 13:00,12.8129,5.7931
3/29/2025 14:00,17.5233,11.1003
3/29/2025 15:00,12.2163,14.7646
3/29/2025 16:00,12.6428,11.3974
3/29/2025 17:00,12.0331,13.1079
3/29/2025 18:00,14.5146,17.2734
3/29/2025 19:00,15.5272,22.7389
3/29/2025 20:00,20.5358,26.8901
3/29/2025 21:00,24.0497,27.9239
3/29/2025 22:00,22.8851,29.6548
3/29/2025 23:00,20.7641,30.1
3/30/2025 0:00,18.1469,25
3/30/2025 1:00,10.9929,18.3955
3/30/2025 2:00,8.0729,10.9257
3/30/2025 3:00,5.52,1.9836
3/30/2025 4:00,0.7253,-2.6061
3/30/2025 5:00,-1.2134,1.1339
3/30/2025 6:00,-0.5508,0.9503
3/30/2025 7:00,-0.706,2.152
3/30/2025 8:00,1.7541,2.6666
3/30/2025 9:00,8.9092,7.4721
3/30/2025 10:00,9.1269,7.8785
3/30/2025 11:00,9.4927,9.6365
3/30/2025 12:00,9.677,10.6448
3/30/2025 13:00,14.6877,13.953
3/30/2025 14:00,20.0093,13.8115
3/30/2025 15:00,18.6483,18.8669
3/30/2025 16:00,18.8345,28.6959
3/30/2025 17:00,19.9095,41
3/30/2025 18:00,21.2938,44.5322
3/30/2025 19:00,21.528,48.4944
3/30/2025 20:00,21.2587,46.9241
3/30/2025 21:00,24.1762,50.4205
3/30/2025 22:00,26.6479,58.5404
3/30/2025 23:00,26.1286,55.6459
3/31/2025 0:00,34.7964,51.4958
3/31/2025 1:00,24.6971,36.1096
3/31/2025 2:00,16.0489,16.7999
3/31/2025 3:00,14.489,9.3091
3/31/2025 4:00,11.0461,3.5868
3/31/2025 5:00,17.4232,10.9409
3/31/2025 6:00,17.4233,11.5339
3/31/2025 7:00,22.0783,20.8155
3/31/2025 8:00,24.3285,26.065
3/31/2025 9:00,29.697,32.0343
3/31/2025 10:00,40,42.3652
3/31/2025 11:00,63.7397,60.8425
3/31/2025 12:00,68.0699,54.7129
3/31/2025 13:00,73.3764,54.1203
3/31/2025 14:00,90.4661,72.02
3/31/2025 15:00,84.9467,70
3/31/2025 16:00,75.742,100.8981
3/31/2025 17:00,76.473,63.7546
3/31/2025 18:00,71.6225,66.2612
3/31/2025 19:00,70.8029,65.3497
3/31/2025 20:00,69.1087,60.2862
3/31/2025 21:00,67.9124,59.0825
3/31/2025 22:00,61.0026,52.931
3/31/2025 23:00,50.6353,49.118
4/1/2025 0:00,46.9545,46.9412
4/1/2025 1:00,35.162,42.8553
4/1/2025 2:00,22.6418,25.2
4/1/2025 3:00,14.7945,9.0739
4/1/2025 4:00,1.667,-5.7386
4/1/2025 5:00,-7.924,-14.8293
4/1/2025 6:00,-9.8673,-18.8423
4/1/2025 7:00,-10.0599,-19.5311
4/1/2025 8:00,-12.2416,-20
4/1/2025 9:00,-8.5251,-20.3271
4/1/2025 10:00,-4.9497,-16.224
4/1/2025 11:00,0.7059,-9.2143
4/1/2025 12:00,-2.7942,-8.4713
4/1/2025 13:00,-0.4058,-14.156
4/1/2025 14:00,0.3394,-15.5145
4/1/2025 15:00,-0.5214,-17.3317
4/1/2025 16:00,-3.7839,-16.8164
4/1/2025 17:00,-3.9451,-16.3096
4/1/2025 18:00,-2.179,-15.8277
4/1/2025 19:00,-0.8462,-15.9316
4/1/2025 20:00,-1.1962,-16.1043
4/1/2025 21:00,0.2902,-7.8308
4/1/2025 22:00,4.7456,-12.3833
4/1/2025 23:00,7.6131,-10
4/2/2025 0:00,12.6183,-7.1135
4/2/2025 1:00,14.7589,0.7189
4/2/2025 2:00,11.6872,-12.5225
4/2/2025 3:00,10.9304,-12.9666
4/2/2025 4:00,4.9942,-17.0536
4/2/2025 5:00,0.01,-18.1265
4/2/2025 6:00,1.0572,-17.4761
4/2/2025 7:00,6.6457,-14.2463
4/2/2025 8:00,11.7559,-7.2658
4/2/2025 9:00,14.6653,-2.2037
4/2/2025 10:00,15.2223,0.4398
4/2/2025 11:00,21.1705,7.7165
4/2/2025 12:00,17.6067,11.7937
4/2/2025 13:00,19.9714,20.7118
4/2/2025 14:00,24.5106,20.2727
4/2/2025 15:00,15.9708,14.5859
4/2/2025 16:00,14.7778,17.5615
4/2/2025 17:00,13.9776,21.2103
4/2/2025 18:00,13.0516,27.8835
4/2/2025 19:00,13.1402,34.3144
4/2/2025 20:00,9.2464,32.4266
4/2/2025 21:00,14.4377,44.7436
4/2/2025 22:00,16.7313,59.2713
4/2/2025 23:00,24.3542,73.1904
4/3/2025 0:00,34.3339,109.2656
4/3/2025 1:00,47.55,98.4447
4/3/2025 2:00,22.6036,62.6926
4/3/2025 3:00,20.4114,39.8596
4/3/2025 4:00,19.5699,23.4957
4/3/2025 5:00,20.5789,29.5318
4/3/2025 6:00,20.1428,19.5684
4/3/2025 7:00,21.4392,18.716
4/3/2025 8:00,18.7562,21.3831
4/3/2025 9:00,18.5958,26.319
4/3/2025 10:00,28.2143,38.3782
4/3/2025 11:00,41.4413,39.7265
4/3/2025 12:00,43.8253,42.625
4/3/2025 13:00,50.8461,48.8141
4/3/2025 14:00,61.9229,48.5026
4/3/2025 15:00,63.0865,28.1145
4/3/2025 16:00,57.902,18.2223
4/3/2025 17:00,57.0851,16.9626
4/3/2025 18:00,56.0679,14.6537
4/3/2025 19:00,50,6.7773
4/3/2025 20:00,50.0457,4.216
4/3/2025 21:00,46.0901,6.1903
4/3/2025 22:00,46.0677,15.0749
4/3/2025 23:00,52.9214,28.4414
4/4/2025 0:00,58.72,39.2614
4/4/2025 1:00,58.7703,49.5516
4/4/2025 2:00,32.3876,30.0292
4/4/2025 3:00,26.2805,25.1883
4/4/2025 4:00,21.0737,19.7465
4/4/2025 5:00,26.4591,34.6812
4/4/2025 6:00,29.0153,36.9862
4/4/2025 7:00,32.6365,37.7306
4/4/2025 8:00,35.6166,40.3375
4/4/2025 9:00,36.0841,41.8538
4/4/2025 10:00,44.6213,50.0615
4/4/2025 11:00,56.4184,58.9121
4/4/2025 12:00,64.7347,61.4478
4/4/2025 13:00,67.7936,64.0443
4/4/2025 14:00,69.8188,69.6505
4/4/2025 15:00,69.1543,65.536
4/4/2025 16:00,61.0307,52.9915
4/4/2025 17:00,60.3554,43.1092
4/4/2025 18:00,54.2676,31.817
4/4/2025 19:00,48.5615,27.9491
4/4/2025 20:00,46.0815,28.1282
4/4/2025 21:00,41.7848,29.9881
4/4/2025 22:00,37.9565,30.42
4/4/2025 23:00,35.3607,30.9842
4/5/2025 0:00,30.3327,24.4231
4/5/2025 1:00,24.8843,20.8857
4/5/2025 2:00,15.4143,9.0497
4/5/2025 3:00,10.4912,-0.2383
4/5/2025 4:00,1.1562,-11.9221
4/5/2025 5:00,0.3882,-13.9336
4/5/2025 6:00,0.1096,-17.2522
4/5/2025 7:00,-0.9372,-18.257
4/5/2025 8:00,-2.933,-17.4746
4/5/2025 9:00,-0.6721,-14.4655
4/5/2025 10:00,3.5651,-13.1801
4/5/2025 11:00,11.2394,-8.5367
4/5/2025 12:00,14.3919,-2.7815
4/5/2025 13:00,19.4717,4.4853
4/5/2025 14:00,22.7673,4.9766
4/5/2025 15:00,23.3921,15.4493
4/5/2025 16:00,17.1683,12.1519
4/5/2025 17:00,16.9477,10.8977
4/5/2025 18:00,14.1316,14.2145
4/5/2025 19:00,11.4732,10.7777
4/5/2025 20:00,9.5819,1.9979
4/5/2025 21:00,10.9774,2.7523
4/5/2025 22:00,16.5499,8.6292
4/5/2025 23:00,23.3782,13.9095
4/6/2025 0:00,33.4967,11.2637
4/6/2025 1:00,51.1215,32.7545
4/6/2025 2:00,40,12.8782
4/6/2025 3:00,40.954,16.2895
4/6/2025 4:00,37.3519,20.4246
4/6/2025 5:00,25.9117,0.9355
4/6/2025 6:00,25.4907,5.9163
4/6/2025 7:00,27.2611,9.0966
4/6/2025 8:00,26.585,10.7788
4/6/2025 9:00,27.3167,15.2795
4/6/2025 10:00,37.2351,25.352
4/6/2025 11:00,40.9992,30.7993
4/6/2025 12:00,46.5316,36.3636
4/6/2025 13:00,61.9007,51.6644
4/6/2025 14:00,63.616,53.7277
4/6/2025 15:00,59.3017,44.088
4/6/2025 16:00,52.9404,39.0449
4/6/2025 17:00,50.0847,38.1866
4/6/2025 18:00,44.6225,28.6145
4/6/2025 19:00,40.43,26.3451
4/6/2025 20:00,43.3396,26.7361
4/6/2025 21:00,44.7629,31.3888
4/6/2025 22:00,57.5032,46.2629
4/6/2025 23:00,70.4796,68.0137
4/7/2025 0:00,91.3025,100.7565
4/7/2025 1:00,93.9248,106.2588
4/7/2025 2:00,59.6592,77.0969
4/7/2025 3:00,56.1077,68.6572
4/7/2025 4:00,30.6894,51.5683
4/7/2025 5:00,40.1686,45.7249
4/7/2025 6:00,23.3073,43.0415
4/7/2025 7:00,21.1398,37.556
4/7/2025 8:00,20.3561,38.3999
4/7/2025 9:00,20.9047,39.5975
4/7/2025 10:00,34.8957,56.7748
4/7/2025 11:00,43.176,71.7333
4/7/2025 12:00,57.9718,80.3838
4/7/2025 13:00,69.8032,83.8546
4/7/2025 14:00,77.3426,99.6311
4/7/2025 15:00,58.7466,66.6804
4/7/2025 16:00,48.8974,57.9053
4/7/2025 17:00,51.1045,57.5457
4/7/2025 18:00,51.8666,55.829
4/7/2025 19:00,50.0523,52.9002
4/7/2025 20:00,51.349,53.8709
4/7/2025 21:00,54.0169,56.4415
4/7/2025 22:00,62.7991,64.8726
4/7/2025 23:00,74.3595,78.814
4/8/2025 0:00,82.3218,98.841
4/8/2025 1:00,86.6155,100.4468
4/8/2025 2:00,68.632,75.3344
4/8/2025 3:00,38.264,45.8355
4/8/2025 4:00,28.8256,30.5408
4/8/2025 5:00,22.8466,19.9774
4/8/2025 6:00,20.0507,15.3198
4/8/2025 7:00,19.1084,17.4997
4/8/2025 8:00,19.1655,19.3735
4/8/2025 9:00,21.5841,23.5586
4/8/2025 10:00,24.9661,30.9526
4/8/2025 11:00,42.6262,48.7404
4/8/2025 12:00,42.8296,47.8685
4/8/2025 13:00,46.2457,45.5963
4/8/2025 14:00,52.2314,59.2782
4/8/2025 15:00,38.2631,49.8134
4/8/2025 16:00,25.2579,38.111
4/8/2025 17:00,19.4992,36.9206
4/8/2025 18:00,13.8961,32.4539
4/8/2025 19:00,11.142,29.9563
4/8/2025 20:00,10.439,27.5795
4/8/2025 21:00,9.9199,30.7514
4/8/2025 22:00,13.0068,32.2468
4/8/2025 23:00,16.8816,35.5521
4/9/2025 0:00,18.9813,36.7905
4/9/2025 1:00,15.0003,32.2572
4/9/2025 2:00,5.8442,20.1038
4/9/2025 3:00,-0.2246,14.3738
4/9/2025 4:00,-5.5737,4.2613
4/9/2025 5:00,-3.8603,-5.5919
4/9/2025 6:00,-4.0669,-10.9799
4/9/2025 7:00,-2.9305,-11.2466
4/9/2025 8:00,-2.8984,-10.0282
4/9/2025 9:00,-0.7109,-13.4729
4/9/2025 10:00,5.7904,-1.9412
4/9/2025 11:00,17.1869,11.6203
4/9/2025 12:00,18.4677,20.4
4/9/2025 13:00,21.7129,27.256
4/9/2025 14:00,34.4384,36.6781
4/9/2025 15:00,27.5186,34.4365
4/9/2025 16:00,22.0265,33.9722
4/9/2025 17:00,22.2137,33.3957
4/9/2025 18:00,25.9187,34.4048
4/9/2025 19:00,28.7325,38.2585
4/9/2025 20:00,31.279,40.5729
4/9/2025 21:00,34.6801,46.9127
4/9/2025 22:00,39.9321,57.0444
4/9/2025 23:00,57.8661,83.3876
4/10/2025 0:00,88.8357,106.7052
4/10/2025 1:00,75.9612,85.5274
4/10/2025 2:00,59.9989,59.558
4/10/2025 3:00,53.0445,47.2595
4/10/2025 4:00,50.5218,39.5307
4/10/2025 5:00,31.4786,31.6837
4/10/2025 6:00,26.3286,27
4/10/2025 7:00,20.3766,26.6538
4/10/2025 8:00,16.7159,30.5518
4/10/2025 9:00,14.1465,32.5606
4/10/2025 10:00,17.8858,46.6276
4/10/2025 11:00,32.0463,60.4805
4/10/2025 12:00,31.0354,50.9861
4/10/2025 13:00,32.57,53.7247
4/10/2025 14:00,31.2713,53.2308
4/10/2025 15:00,12.7569,44.6979
4/10/2025 16:00,4.8542,31.68
4/10/2025 17:00,1,26.9737
4/10/2025 18:00,1.3562,27.0338
4/10/2025 19:00,1,27.2936
4/10/2025 20:00,1,26.8305
4/10/2025 21:00,1,27.1959
4/10/2025 22:00,4.2855,25.8918
4/10/2025 23:00,15.8917,25.9268
4/11/2025 0:00,33.7481,53.1613
4/11/2025 1:00,42.393,50.3084
4/11/2025 2:00,29.062,26.9427
4/11/2025 3:00,26.0546,25.1344
4/11/2025 4:00,25.2774,27.7715
4/11/2025 5:00,26.2729,30.2644
4/11/2025 6:00,25.4423,27.838
4/11/2025 7:00,26.9431,27.4777
4/11/2025 8:00,28.9617,29.5848
4/11/2025 9:00,32.521,32.7784
4/11/2025 10:00,41.74,41.6363
4/11/2025 11:00,70.9507,68.5865
4/11/2025 12:00,75.0798,73.177
4/11/2025 13:00,66.9945,66.3455
4/11/2025 14:00,77.8938,76.0131
4/11/2025 15:00,57.9069,56.6381
4/11/2025 16:00,50.5392,48.723
4/11/2025 17:00,50.8904,48.9075
4/11/2025 18:00,51.0947,49.2502
4/11/2025 19:00,45.37,44.7924
4/11/2025 20:00,46.751,47.7782
4/11/2025 21:00,49.3402,50.2079
4/11/2025 22:00,46.3881,49.011
4/11/2025 23:00,43.3636,48.9937
4/12/2025 0:00,36.9177,43.4159
4/12/2025 1:00,19.8018,27.8994
4/12/2025 2:00,11.4961,21.9945
4/12/2025 3:00,4.1986,15.2229
4/12/2025 4:00,-5.6293,-3.0759
4/12/2025 5:00,-11.8099,-7.5337
4/12/2025 6:00,-13.6258,-9.0317
4/12/2025 7:00,-14.5868,-11.0633
4/12/2025 8:00,-17.0737,-14.1368
4/12/2025 9:00,-16.6634,-12.8782
4/12/2025 10:00,-10.8251,-10.7882
4/12/2025 11:00,-6.5163,-3.8648
4/12/2025 12:00,-0.9769,5.2246
4/12/2025 13:00,5.2404,15.7296
4/12/2025 14:00,8.679,19.2634
4/12/2025 15:00,1.2539,10.7108
4/12/2025 16:00,-1.0177,8.1368
4/12/2025 17:00,-1.288,11.4073
4/12/2025 18:00,0.4396,11.6952
4/12/2025 19:00,0.244,13.2302
4/12/2025 20:00,1,17.8524
4/12/2025 21:00,3.4278,19.1608
4/12/2025 22:00,5.164,23.4254
4/12/2025 23:00,7.3251,23.5891
4/13/2025 0:00,10.0529,24.4665
4/13/2025 1:00,6.8655,20.8672
4/13/2025 2:00,-2.101,9.9949
4/13/2025 3:00,-5.0493,0.5892
4/13/2025 4:00,-11.4667,-6.5298
4/13/2025 5:00,-20.3025,-14.7421
4/13/2025 6:00,-21.6297,-15
4/13/2025 7:00,-21.6801,-17
4/13/2025 8:00,-19.6978,-16.7
4/13/2025 9:00,-15.7629,-16.1239
4/13/2025 10:00,-12.8054,-14.7876
4/13/2025 11:00,-9.9382,-12.9815
4/13/2025 12:00,-6.3447,-11.5614
4/13/2025 13:00,1.6751,-7.4219
4/13/2025 14:00,6.2671,8.8066
4/13/2025 15:00,8.224,15.6524
4/13/2025 16:00,0.2047,19.9863
4/13/2025 17:00,12.0897,34.7705
4/13/2025 18:00,13.8234,44.2576
4/13/2025 19:00,13.1214,49.1034
4/13/2025 20:00,13.323,60.053
4/13/2025 21:00,20.7711,72.8038
4/13/2025 22:00,15.8325,112.5651
4/13/2025 23:00,13.5577,81.1927
4/14/2025 0:00,9.8098,67.4781
4/14/2025 1:00,1.8041,41.452
4/14/2025 2:00,-10.3076,23.0877
4/14/2025 3:00,-20.6359,13.4287
4/14/2025 4:00,-22.336,5.4967
4/14/2025 5:00,-18.2337,-7.6399
4/14/2025 6:00,-19.8083,-11.3212
4/14/2025 7:00,-18.4201,-12.84
4/14/2025 8:00,-19.611,-18.5075
4/14/2025 9:00,-18.3119,-18.6541
4/14/2025 10:00,-12.9033,-11.5462
4/14/2025 11:00,-3.7634,0.8164
4/14/2025 12:00,-3.6287,5.9414
4/14/2025 13:00,-5.9927,4.5172
4/14/2025 14:00,-8.7007,9.6749
4/14/2025 15:00,-6.8875,9.3103
4/14/2025 16:00,-7.5391,10.6332
4/14/2025 17:00,-4.6955,18.0037
4/14/2025 18:00,-5,22.9901
4/14/2025 19:00,-11.1707,22.0069
4/14/2025 20:00,-9.3649,23.68
4/14/2025 21:00,-3.3301,23.3257
4/14/2025 22:00,0.6633,37.2319
4/14/2025 23:00,6.5961,47.4019
4/15/2025 0:00,14.6649,71.2819
4/15/2025 1:00,26.1138,84.6207
4/15/2025 2:00,14.2757,50.0767
4/15/2025 3:00,10,33.9034
4/15/2025 4:00,9.0809,26.8226
4/15/2025 5:00,-2.0566,22.6022
4/15/2025 6:00,-4.2529,18.9782
4/15/2025 7:00,-5.3463,14.918
4/15/2025 8:00,-2.2592,12.5982
4/15/2025 9:00,0.8888,13.8543
4/15/2025 10:00,14.1123,23.5328
4/15/2025 11:00,30,40.4571
4/15/2025 12:00,38.2998,48.3641
4/15/2025 13:00,47.4893,62.571
4/15/2025 14:00,43.4639,60.1989
4/15/2025 15:00,33.479,49.0379
4/15/2025 16:00,29.0137,46.0709
4/15/2025 17:00,33.5714,48.2129
4/15/2025 18:00,31.8431,45.9781
4/15/2025 19:00,32.6086,41.429
4/15/2025 20:00,28.6331,39.8025
4/15/2025 21:00,34.958,40.337
4/15/2025 22:00,36.4382,41.27
4/15/2025 23:00,38.6486,39.9576
4/16/2025 0:00,40.3586,38.4378
4/16/2025 1:00,31.292,30.6291
4/16/2025 2:00,17.24,17.8092
4/16/2025 3:00,8.5272,7.9808
4/16/2025 4:00,0.9177,-4.3441
4/16/2025 5:00,-13.9651,-17.166
4/16/2025 6:00,-17.6187,-20.36
4/16/2025 7:00,-19.5462,-20.9797
4/16/2025 8:00,-20,-22.585
4/16/2025 9:00,-17.2175,-20
4/16/2025 10:00,-12.6714,-16.264
4/16/2025 11:00,-3.9228,-8.4186
4/16/2025 12:00,1.6908,-4.6168
4/16/2025 13:00,4.9389,1.3336
4/16/2025 14:00,6.3159,9.4038
4/16/2025 15:00,3.7111,6.2694
4/16/2025 16:00,2.7641,6.6185
4/16/2025 17:00,4.4182,9.7383
4/16/2025 18:00,3.7552,11.0206
4/16/2025 19:00,1.8481,10.5606
4/16/2025 20:00,1.2605,13.8795
4/16/2025 21:00,0.9329,17.2808
4/16/2025 22:00,0.5318,18.9
4/16/2025 23:00,3.5049,24.0199
4/17/2025 0:00,2.9462,22.3266
4/17/2025 1:00,2.2635,19.3023
4/17/2025 2:00,-14.267,8.0219
4/17/2025 3:00,-19.6502,1.1314
4/17/2025 4:00,-21.6466,-9.3832
4/17/2025 5:00,-20,-16.4868
4/17/2025 6:00,-20.3811,-16.5859
4/17/2025 7:00,-20,-19.4673
4/17/2025 8:00,-20.4406,-19.812
4/17/2025 9:00,-18.4421,-16.0548
4/17/2025 10:00,-13.3681,-10.5188
4/17/2025 11:00,-4.2553,-4.2908
4/17/2025 12:00,-0.9088,1.1244
4/17/2025 13:00,4.7035,4.2347
4/17/2025 14:00,5.2508,9.193
4/17/2025 15:00,5.5782,11.4544
4/17/2025 16:00,6.628,17.4713
4/17/2025 17:00,8.9454,22.5331
4/17/2025 18:00,14.9485,26.7069
4/17/2025 19:00,11.6587,33.7056
4/17/2025 20:00,12.2227,45.9112
4/17/2025 21:00,14.8616,41.1891
4/17/2025 22:00,13.3573,29.7259
4/17/2025 23:00,17.0826,31.2167
4/18/2025 0:00,11.9414,26.9709
4/18/2025 1:00,10.624,24.742
4/18/2025 2:00,1.7811,10.8348
4/18/2025 3:00,-9.3244,0.1324
4/18/2025 4:00,-11.8255,-8.0923
4/18/2025 5:00,-10.7158,-9.5984
4/18/2025 6:00,-13.2068,-13.4551
4/18/2025 7:00,-15.657,-17.6413
4/18/2025 8:00,-17.7539,-18.6424
4/18/2025 9:00,-16.1742,-19.0419
4/18/2025 10:00,-10.6091,-12.9437
4/18/2025 11:00,-4.4886,-3.7312
4/18/2025 12:00,-1.803,1.7212
4/18/2025 13:00,1.3239,5.9192
4/18/2025 14:00,5.9116,13.2436
4/18/2025 15:00,2.1659,20.8441
4/18/2025 16:00,1,27.2918
4/18/2025 17:00,10,25
4/18/2025 18:00,12.4147,31.687
4/18/2025 19:00,11.3081,36.6821
4/18/2025 20:00,9.4063,31.3218
4/18/2025 21:00,7.43,30.45
4/18/2025 22:00,8.6838,25.7594
4/18/2025 23:00,8.3664,23.5405
4/19/2025 0:00,13.3628,18.8563
4/19/2025 1:00,16.8965,19.0753
4/19/2025 2:00,13.7081,5.03
4/19/2025 3:00,11.1915,-0.221
4/19/2025 4:00,7.0794,-3.7666
4/19/2025 5:00,3.91,-0.6613
4/19/2025 6:00,2.9177,-3.4265
4/19/2025 7:00,5.8,-3.4998
4/19/2025 8:00,4.8106,-5.2194
4/19/2025 9:00,5.4484,-4.3435
4/19/2025 10:00,8.9034,-2.1744
4/19/2025 11:00,11.1524,1.8593
4/19/2025 12:00,16.584,5.2517
4/19/2025 13:00,23.0093,9.3091
4/19/2025 14:00,23.4536,8.9696
4/19/2025 15:00,18.9801,9.2346
4/19/2025 16:00,21.2436,12.973
4/19/2025 17:00,21.7078,16.2698
4/19/2025 18:00,24.6948,22.0886
4/19/2025 19:00,24.4236,23.6856
4/19/2025 20:00,27.8637,25.3567
4/19/2025 21:00,27.4949,24.1117
4/19/2025 22:00,30.9983,28.132
4/19/2025 23:00,32.2478,29.606
4/20/2025 0:00,39.7688,38.9356
4/20/2025 1:00,39.3476,38.6725
4/20/2025 2:00,24.555,26.0935
4/20/2025 3:00,20.5995,22.0935
4/20/2025 4:00,15.758,16.3077
4/20/2025 5:00,20.3667,21.2535
4/20/2025 6:00,17.5782,19.8124
4/20/2025 7:00,13.414,15.8921
4/20/2025 8:00,12.1682,14.0756
4/20/2025 9:00,9.1819,10.6866
4/20/2025 10:00,8.8984,7.5187
4/20/2025 11:00,9.148,3.6062
4/20/2025 12:00,10.9118,2.5944
4/20/2025 13:00,14.3977,6.302
4/20/2025 14:00,17.3053,9.0437
4/20/2025 15:00,15.5006,2.7132
4/20/2025 16:00,13.4454,1.0646
4/20/2025 17:00,12.5753,1.4674
4/20/2025 18:00,12.322,0.8485
4/20/2025 19:00,13.4509,3.5234
4/20/2025 20:00,16.1932,11.587
4/20/2025 21:00,21.2186,20.886
4/20/2025 22:00,27.7978,31.2956
4/20/2025 23:00,38.0422,49.3132
4/21/2025 0:00,51.14,68.5002
4/21/2025 1:00,52.4907,69.3181
4/21/2025 2:00,36.7887,52.627
4/21/2025 3:00,28.426,46.4272
4/21/2025 4:00,20.701,32.7912
4/21/2025 5:00,18.4144,20.2118
4/21/2025 6:00,15.14,15.9073
4/21/2025 7:00,12.2569,14.6045
4/21/2025 8:00,8.5174,8.8815
4/21/2025 9:00,10.3163,10.5093
4/21/2025 10:00,19.0429,19.8647
4/21/2025 11:00,26.2773,28.6995
4/21/2025 12:00,30.7002,32.1213
4/21/2025 13:00,47.1719,56.3804
4/21/2025 14:00,54.5578,66.0991
4/21/2025 15:00,41.8271,50.3767
4/21/2025 16:00,30.8359,38.3968
4/21/2025 17:00,29.3256,30.6607
4/21/2025 18:00,26.5857,29.4944
4/21/2025 19:00,24.7152,23.0461
4/21/2025 20:00,25.6592,17.5738
4/21/2025 21:00,24.768,13.3274
4/21/2025 22:00,21.4054,12.7981
4/21/2025 23:00,17.6039,11.8525
4/22/2025 0:00,16.1586,12.1173
4/22/2025 1:00,11.2338,5.322
4/22/2025 2:00,1.1929,-8.4317
4/22/2025 3:00,-4.9343,-15.9571
4/22/2025 4:00,-12.1921,-20.7883
4/22/2025 5:00,-12.0109,-20.4494
4/22/2025 6:00,-13.3566,-21.5208
4/22/2025 7:00,-13.8238,-22.5223
4/22/2025 8:00,-13.4275,-20.5876
4/22/2025 9:00,-7.181,-16.6777
4/22/2025 10:00,0.7167,-9.5448
4/22/2025 11:00,9.4001,0.5505
4/22/2025 12:00,11.4768,6.506
4/22/2025 13:00,22.1533,19.3598
4/22/2025 14:00,25.5356,25.7595
4/22/2025 15:00,21.8897,21.8948
4/22/2025 16:00,27.2531,23.7239
4/22/2025 17:00,30.5265,24.5949
4/22/2025 18:00,35.7884,30.4978
4/22/2025 19:00,36.2097,30.1109
4/22/2025 20:00,35.2325,29.9756
4/22/2025 21:00,33.5186,27.766
4/22/2025 22:00,33.2771,27.27
4/22/2025 23:00,41.4139,30.5308
4/23/2025 0:00,45.4993,36.9144
4/23/2025 1:00,33.8562,25.191
4/23/2025 2:00,21.0596,14.402
4/23/2025 3:00,19.2417,10.3018
4/23/2025 4:00,15.694,4.9229
4/23/2025 5:00,10.1479,-4.0954
4/23/2025 6:00,8.369,-5.6887
4/23/2025 7:00,9.6646,-3.2077
4/23/2025 8:00,11.1175,-0.0123
4/23/2025 9:00,14.2722,5.0833
4/23/2025 10:00,22.393,15.1842
4/23/2025 11:00,29.3793,24.9349
4/23/2025 12:00,32.9308,31.6678
4/23/2025 13:00,39.2761,39.3912
4/23/2025 14:00,42.6122,43.1785
4/23/2025 15:00,31.8126,34.3577
4/23/2025 16:00,31.7383,33.3027
4/23/2025 17:00,27.79,32.1155
4/23/2025 18:00,30.7953,33.2889
4/23/2025 19:00,26.5463,27.6733
4/23/2025 20:00,23.1088,23.5705
4/23/2025 21:00,24.8446,21.0398
4/23/2025 22:00,25.4992,22.1612
4/23/2025 23:00,26.1126,19.2593
4/24/2025 0:00,25.9656,19.1844
4/24/2025 1:00,21.0419,14.2488
4/24/2025 2:00,15.0608,7.1975
4/24/2025 3:00,9.8331,0.1451
4/24/2025 4:00,7.5052,-6.0774
4/24/2025 5:00,12.6829,-1.9518
4/24/2025 6:00,10.4923,-0.7992
4/24/2025 7:00,9.6769,0.475
4/24/2025 8:00,10.6173,4.1605
4/24/2025 9:00,13.7719,10.0579
4/24/2025 10:00,21.7692,19.229
4/24/2025 11:00,27.2576,25.3515
4/24/2025 12:00,27.3208,26.2194
4/24/2025 13:00,29.61,29.6213
4/24/2025 14:00,29.9871,27.249
4/24/2025 15:00,27.3007,21.8544
4/24/2025 16:00,24.5341,23.9159
4/24/2025 17:00,25.98,27.4442
4/24/2025 18:00,22.871,27.0838
4/24/2025 19:00,21.6924,26.2102
4/24/2025 20:00,18.7713,26.8491
4/24/2025 21:00,20.7757,27.5231
4/24/2025 22:00,24.2401,26.7469
4/24/2025 23:00,29.8326,30.4646
4/25/2025 0:00,37.304,31.8441
4/25/2025 1:00,35.0867,25.3412
4/25/2025 2:00,26.8906,16.4952
4/25/2025 3:00,16.7033,9.8339
4/25/2025 4:00,13.5887,7.7
4/25/2025 5:00,19.5914,15.421
4/25/2025 6:00,16.5927,13.4223
4/25/2025 7:00,17.6316,16.3453
4/25/2025 8:00,18.9238,17.816
4/25/2025 9:00,20.2247,22.5044
4/25/2025 10:00,24.019,29.0224
4/25/2025 11:00,25.9839,36.0155
4/25/2025 12:00,27.1032,38.8908
4/25/2025 13:00,29.3687,47.8955
4/25/2025 14:00,27.2719,43.4713
4/25/2025 15:00,20.8766,40.01
4/25/2025 16:00,19.7164,39.755
4/25/2025 17:00,20.8608,43.9687
4/25/2025 18:00,20.6681,48.2492
4/25/2025 19:00,21.7454,49.2544
4/25/2025 20:00,22.5388,54.6693
4/25/2025 21:00,22.7559,53.2297
4/25/2025 22:00,22.2207,47.3171
4/25/2025 23:00,23.0703,40.253
4/26/2025 0:00,27.7436,41.7743
4/26/2025 1:00,28.0851,36.8111
4/26/2025 2:00,24.1875,29.0543
4/26/2025 3:00,24.6364,24.3814
4/26/2025 4:00,22.0066,20.2654
4/26/2025 5:00,23.0246,21.888
4/26/2025 6:00,19.0296,19.5503
4/26/2025 7:00,17.9181,18.7771
4/26/2025 8:00,16.3452,15.5987
4/26/2025 9:00,17.4659,17.6389
4/26/2025 10:00,18.9006,19.3618
4/26/2025 11:00,19.0742,20.1951
4/26/2025 12:00,18.2801,20.7306
4/26/2025 13:00,25.3614,28.951
4/26/2025 14:00,26.0979,29.072
4/26/2025 15:00,20.4656,22.2689
4/26/2025 16:00,22.8005,25.1814
4/26/2025 17:00,26.8399,29.6336
4/26/2025 18:00,26.5455,27.4685
4/26/2025 19:00,25.8579,26.716
4/26/2025 20:00,28.3519,26.577
4/26/2025 21:00,29.6362,31.5434
4/26/2025 22:00,27.7362,32.4895
4/26/2025 23:00,26.308,32.7406
4/27/2025 0:00,25.8019,33.492
4/27/2025 1:00,24.8723,33.913
4/27/2025 2:00,22.7687,28.1095
4/27/2025 3:00,18.4261,26.2692
4/27/2025 4:00,13.2086,20.7131
4/27/2025 5:00,20.6266,14.3721
4/27/2025 6:00,18.2419,12.0182
4/27/2025 7:00,17.2834,9.3969
4/27/2025 8:00,14.4605,5.7986
4/27/2025 9:00,14.2845,6.4538
4/27/2025 10:00,18.0609,9.8232
4/27/2025 11:00,18.1539,11.4986
4/27/2025 12:00,19.6971,11.0812
4/27/2025 13:00,20.5479,13.1397
4/27/2025 14:00,21.1316,8.6901
4/27/2025 15:00,16.8659,6.1541
4/27/2025 16:00,15.9553,9.7919
4/27/2025 17:00,14.87,13.7221
4/27/2025 18:00,11.5328,10.3305
4/27/2025 19:00,9.3274,6.2016
4/27/2025 20:00,7.0741,6.2344
4/27/2025 21:00,8.6749,10.1
4/27/2025 22:00,9.2136,16.3494
4/27/2025 23:00,9.4633,21.8634
4/28/2025 0:00,7.5584,17.8396
4/28/2025 1:00,7.7618,18.286
4/28/2025 2:00,1,7.098
4/28/2025 3:00,-6.6394,-3.058
4/28/2025 4:00,-12.5214,-12.1012
4/28/2025 5:00,-9.0162,-17.6793
4/28/2025 6:00,-9.7708,-23.4397
4/28/2025 7:00,-10.6428,-25.8902
4/28/2025 8:00,-10.959,-25.9142
4/28/2025 9:00,-9.8124,-24.9858
4/28/2025 10:00,-4.3236,-14.2326
4/28/2025 11:00,0.6816,-7.5255
4/28/2025 12:00,6.1135,-8.8234
4/28/2025 13:00,18.3175,-8.5046
4/28/2025 14:00,25.0932,-3.843
4/28/2025 15:00,25.5188,-8.08
4/28/2025 16:00,32.4543,-1.3935
4/28/2025 17:00,37.6964,0.8467
4/28/2025 18:00,41.5487,7.1055
4/28/2025 19:00,36.6216,6.1762
4/28/2025 20:00,37.2072,12.7535
4/28/2025 21:00,44.5557,16.914
4/28/2025 22:00,56.8087,21.2181
4/28/2025 23:00,63.9046,28.9962
4/29/2025 0:00,61.5957,36.2296
4/29/2025 1:00,59.1598,41.1416
4/29/2025 2:00,43.5694,22.1126
4/29/2025 3:00,35.5302,18.3372
4/29/2025 4:00,26.572,10.012
4/29/2025 5:00,12.1358,2.0728
4/29/2025 6:00,8.6136,1.992
4/29/2025 7:00,5.8464,0.9484
4/29/2025 8:00,5.6748,-1.5455
4/29/2025 9:00,5.6214,-0.1974
4/29/2025 10:00,13.8792,6.8333
4/29/2025 11:00,20.9094,10.437
4/29/2025 12:00,21.9153,13.0471
4/29/2025 13:00,33.7615,19.0812
4/29/2025 14:00,35.6263,19.8862
4/29/2025 15:00,35.004,20.337
4/29/2025 16:00,39.9707,26.7659
4/29/2025 17:00,44.7262,31.4869
4/29/2025 18:00,49.5268,36.1873
4/29/2025 19:00,46.8008,33.2378
4/29/2025 20:00,48.0494,35.1
4/29/2025 21:00,48.3061,35.3283
4/29/2025 22:00,47.3557,35.1
4/29/2025 23:00,48.6994,37.2378
4/30/2025 0:00,56.451,54.5167
4/30/2025 1:00,62.089,57.0598
4/30/2025 2:00,44.8707,38.681
4/30/2025 3:00,37.5584,36.1438
4/30/2025 4:00,32.8187,31.3082
4/30/2025 5:00,36.0125,29.8887
4/30/2025 6:00,30.6083,26.4362
4/30/2025 7:00,30.8416,26.8626
4/30/2025 8:00,30.0425,26.0816
4/30/2025 9:00,32.1638,28.4481
4/30/2025 10:00,41.3565,34.7952
4/30/2025 11:00,44.7009,39.6251
4/30/2025 12:00,44.9723,35.8691
4/30/2025 13:00,47.2156,37.1943
4/30/2025 14:00,51.7441,41.4781
4/30/2025 15:00,48.0744,37.45
4/30/2025 16:00,56.3832,45.7512
4/30/2025 17:00,53.9852,44.9666
4/30/2025 18:00,51.6438,44.5292
4/30/2025 19:00,51.7977,47.1686
4/30/2025 20:00,53.2893,48.4279
4/30/2025 21:00,59.6545,55.9767
4/30/2025 22:00,59.8672,58.0162
4/30/2025 23:00,54.5428,51.8989
5/1/2025 0:00,65.6204,61.1354
5/1/2025 1:00,68.6026,64.4757
5/1/2025 2:00,51.4415,48.9639
5/1/2025 3:00,43.5884,43.5247
5/1/2025 4:00,37.4226,37.7224
