Timestamp,Ontario
2025-01-01 00:00:00,21.31
2025-01-01 01:00:00,26.23
2025-01-01 02:00:00,32.0
2025-01-01 03:00:00,13.03
2025-01-01 04:00:00,14.4
2025-01-01 05:00:00,14.36
2025-01-01 06:00:00,15.4
2025-01-01 07:00:00,35.34
2025-01-01 08:00:00,21.11
2025-01-01 09:00:00,15.71
2025-01-01 10:00:00,30.79
2025-01-01 11:00:00,14.36
2025-01-01 12:00:00,14.37
2025-01-01 13:00:00,14.37
2025-01-01 14:00:00,37.55
2025-01-01 15:00:00,41.31
2025-01-01 16:00:00,41.8
2025-01-01 17:00:00,40.13
2025-01-01 18:00:00,67.22
2025-01-01 19:00:00,42.79
2025-01-01 20:00:00,41.46
2025-01-01 21:00:00,39.71
2025-01-01 22:00:00,45.84
2025-01-01 23:00:00,14.35
2025-01-02 00:00:00,14.3
2025-01-02 01:00:00,14.74
2025-01-02 02:00:00,14.36
2025-01-02 03:00:00,14.33
2025-01-02 04:00:00,14.28
2025-01-02 05:00:00,12.21
2025-01-02 06:00:00,36.44
2025-01-02 07:00:00,42.03
2025-01-02 08:00:00,43.29
2025-01-02 09:00:00,43.43
2025-01-02 10:00:00,43.46
2025-01-02 11:00:00,43.66
2025-01-02 12:00:00,43.7
2025-01-02 13:00:00,43.63
2025-01-02 14:00:00,43.45
2025-01-02 15:00:00,43.59
2025-01-02 16:00:00,44.03
2025-01-02 17:00:00,59.88
2025-01-02 18:00:00,44.91
2025-01-02 19:00:00,44.68
2025-01-02 20:00:00,44.64
2025-01-02 21:00:00,51.14
2025-01-02 22:00:00,42.65
2025-01-02 23:00:00,41.9
2025-01-03 00:00:00,43.31
2025-01-03 01:00:00,43.28
2025-01-03 02:00:00,43.4
2025-01-03 03:00:00,43.37
2025-01-03 04:00:00,45.35
2025-01-03 05:00:00,45.82
2025-01-03 06:00:00,46.04
2025-01-03 07:00:00,46.91
2025-01-03 08:00:00,47.3
2025-01-03 09:00:00,47.54
2025-01-03 10:00:00,46.85
2025-01-03 11:00:00,46.94
2025-01-03 12:00:00,46.56
2025-01-03 13:00:00,43.5
2025-01-03 14:00:00,42.55
2025-01-03 15:00:00,42.67
2025-01-03 16:00:00,42.39
2025-01-03 17:00:00,44.91
2025-01-03 18:00:00,47.31
2025-01-03 19:00:00,46.35
2025-01-03 20:00:00,46.05
2025-01-03 21:00:00,44.88
2025-01-03 22:00:00,43.68
2025-01-03 23:00:00,43.22
2025-01-04 00:00:00,35.98
2025-01-04 01:00:00,19.48
2025-01-04 02:00:00,24.47
2025-01-04 03:00:00,32.69
2025-01-04 04:00:00,40.59
2025-01-04 05:00:00,32.55
2025-01-04 06:00:00,39.17
2025-01-04 07:00:00,40.8
2025-01-04 08:00:00,41.55
2025-01-04 09:00:00,41.28
2025-01-04 10:00:00,39.8
2025-01-04 11:00:00,44.07
2025-01-04 12:00:00,43.56
2025-01-04 13:00:00,40.26
2025-01-04 14:00:00,39.57
2025-01-04 15:00:00,40.4
2025-01-04 16:00:00,42.79
2025-01-04 17:00:00,51.99
2025-01-04 18:00:00,52.1
2025-01-04 19:00:00,45.41
2025-01-04 20:00:00,41.84
2025-01-04 21:00:00,41.99
2025-01-04 22:00:00,41.4
2025-01-04 23:00:00,41.7
2025-01-05 00:00:00,16.43
2025-01-05 01:00:00,18.23
2025-01-05 02:00:00,37.17
2025-01-05 03:00:00,41.52
2025-01-05 04:00:00,41.86
2025-01-05 05:00:00,40.88
2025-01-05 06:00:00,38.71
2025-01-05 07:00:00,44.62
2025-01-05 08:00:00,45.58
2025-01-05 09:00:00,45.56
2025-01-05 10:00:00,45.56
2025-01-05 11:00:00,45.56
2025-01-05 12:00:00,45.57
2025-01-05 13:00:00,45.59
2025-01-05 14:00:00,45.71
2025-01-05 15:00:00,50.06
2025-01-05 16:00:00,78.39
2025-01-05 17:00:00,51.9
2025-01-05 18:00:00,46.51
2025-01-05 19:00:00,45.66
2025-01-05 20:00:00,47.63
2025-01-05 21:00:00,46.45
2025-01-05 22:00:00,45.64
2025-01-05 23:00:00,45.19
2025-01-06 00:00:00,45.56
2025-01-06 01:00:00,45.55
2025-01-06 02:00:00,45.32
2025-01-06 03:00:00,44.81
2025-01-06 04:00:00,44.84
2025-01-06 05:00:00,44.78
2025-01-06 06:00:00,44.64
2025-01-06 07:00:00,46.76
2025-01-06 08:00:00,57.39
2025-01-06 09:00:00,78.47
2025-01-06 10:00:00,58.91
2025-01-06 11:00:00,45.98
2025-01-06 12:00:00,45.95
2025-01-06 13:00:00,45.73
2025-01-06 14:00:00,45.87
2025-01-06 15:00:00,45.8
2025-01-06 16:00:00,47.57
2025-01-06 17:00:00,61.97
2025-01-06 18:00:00,83.25
2025-01-06 19:00:00,71.08
2025-01-06 20:00:00,52.92
2025-01-06 21:00:00,76.4
2025-01-06 22:00:00,46.81
2025-01-06 23:00:00,45.54
2025-01-07 00:00:00,44.27
2025-01-07 01:00:00,39.59
2025-01-07 02:00:00,34.85
2025-01-07 03:00:00,30.69
2025-01-07 04:00:00,15.03
2025-01-07 05:00:00,27.2
2025-01-07 06:00:00,43.45
2025-01-07 07:00:00,47.8
2025-01-07 08:00:00,47.68
2025-01-07 09:00:00,47.57
2025-01-07 10:00:00,47.35
2025-01-07 11:00:00,47.03
2025-01-07 12:00:00,44.61
2025-01-07 13:00:00,43.89
2025-01-07 14:00:00,43.89
2025-01-07 15:00:00,43.53
2025-01-07 16:00:00,54.26
2025-01-07 17:00:00,73.68
2025-01-07 18:00:00,55.1
2025-01-07 19:00:00,48.78
2025-01-07 20:00:00,48.33
2025-01-07 21:00:00,49.36
2025-01-07 22:00:00,46.01
2025-01-07 23:00:00,43.91
2025-01-08 00:00:00,41.38
2025-01-08 01:00:00,45.41
2025-01-08 02:00:00,45.59
2025-01-08 03:00:00,46.09
2025-01-08 04:00:00,43.66
2025-01-08 05:00:00,46.43
2025-01-08 06:00:00,45.93
2025-01-08 07:00:00,68.21
2025-01-08 08:00:00,47.64
2025-01-08 09:00:00,66.6
2025-01-08 10:00:00,70.26
2025-01-08 11:00:00,75.78
2025-01-08 12:00:00,47.08
2025-01-08 13:00:00,46.96
2025-01-08 14:00:00,55.37
2025-01-08 15:00:00,47.14
2025-01-08 16:00:00,50.71
2025-01-08 17:00:00,146.31
2025-01-08 18:00:00,49.99
2025-01-08 19:00:00,48.93
2025-01-08 20:00:00,49.5
2025-01-08 21:00:00,54.75
2025-01-08 22:00:00,137.56
2025-01-08 23:00:00,55.11
2025-01-09 00:00:00,49.56
2025-01-09 01:00:00,49.2
2025-01-09 02:00:00,49.89
2025-01-09 03:00:00,47.46
2025-01-09 04:00:00,48.4
2025-01-09 05:00:00,55.29
2025-01-09 06:00:00,65.18
2025-01-09 07:00:00,95.74
2025-01-09 08:00:00,87.07
2025-01-09 09:00:00,59.33
2025-01-09 10:00:00,61.8
2025-01-09 11:00:00,47.87
2025-01-09 12:00:00,47.28
2025-01-09 13:00:00,47.24
2025-01-09 14:00:00,47.3
2025-01-09 15:00:00,47.85
2025-01-09 16:00:00,48.2
2025-01-09 17:00:00,135.79
2025-01-09 18:00:00,77.67
2025-01-09 19:00:00,54.54
2025-01-09 20:00:00,57.5
2025-01-09 21:00:00,61.27
2025-01-09 22:00:00,57.06
2025-01-09 23:00:00,80.13
2025-01-10 00:00:00,83.27
2025-01-10 01:00:00,55.25
2025-01-10 02:00:00,53.65
2025-01-10 03:00:00,56.13
2025-01-10 04:00:00,57.31
2025-01-10 05:00:00,50.23
2025-01-10 06:00:00,48.81
2025-01-10 07:00:00,54.94
2025-01-10 08:00:00,55.59
2025-01-10 09:00:00,51.01
2025-01-10 10:00:00,61.75
2025-01-10 11:00:00,50.7
2025-01-10 12:00:00,53.19
2025-01-10 13:00:00,52.65
2025-01-10 14:00:00,55.7
2025-01-10 15:00:00,71.53
2025-01-10 16:00:00,91.91
2025-01-10 17:00:00,65.88
2025-01-10 18:00:00,76.61
2025-01-10 19:00:00,86.02
2025-01-10 20:00:00,122.37
2025-01-10 21:00:00,90.38
2025-01-10 22:00:00,54.91
2025-01-10 23:00:00,58.73
2025-01-11 00:00:00,55.23
2025-01-11 01:00:00,57.0
2025-01-11 02:00:00,62.04
2025-01-11 03:00:00,93.74
2025-01-11 04:00:00,67.87
2025-01-11 05:00:00,53.39
2025-01-11 06:00:00,53.1
2025-01-11 07:00:00,53.14
2025-01-11 08:00:00,53.29
2025-01-11 09:00:00,54.89
2025-01-11 10:00:00,59.92
2025-01-11 11:00:00,56.15
2025-01-11 12:00:00,57.32
2025-01-11 13:00:00,53.22
2025-01-11 14:00:00,53.37
2025-01-11 15:00:00,54.93
2025-01-11 16:00:00,58.94
2025-01-11 17:00:00,53.33
2025-01-11 18:00:00,54.92
2025-01-11 19:00:00,56.48
2025-01-11 20:00:00,53.21
2025-01-11 21:00:00,53.11
2025-01-11 22:00:00,53.09
2025-01-11 23:00:00,52.99
2025-01-12 00:00:00,52.86
2025-01-12 01:00:00,51.52
2025-01-12 02:00:00,49.56
2025-01-12 03:00:00,49.69
2025-01-12 04:00:00,50.51
2025-01-12 05:00:00,52.92
2025-01-12 06:00:00,52.63
2025-01-12 07:00:00,52.98
2025-01-12 08:00:00,52.96
2025-01-12 09:00:00,52.95
2025-01-12 10:00:00,52.95
2025-01-12 11:00:00,52.97
2025-01-12 12:00:00,52.69
2025-01-12 13:00:00,51.17
2025-01-12 14:00:00,50.28
2025-01-12 15:00:00,52.92
2025-01-12 16:00:00,52.05
2025-01-12 17:00:00,52.91
2025-01-12 18:00:00,52.91
2025-01-12 19:00:00,52.91
2025-01-12 20:00:00,52.62
2025-01-12 21:00:00,49.39
2025-01-12 22:00:00,48.23
2025-01-12 23:00:00,46.83
2025-01-13 00:00:00,37.62
2025-01-13 01:00:00,24.41
2025-01-13 02:00:00,14.35
2025-01-13 03:00:00,14.32
2025-01-13 04:00:00,8.02
2025-01-13 05:00:00,37.42
2025-01-13 06:00:00,48.69
2025-01-13 07:00:00,49.01
2025-01-13 08:00:00,51.26
2025-01-13 09:00:00,50.99
2025-01-13 10:00:00,52.54
2025-01-13 11:00:00,52.92
2025-01-13 12:00:00,52.56
2025-01-13 13:00:00,52.89
2025-01-13 14:00:00,52.66
2025-01-13 15:00:00,52.8
2025-01-13 16:00:00,52.81
2025-01-13 17:00:00,53.07
2025-01-13 18:00:00,53.0
2025-01-13 19:00:00,53.06
2025-01-13 20:00:00,52.93
2025-01-13 21:00:00,52.33
2025-01-13 22:00:00,49.74
2025-01-13 23:00:00,46.68
2025-01-14 00:00:00,28.03
2025-01-14 01:00:00,27.57
2025-01-14 02:00:00,51.16
2025-01-14 03:00:00,53.69
2025-01-14 04:00:00,53.35
2025-01-14 05:00:00,55.62
2025-01-14 06:00:00,56.91
2025-01-14 07:00:00,57.26
2025-01-14 08:00:00,59.83
2025-01-14 09:00:00,57.29
2025-01-14 10:00:00,57.04
2025-01-14 11:00:00,57.07
2025-01-14 12:00:00,57.04
2025-01-14 13:00:00,57.02
2025-01-14 14:00:00,64.36
2025-01-14 15:00:00,57.13
2025-01-14 16:00:00,59.4
2025-01-14 17:00:00,58.64
2025-01-14 18:00:00,56.65
2025-01-14 19:00:00,57.45
2025-01-14 20:00:00,57.08
2025-01-14 21:00:00,56.93
2025-01-14 22:00:00,55.78
2025-01-14 23:00:00,56.66
2025-01-15 00:00:00,53.82
2025-01-15 01:00:00,51.19
2025-01-15 02:00:00,53.75
2025-01-15 03:00:00,53.31
2025-01-15 04:00:00,53.84
2025-01-15 05:00:00,53.87
2025-01-15 06:00:00,53.77
2025-01-15 07:00:00,57.32
2025-01-15 08:00:00,54.04
2025-01-15 09:00:00,57.02
2025-01-15 10:00:00,55.29
2025-01-15 11:00:00,54.59
2025-01-15 12:00:00,54.1
2025-01-15 13:00:00,54.01
2025-01-15 14:00:00,54.03
2025-01-15 15:00:00,54.16
2025-01-15 16:00:00,54.03
2025-01-15 17:00:00,54.02
2025-01-15 18:00:00,53.13
2025-01-15 19:00:00,51.42
2025-01-15 20:00:00,52.73
2025-01-15 21:00:00,53.7
2025-01-15 22:00:00,51.58
2025-01-15 23:00:00,48.89
2025-01-16 00:00:00,29.64
2025-01-16 01:00:00,14.34
2025-01-16 02:00:00,14.34
2025-01-16 03:00:00,26.69
2025-01-16 04:00:00,53.48
2025-01-16 05:00:00,55.73
2025-01-16 06:00:00,61.49
2025-01-16 07:00:00,72.26
2025-01-16 08:00:00,61.66
2025-01-16 09:00:00,74.92
2025-01-16 10:00:00,167.15
2025-01-16 11:00:00,59.23
2025-01-16 12:00:00,62.89
2025-01-16 13:00:00,66.47
2025-01-16 14:00:00,62.38
2025-01-16 15:00:00,61.23
2025-01-16 16:00:00,75.76
2025-01-16 17:00:00,101.44
2025-01-16 18:00:00,59.1
2025-01-16 19:00:00,55.69
2025-01-16 20:00:00,54.99
2025-01-16 21:00:00,55.46
2025-01-16 22:00:00,53.97
2025-01-16 23:00:00,54.07
2025-01-17 00:00:00,52.42
2025-01-17 01:00:00,51.88
2025-01-17 02:00:00,51.88
2025-01-17 03:00:00,52.7
2025-01-17 04:00:00,53.47
2025-01-17 05:00:00,55.68
2025-01-17 06:00:00,55.43
2025-01-17 07:00:00,56.09
2025-01-17 08:00:00,59.73
2025-01-17 09:00:00,64.89
2025-01-17 10:00:00,59.63
2025-01-17 11:00:00,55.73
2025-01-17 12:00:00,55.18
2025-01-17 13:00:00,53.69
2025-01-17 14:00:00,52.69
2025-01-17 15:00:00,52.18
2025-01-17 16:00:00,48.28
2025-01-17 17:00:00,52.13
2025-01-17 18:00:00,51.91
2025-01-17 19:00:00,52.46
2025-01-17 20:00:00,54.57
2025-01-17 21:00:00,52.56
2025-01-17 22:00:00,51.81
2025-01-17 23:00:00,51.82
2025-01-18 00:00:00,43.32
2025-01-18 01:00:00,7.95
2025-01-18 02:00:00,14.38
2025-01-18 03:00:00,20.62
2025-01-18 04:00:00,61.67
2025-01-18 05:00:00,63.69
2025-01-18 06:00:00,66.32
2025-01-18 07:00:00,59.71
2025-01-18 08:00:00,65.25
2025-01-18 09:00:00,66.5
2025-01-18 10:00:00,67.72
2025-01-18 11:00:00,69.52
2025-01-18 12:00:00,69.87
2025-01-18 13:00:00,69.91
2025-01-18 14:00:00,69.89
2025-01-18 15:00:00,69.98
2025-01-18 16:00:00,69.75
2025-01-18 17:00:00,70.0
2025-01-18 18:00:00,71.88
2025-01-18 19:00:00,74.41
2025-01-18 20:00:00,79.39
2025-01-18 21:00:00,72.68
2025-01-18 22:00:00,70.3
2025-01-18 23:00:00,70.02
2025-01-19 00:00:00,70.25
2025-01-19 01:00:00,70.01
2025-01-19 02:00:00,74.67
2025-01-19 03:00:00,96.87
2025-01-19 04:00:00,72.16
2025-01-19 05:00:00,70.06
2025-01-19 06:00:00,69.97
2025-01-19 07:00:00,69.98
2025-01-19 08:00:00,71.15
2025-01-19 09:00:00,78.79
2025-01-19 10:00:00,88.33
2025-01-19 11:00:00,77.6
2025-01-19 12:00:00,70.07
2025-01-19 13:00:00,70.0
2025-01-19 14:00:00,70.01
2025-01-19 15:00:00,69.47
2025-01-19 16:00:00,64.0
2025-01-19 17:00:00,74.22
2025-01-19 18:00:00,88.46
2025-01-19 19:00:00,75.93
2025-01-19 20:00:00,69.1
2025-01-19 21:00:00,69.01
2025-01-19 22:00:00,70.43
2025-01-19 23:00:00,69.98
2025-01-20 00:00:00,77.36
2025-01-20 01:00:00,74.67
2025-01-20 02:00:00,103.03
2025-01-20 03:00:00,76.12
2025-01-20 04:00:00,102.79
2025-01-20 05:00:00,95.0
2025-01-20 06:00:00,86.97
2025-01-20 07:00:00,256.12
2025-01-20 08:00:00,173.03
2025-01-20 09:00:00,245.55
2025-01-20 10:00:00,101.68
2025-01-20 11:00:00,84.13
2025-01-20 12:00:00,70.39
2025-01-20 13:00:00,74.93
2025-01-20 14:00:00,77.1
2025-01-20 15:00:00,67.35
2025-01-20 16:00:00,66.63
2025-01-20 17:00:00,153.46
2025-01-20 18:00:00,202.18
2025-01-20 19:00:00,236.01
2025-01-20 20:00:00,226.46
2025-01-20 21:00:00,186.91
2025-01-20 22:00:00,106.57
2025-01-20 23:00:00,76.02
2025-01-21 00:00:00,84.56
2025-01-21 01:00:00,111.33
2025-01-21 02:00:00,214.6
2025-01-21 03:00:00,233.45
2025-01-21 04:00:00,273.16
2025-01-21 05:00:00,178.65
2025-01-21 06:00:00,207.32
2025-01-21 07:00:00,428.74
2025-01-21 08:00:00,290.37
2025-01-21 09:00:00,277.66
2025-01-21 10:00:00,254.87
2025-01-21 11:00:00,287.79
2025-01-21 12:00:00,186.43
2025-01-21 13:00:00,77.2
2025-01-21 14:00:00,177.37
2025-01-21 15:00:00,194.75
2025-01-21 16:00:00,168.17
2025-01-21 17:00:00,217.16
2025-01-21 18:00:00,251.59
2025-01-21 19:00:00,243.9
2025-01-21 20:00:00,263.31
2025-01-21 21:00:00,324.24
2025-01-21 22:00:00,216.48
2025-01-21 23:00:00,86.61
2025-01-22 00:00:00,74.66
2025-01-22 01:00:00,73.92
2025-01-22 02:00:00,142.5
2025-01-22 03:00:00,103.76
2025-01-22 04:00:00,118.9
2025-01-22 05:00:00,116.08
2025-01-22 06:00:00,235.9
2025-01-22 07:00:00,248.49
2025-01-22 08:00:00,186.46
2025-01-22 09:00:00,109.2
2025-01-22 10:00:00,93.64
2025-01-22 11:00:00,199.31
2025-01-22 12:00:00,122.78
2025-01-22 13:00:00,195.84
2025-01-22 14:00:00,133.93
2025-01-22 15:00:00,83.41
2025-01-22 16:00:00,81.97
2025-01-22 17:00:00,164.38
2025-01-22 18:00:00,106.44
2025-01-22 19:00:00,66.55
2025-01-22 20:00:00,81.18
2025-01-22 21:00:00,102.25
2025-01-22 22:00:00,105.34
2025-01-22 23:00:00,52.36
2025-01-23 00:00:00,61.13
2025-01-23 01:00:00,52.0
2025-01-23 02:00:00,51.9
2025-01-23 03:00:00,59.42
2025-01-23 04:00:00,60.94
2025-01-23 05:00:00,66.65
2025-01-23 06:00:00,59.63
2025-01-23 07:00:00,125.41
2025-01-23 08:00:00,187.23
2025-01-23 09:00:00,180.6
2025-01-23 10:00:00,137.71
2025-01-23 11:00:00,70.5
2025-01-23 12:00:00,84.86
2025-01-23 13:00:00,72.47
2025-01-23 14:00:00,166.37
2025-01-23 15:00:00,133.76
2025-01-23 16:00:00,94.86
2025-01-23 17:00:00,269.64
2025-01-23 18:00:00,316.99
2025-01-23 19:00:00,102.12
2025-01-23 20:00:00,60.89
2025-01-23 21:00:00,58.71
2025-01-23 22:00:00,57.91
2025-01-23 23:00:00,79.75
2025-01-24 00:00:00,65.41
2025-01-24 01:00:00,52.77
2025-01-24 02:00:00,53.52
2025-01-24 03:00:00,53.15
2025-01-24 04:00:00,63.05
2025-01-24 05:00:00,69.61
2025-01-24 06:00:00,82.25
2025-01-24 07:00:00,197.45
2025-01-24 08:00:00,289.08
2025-01-24 09:00:00,370.84
2025-01-24 10:00:00,1370.53
2025-01-24 11:00:00,144.25
2025-01-24 12:00:00,58.48
2025-01-24 13:00:00,66.47
2025-01-24 14:00:00,58.28
2025-01-24 15:00:00,53.79
2025-01-24 16:00:00,64.54
2025-01-24 17:00:00,58.8
2025-01-24 18:00:00,74.12
2025-01-24 19:00:00,71.5
2025-01-24 20:00:00,82.29
2025-01-24 21:00:00,70.29
2025-01-24 22:00:00,63.77
2025-01-24 23:00:00,52.64
2025-01-25 00:00:00,50.58
2025-01-25 01:00:00,49.84
2025-01-25 02:00:00,50.55
2025-01-25 03:00:00,50.54
2025-01-25 04:00:00,48.18
2025-01-25 05:00:00,49.16
2025-01-25 06:00:00,46.37
2025-01-25 07:00:00,49.1
2025-01-25 08:00:00,50.01
2025-01-25 09:00:00,49.91
2025-01-25 10:00:00,50.45
2025-01-25 11:00:00,48.13
2025-01-25 12:00:00,47.4
2025-01-25 13:00:00,46.78
2025-01-25 14:00:00,46.86
2025-01-25 15:00:00,46.65
2025-01-25 16:00:00,46.79
2025-01-25 17:00:00,47.05
2025-01-25 18:00:00,47.32
2025-01-25 19:00:00,46.56
2025-01-25 20:00:00,46.56
2025-01-25 21:00:00,47.09
2025-01-25 22:00:00,46.59
2025-01-25 23:00:00,45.2
2025-01-26 00:00:00,24.6
2025-01-26 01:00:00,0.41
2025-01-26 02:00:00,4.53
2025-01-26 03:00:00,4.19
2025-01-26 04:00:00,5.79
2025-01-26 05:00:00,12.73
2025-01-26 06:00:00,32.01
2025-01-26 07:00:00,48.43
2025-01-26 08:00:00,48.76
2025-01-26 09:00:00,49.64
2025-01-26 10:00:00,47.6
2025-01-26 11:00:00,47.3
2025-01-26 12:00:00,47.24
2025-01-26 13:00:00,49.53
2025-01-26 14:00:00,49.99
2025-01-26 15:00:00,46.71
2025-01-26 16:00:00,49.64
2025-01-26 17:00:00,50.5
2025-01-26 18:00:00,50.54
2025-01-26 19:00:00,50.23
2025-01-26 20:00:00,50.28
2025-01-26 21:00:00,50.16
2025-01-26 22:00:00,49.1
2025-01-26 23:00:00,45.69
2025-01-27 00:00:00,35.83
2025-01-27 01:00:00,24.78
2025-01-27 02:00:00,27.37
2025-01-27 03:00:00,23.5
2025-01-27 04:00:00,13.63
2025-01-27 05:00:00,21.55
2025-01-27 06:00:00,39.94
2025-01-27 07:00:00,46.1
2025-01-27 08:00:00,45.64
2025-01-27 09:00:00,46.67
2025-01-27 10:00:00,45.72
2025-01-27 11:00:00,42.63
2025-01-27 12:00:00,37.84
2025-01-27 13:00:00,41.28
2025-01-27 14:00:00,40.79
2025-01-27 15:00:00,43.89
2025-01-27 16:00:00,48.55
2025-01-27 17:00:00,51.93
2025-01-27 18:00:00,51.65
2025-01-27 19:00:00,50.27
2025-01-27 20:00:00,49.49
2025-01-27 21:00:00,48.5
2025-01-27 22:00:00,46.18
2025-01-27 23:00:00,45.96
2025-01-28 00:00:00,40.72
2025-01-28 01:00:00,31.25
2025-01-28 02:00:00,32.35
2025-01-28 03:00:00,41.92
2025-01-28 04:00:00,43.94
2025-01-28 05:00:00,45.2
2025-01-28 06:00:00,47.28
2025-01-28 07:00:00,63.98
2025-01-28 08:00:00,139.35
2025-01-28 09:00:00,177.06
2025-01-28 10:00:00,48.16
2025-01-28 11:00:00,47.68
2025-01-28 12:00:00,47.42
2025-01-28 13:00:00,47.42
2025-01-28 14:00:00,47.43
2025-01-28 15:00:00,47.32
2025-01-28 16:00:00,47.11
2025-01-28 17:00:00,47.4
2025-01-28 18:00:00,47.45
2025-01-28 19:00:00,47.39
2025-01-28 20:00:00,46.65
2025-01-28 21:00:00,47.18
2025-01-28 22:00:00,45.36
2025-01-28 23:00:00,46.98
2025-01-29 00:00:00,44.79
2025-01-29 01:00:00,41.97
2025-01-29 02:00:00,40.11
2025-01-29 03:00:00,35.38
2025-01-29 04:00:00,18.35
2025-01-29 05:00:00,22.55
2025-01-29 06:00:00,36.51
2025-01-29 07:00:00,41.38
2025-01-29 08:00:00,44.6
2025-01-29 09:00:00,44.52
2025-01-29 10:00:00,44.39
2025-01-29 11:00:00,44.59
2025-01-29 12:00:00,40.87
2025-01-29 13:00:00,42.89
2025-01-29 14:00:00,44.36
2025-01-29 15:00:00,44.89
2025-01-29 16:00:00,45.39
2025-01-29 17:00:00,47.7
2025-01-29 18:00:00,54.1
2025-01-29 19:00:00,94.52
2025-01-29 20:00:00,129.79
2025-01-29 21:00:00,48.79
2025-01-29 22:00:00,63.15
2025-01-29 23:00:00,95.52
2025-01-30 00:00:00,71.13
2025-01-30 01:00:00,50.09
2025-01-30 02:00:00,50.76
2025-01-30 03:00:00,48.18
2025-01-30 04:00:00,60.43
2025-01-30 05:00:00,48.43
2025-01-30 06:00:00,73.8
2025-01-30 07:00:00,53.27
2025-01-30 08:00:00,45.36
2025-01-30 09:00:00,47.96
2025-01-30 10:00:00,59.1
2025-01-30 11:00:00,45.15
2025-01-30 12:00:00,58.01
2025-01-30 13:00:00,55.75
2025-01-30 14:00:00,54.16
2025-01-30 15:00:00,48.68
2025-01-30 16:00:00,44.67
2025-01-30 17:00:00,48.87
2025-01-30 18:00:00,44.44
2025-01-30 19:00:00,44.4
2025-01-30 20:00:00,44.66
2025-01-30 21:00:00,44.34
2025-01-30 22:00:00,39.74
2025-01-30 23:00:00,33.74
2025-01-31 00:00:00,35.79
2025-01-31 01:00:00,37.15
2025-01-31 02:00:00,43.43
2025-01-31 03:00:00,44.1
2025-01-31 04:00:00,44.17
2025-01-31 05:00:00,44.72
2025-01-31 06:00:00,45.23
2025-01-31 07:00:00,61.85
2025-01-31 08:00:00,46.7
2025-01-31 09:00:00,49.0
2025-01-31 10:00:00,53.4
2025-01-31 11:00:00,50.28
2025-01-31 12:00:00,44.96
2025-01-31 13:00:00,47.18
2025-01-31 14:00:00,44.62
2025-01-31 15:00:00,45.14
2025-01-31 16:00:00,44.16
2025-01-31 17:00:00,44.16
2025-01-31 18:00:00,44.14
2025-01-31 19:00:00,44.18
2025-01-31 20:00:00,44.12
2025-01-31 21:00:00,44.14
2025-01-31 22:00:00,44.12
2025-01-31 23:00:00,43.12
2025-02-01 00:00:00,39.15
2025-02-01 01:00:00,40.3
2025-02-01 02:00:00,42.77
2025-02-01 03:00:00,43.29
2025-02-01 04:00:00,43.78
2025-02-01 05:00:00,44.46
2025-02-01 06:00:00,44.63
2025-02-01 07:00:00,48.22
2025-02-01 08:00:00,57.28
2025-02-01 09:00:00,73.72
2025-02-01 10:00:00,102.1
2025-02-01 11:00:00,116.88
2025-02-01 12:00:00,53.7
2025-02-01 13:00:00,49.29
2025-02-01 14:00:00,47.78
2025-02-01 15:00:00,45.16
2025-02-01 16:00:00,44.23
2025-02-01 17:00:00,89.69
2025-02-01 18:00:00,117.27
2025-02-01 19:00:00,89.26
2025-02-01 20:00:00,79.13
2025-02-01 21:00:00,101.18
2025-02-01 22:00:00,87.61
2025-02-01 23:00:00,65.45
2025-02-02 00:00:00,73.41
2025-02-02 01:00:00,46.01
2025-02-02 02:00:00,46.64
2025-02-02 03:00:00,45.88
2025-02-02 04:00:00,49.41
2025-02-02 05:00:00,43.44
2025-02-02 06:00:00,43.14
2025-02-02 07:00:00,53.47
2025-02-02 08:00:00,53.66
2025-02-02 09:00:00,98.79
2025-02-02 10:00:00,112.64
2025-02-02 11:00:00,148.08
2025-02-02 12:00:00,342.39
2025-02-02 13:00:00,411.74
2025-02-02 14:00:00,90.1
2025-02-02 15:00:00,114.33
2025-02-02 16:00:00,190.57
2025-02-02 17:00:00,701.4
2025-02-02 18:00:00,202.0
2025-02-02 19:00:00,151.01
2025-02-02 20:00:00,196.07
2025-02-02 21:00:00,165.99
2025-02-02 22:00:00,93.23
2025-02-02 23:00:00,90.25
2025-02-03 00:00:00,88.54
2025-02-03 01:00:00,58.58
2025-02-03 02:00:00,54.33
2025-02-03 03:00:00,53.09
2025-02-03 04:00:00,53.08
2025-02-03 05:00:00,51.11
2025-02-03 06:00:00,79.08
2025-02-03 07:00:00,107.66
2025-02-03 08:00:00,50.03
2025-02-03 09:00:00,90.19
2025-02-03 10:00:00,145.87
2025-02-03 11:00:00,1476.34
2025-02-03 12:00:00,51.68
2025-02-03 13:00:00,45.47
2025-02-03 14:00:00,49.59
2025-02-03 15:00:00,44.33
2025-02-03 16:00:00,43.56
2025-02-03 17:00:00,41.61
2025-02-03 18:00:00,41.26
2025-02-03 19:00:00,43.11
2025-02-03 20:00:00,59.39
2025-02-03 21:00:00,61.74
2025-02-03 22:00:00,49.05
2025-02-03 23:00:00,44.3
2025-02-04 00:00:00,47.02
2025-02-04 01:00:00,47.05
2025-02-04 02:00:00,47.06
2025-02-04 03:00:00,47.06
2025-02-04 04:00:00,47.07
2025-02-04 05:00:00,46.96
2025-02-04 06:00:00,45.77
2025-02-04 07:00:00,47.16
2025-02-04 08:00:00,47.07
2025-02-04 09:00:00,47.08
2025-02-04 10:00:00,46.9
2025-02-04 11:00:00,47.07
2025-02-04 12:00:00,47.06
2025-02-04 13:00:00,47.06
2025-02-04 14:00:00,46.97
2025-02-04 15:00:00,46.31
2025-02-04 16:00:00,45.29
2025-02-04 17:00:00,52.04
2025-02-04 18:00:00,50.19
2025-02-04 19:00:00,50.38
2025-02-04 20:00:00,55.37
2025-02-04 21:00:00,60.44
2025-02-04 22:00:00,55.32
2025-02-04 23:00:00,75.44
2025-02-05 00:00:00,58.69
2025-02-05 01:00:00,82.4
2025-02-05 02:00:00,58.33
2025-02-05 03:00:00,59.68
2025-02-05 04:00:00,54.98
2025-02-05 05:00:00,51.64
2025-02-05 06:00:00,45.92
2025-02-05 07:00:00,64.79
2025-02-05 08:00:00,62.98
2025-02-05 09:00:00,56.35
2025-02-05 10:00:00,92.65
2025-02-05 11:00:00,175.22
2025-02-05 12:00:00,89.1
2025-02-05 13:00:00,68.29
2025-02-05 14:00:00,58.93
2025-02-05 15:00:00,49.6
2025-02-05 16:00:00,54.46
2025-02-05 17:00:00,58.6
2025-02-05 18:00:00,51.87
2025-02-05 19:00:00,47.71
2025-02-05 20:00:00,52.77
2025-02-05 21:00:00,53.22
2025-02-05 22:00:00,45.25
2025-02-05 23:00:00,46.15
2025-02-06 00:00:00,48.74
2025-02-06 01:00:00,45.16
2025-02-06 02:00:00,47.28
2025-02-06 03:00:00,55.21
2025-02-06 04:00:00,55.88
2025-02-06 05:00:00,56.62
2025-02-06 06:00:00,90.13
2025-02-06 07:00:00,196.6
2025-02-06 08:00:00,246.99
2025-02-06 09:00:00,299.3
2025-02-06 10:00:00,995.05
2025-02-06 11:00:00,210.63
2025-02-06 12:00:00,46.24
2025-02-06 13:00:00,45.47
2025-02-06 14:00:00,57.32
2025-02-06 15:00:00,46.24
2025-02-06 16:00:00,45.22
2025-02-06 17:00:00,45.91
2025-02-06 18:00:00,45.77
2025-02-06 19:00:00,45.53
2025-02-06 20:00:00,45.38
2025-02-06 21:00:00,45.29
2025-02-06 22:00:00,43.97
2025-02-06 23:00:00,43.74
2025-02-07 00:00:00,46.62
2025-02-07 01:00:00,46.47
2025-02-07 02:00:00,40.77
2025-02-07 03:00:00,35.43
2025-02-07 04:00:00,36.41
2025-02-07 05:00:00,42.37
2025-02-07 06:00:00,46.92
2025-02-07 07:00:00,65.8
2025-02-07 08:00:00,47.36
2025-02-07 09:00:00,46.94
2025-02-07 10:00:00,46.97
2025-02-07 11:00:00,46.54
2025-02-07 12:00:00,46.48
2025-02-07 13:00:00,46.79
2025-02-07 14:00:00,41.38
2025-02-07 15:00:00,41.5
2025-02-07 16:00:00,45.26
2025-02-07 17:00:00,62.15
2025-02-07 18:00:00,52.06
2025-02-07 19:00:00,62.37
2025-02-07 20:00:00,48.82
2025-02-07 21:00:00,52.34
2025-02-07 22:00:00,58.57
2025-02-07 23:00:00,72.06
2025-02-08 00:00:00,58.55
2025-02-08 01:00:00,54.62
2025-02-08 02:00:00,51.58
2025-02-08 03:00:00,51.62
2025-02-08 04:00:00,49.17
2025-02-08 05:00:00,51.8
2025-02-08 06:00:00,50.17
2025-02-08 07:00:00,52.39
2025-02-08 08:00:00,49.86
2025-02-08 09:00:00,47.04
2025-02-08 10:00:00,45.57
2025-02-08 11:00:00,49.35
2025-02-08 12:00:00,109.44
2025-02-08 13:00:00,99.04
2025-02-08 14:00:00,54.2
2025-02-08 15:00:00,51.51
2025-02-08 16:00:00,49.63
2025-02-08 17:00:00,53.0
2025-02-08 18:00:00,51.21
2025-02-08 19:00:00,62.18
2025-02-08 20:00:00,82.95
2025-02-08 21:00:00,83.62
2025-02-08 22:00:00,62.69
2025-02-08 23:00:00,56.05
2025-02-09 00:00:00,58.42
2025-02-09 01:00:00,66.0
2025-02-09 02:00:00,82.97
2025-02-09 03:00:00,58.38
2025-02-09 04:00:00,55.99
2025-02-09 05:00:00,48.35
2025-02-09 06:00:00,48.34
2025-02-09 07:00:00,48.32
2025-02-09 08:00:00,49.1
2025-02-09 09:00:00,48.79
2025-02-09 10:00:00,48.42
2025-02-09 11:00:00,48.44
2025-02-09 12:00:00,48.99
2025-02-09 13:00:00,63.42
2025-02-09 14:00:00,56.35
2025-02-09 15:00:00,48.55
2025-02-09 16:00:00,47.5
2025-02-09 17:00:00,52.49
2025-02-09 18:00:00,52.42
2025-02-09 19:00:00,50.1
2025-02-09 20:00:00,48.71
2025-02-09 21:00:00,49.74
2025-02-09 22:00:00,50.07
2025-02-09 23:00:00,48.64
2025-02-10 00:00:00,48.65
2025-02-10 01:00:00,49.34
2025-02-10 02:00:00,51.29
2025-02-10 03:00:00,58.38
2025-02-10 04:00:00,55.36
2025-02-10 05:00:00,48.56
2025-02-10 06:00:00,49.38
2025-02-10 07:00:00,63.65
2025-02-10 08:00:00,70.26
2025-02-10 09:00:00,63.97
2025-02-10 10:00:00,65.0
2025-02-10 11:00:00,49.89
2025-02-10 12:00:00,48.84
2025-02-10 13:00:00,49.02
2025-02-10 14:00:00,50.59
2025-02-10 15:00:00,52.31
2025-02-10 16:00:00,53.65
2025-02-10 17:00:00,49.88
2025-02-10 18:00:00,56.58
2025-02-10 19:00:00,55.52
2025-02-10 20:00:00,53.3
2025-02-10 21:00:00,54.65
2025-02-10 22:00:00,48.52
2025-02-10 23:00:00,48.35
2025-02-11 00:00:00,48.8
2025-02-11 01:00:00,48.25
2025-02-11 02:00:00,48.9
2025-02-11 03:00:00,49.22
2025-02-11 04:00:00,50.89
2025-02-11 05:00:00,49.97
2025-02-11 06:00:00,69.98
2025-02-11 07:00:00,151.86
2025-02-11 08:00:00,66.37
2025-02-11 09:00:00,50.02
2025-02-11 10:00:00,59.49
2025-02-11 11:00:00,49.44
2025-02-11 12:00:00,48.19
2025-02-11 13:00:00,48.65
2025-02-11 14:00:00,48.8
2025-02-11 15:00:00,48.85
2025-02-11 16:00:00,49.02
2025-02-11 17:00:00,86.23
2025-02-11 18:00:00,94.34
2025-02-11 19:00:00,95.15
2025-02-11 20:00:00,71.92
2025-02-11 21:00:00,51.66
2025-02-11 22:00:00,56.38
2025-02-11 23:00:00,49.35
2025-02-12 00:00:00,50.84
2025-02-12 01:00:00,51.05
2025-02-12 02:00:00,52.31
2025-02-12 03:00:00,54.33
2025-02-12 04:00:00,53.75
2025-02-12 05:00:00,50.63
2025-02-12 06:00:00,51.91
2025-02-12 07:00:00,62.29
2025-02-12 08:00:00,50.54
2025-02-12 09:00:00,50.53
2025-02-12 10:00:00,51.84
2025-02-12 11:00:00,50.67
2025-02-12 12:00:00,54.93
2025-02-12 13:00:00,51.13
2025-02-12 14:00:00,51.31
2025-02-12 15:00:00,51.99
2025-02-12 16:00:00,94.3
2025-02-12 17:00:00,132.87
2025-02-12 18:00:00,69.89
2025-02-12 19:00:00,79.62
2025-02-12 20:00:00,150.15
2025-02-12 21:00:00,131.16
2025-02-12 22:00:00,55.21
2025-02-12 23:00:00,58.1
2025-02-13 00:00:00,56.05
2025-02-13 01:00:00,64.87
2025-02-13 02:00:00,87.75
2025-02-13 03:00:00,87.36
2025-02-13 04:00:00,73.75
2025-02-13 05:00:00,56.07
2025-02-13 06:00:00,52.39
2025-02-13 07:00:00,52.04
2025-02-13 08:00:00,61.03
2025-02-13 09:00:00,79.86
2025-02-13 10:00:00,60.69
2025-02-13 11:00:00,57.28
2025-02-13 12:00:00,57.65
2025-02-13 13:00:00,52.84
2025-02-13 14:00:00,52.93
2025-02-13 15:00:00,53.45
2025-02-13 16:00:00,57.32
2025-02-13 17:00:00,55.0
2025-02-13 18:00:00,52.82
2025-02-13 19:00:00,57.64
2025-02-13 20:00:00,125.27
2025-02-13 21:00:00,53.59
2025-02-13 22:00:00,52.76
2025-02-13 23:00:00,52.48
2025-02-14 00:00:00,53.0
2025-02-14 01:00:00,53.06
2025-02-14 02:00:00,53.38
2025-02-14 03:00:00,53.31
2025-02-14 04:00:00,53.42
2025-02-14 05:00:00,54.86
2025-02-14 06:00:00,55.87
2025-02-14 07:00:00,56.67
2025-02-14 08:00:00,61.06
2025-02-14 09:00:00,122.4
2025-02-14 10:00:00,144.16
2025-02-14 11:00:00,99.36
2025-02-14 12:00:00,77.37
2025-02-14 13:00:00,58.52
2025-02-14 14:00:00,113.13
2025-02-14 15:00:00,78.87
2025-02-14 16:00:00,69.01
2025-02-14 17:00:00,70.27
2025-02-14 18:00:00,56.81
2025-02-14 19:00:00,55.36
2025-02-14 20:00:00,53.74
2025-02-14 21:00:00,60.05
2025-02-14 22:00:00,60.14
2025-02-14 23:00:00,111.27
2025-02-15 00:00:00,98.83
2025-02-15 01:00:00,77.17
2025-02-15 02:00:00,76.54
2025-02-15 03:00:00,76.33
2025-02-15 04:00:00,76.33
2025-02-15 05:00:00,67.58
2025-02-15 06:00:00,66.31
2025-02-15 07:00:00,63.47
2025-02-15 08:00:00,64.34
2025-02-15 09:00:00,66.06
2025-02-15 10:00:00,66.69
2025-02-15 11:00:00,73.97
2025-02-15 12:00:00,86.08
2025-02-15 13:00:00,132.97
2025-02-15 14:00:00,291.78
2025-02-15 15:00:00,583.65
2025-02-15 16:00:00,169.77
2025-02-15 17:00:00,59.48
2025-02-15 18:00:00,67.45
2025-02-15 19:00:00,73.16
2025-02-15 20:00:00,85.88
2025-02-15 21:00:00,100.35
2025-02-15 22:00:00,79.12
2025-02-15 23:00:00,68.24
2025-02-16 00:00:00,74.38
2025-02-16 01:00:00,76.6
2025-02-16 02:00:00,76.33
2025-02-16 03:00:00,75.04
2025-02-16 04:00:00,74.09
2025-02-16 05:00:00,67.16
2025-02-16 06:00:00,66.45
2025-02-16 07:00:00,66.38
2025-02-16 08:00:00,66.46
2025-02-16 09:00:00,66.7
2025-02-16 10:00:00,75.97
2025-02-16 11:00:00,104.6
2025-02-16 12:00:00,84.29
2025-02-16 13:00:00,76.26
2025-02-16 14:00:00,68.19
2025-02-16 15:00:00,66.45
2025-02-16 16:00:00,66.56
2025-02-16 17:00:00,67.42
2025-02-16 18:00:00,67.65
2025-02-16 19:00:00,68.99
2025-02-16 20:00:00,67.15
2025-02-16 21:00:00,66.56
2025-02-16 22:00:00,66.36
2025-02-16 23:00:00,66.33
2025-02-17 00:00:00,64.15
2025-02-17 01:00:00,62.64
2025-02-17 02:00:00,62.65
2025-02-17 03:00:00,63.35
2025-02-17 04:00:00,62.58
2025-02-17 05:00:00,64.13
2025-02-17 06:00:00,66.29
2025-02-17 07:00:00,66.35
2025-02-17 08:00:00,67.19
2025-02-17 09:00:00,63.66
2025-02-17 10:00:00,66.24
2025-02-17 11:00:00,66.32
2025-02-17 12:00:00,66.31
2025-02-17 13:00:00,66.02
2025-02-17 14:00:00,64.59
2025-02-17 15:00:00,64.9
2025-02-17 16:00:00,62.92
2025-02-17 17:00:00,66.68
2025-02-17 18:00:00,66.57
2025-02-17 19:00:00,74.78
2025-02-17 20:00:00,71.35
2025-02-17 21:00:00,69.22
2025-02-17 22:00:00,67.96
2025-02-17 23:00:00,66.47
2025-02-18 00:00:00,66.15
2025-02-18 01:00:00,67.19
2025-02-18 02:00:00,66.41
2025-02-18 03:00:00,66.7
2025-02-18 04:00:00,72.62
2025-02-18 05:00:00,68.12
2025-02-18 06:00:00,66.64
2025-02-18 07:00:00,72.27
2025-02-18 08:00:00,71.8
2025-02-18 09:00:00,70.29
2025-02-18 10:00:00,78.7
2025-02-18 11:00:00,86.3
2025-02-18 12:00:00,67.73
2025-02-18 13:00:00,67.95
2025-02-18 14:00:00,66.37
2025-02-18 15:00:00,65.92
2025-02-18 16:00:00,70.43
2025-02-18 17:00:00,194.54
2025-02-18 18:00:00,167.72
2025-02-18 19:00:00,86.1
2025-02-18 20:00:00,90.14
2025-02-18 21:00:00,167.93
2025-02-18 22:00:00,95.7
2025-02-18 23:00:00,78.0
2025-02-19 00:00:00,77.54
2025-02-19 01:00:00,81.09
2025-02-19 02:00:00,100.9
2025-02-19 03:00:00,157.56
2025-02-19 04:00:00,152.48
2025-02-19 05:00:00,89.97
2025-02-19 06:00:00,94.66
2025-02-19 07:00:00,185.97
2025-02-19 08:00:00,164.12
2025-02-19 09:00:00,186.25
2025-02-19 10:00:00,134.92
2025-02-19 11:00:00,104.75
2025-02-19 12:00:00,74.42
2025-02-19 13:00:00,75.37
2025-02-19 14:00:00,93.94
2025-02-19 15:00:00,127.12
2025-02-19 16:00:00,108.09
2025-02-19 17:00:00,204.08
2025-02-19 18:00:00,131.32
2025-02-19 19:00:00,113.2
2025-02-19 20:00:00,168.66
2025-02-19 21:00:00,223.74
2025-02-19 22:00:00,231.95
2025-02-19 23:00:00,198.74
2025-02-20 00:00:00,165.13
2025-02-20 01:00:00,113.05
2025-02-20 02:00:00,115.12
2025-02-20 03:00:00,154.77
2025-02-20 04:00:00,147.01
2025-02-20 05:00:00,114.24
2025-02-20 06:00:00,210.8
2025-02-20 07:00:00,256.57
2025-02-20 08:00:00,242.71
2025-02-20 09:00:00,210.98
2025-02-20 10:00:00,109.07
2025-02-20 11:00:00,93.05
2025-02-20 12:00:00,87.1
2025-02-20 13:00:00,85.99
2025-02-20 14:00:00,90.8
2025-02-20 15:00:00,89.54
2025-02-20 16:00:00,98.09
2025-02-20 17:00:00,107.56
2025-02-20 18:00:00,144.15
2025-02-20 19:00:00,230.8
2025-02-20 20:00:00,105.22
2025-02-20 21:00:00,127.59
2025-02-20 22:00:00,91.19
2025-02-20 23:00:00,92.57
2025-02-21 00:00:00,105.41
2025-02-21 01:00:00,104.81
2025-02-21 02:00:00,100.74
2025-02-21 03:00:00,120.71
2025-02-21 04:00:00,132.32
2025-02-21 05:00:00,78.7
2025-02-21 06:00:00,100.86
2025-02-21 07:00:00,194.57
2025-02-21 08:00:00,124.59
2025-02-21 09:00:00,133.76
2025-02-21 10:00:00,134.72
2025-02-21 11:00:00,117.7
2025-02-21 12:00:00,128.32
2025-02-21 13:00:00,92.49
2025-02-21 14:00:00,86.43
2025-02-21 15:00:00,72.41
2025-02-21 16:00:00,74.69
2025-02-21 17:00:00,99.41
2025-02-21 18:00:00,88.67
2025-02-21 19:00:00,89.61
2025-02-21 20:00:00,84.67
2025-02-21 21:00:00,81.8
2025-02-21 22:00:00,70.78
2025-02-21 23:00:00,64.66
2025-02-22 00:00:00,67.33
2025-02-22 01:00:00,59.44
2025-02-22 02:00:00,57.36
2025-02-22 03:00:00,56.73
2025-02-22 04:00:00,58.63
2025-02-22 05:00:00,56.28
2025-02-22 06:00:00,56.65
2025-02-22 07:00:00,57.28
2025-02-22 08:00:00,56.89
2025-02-22 09:00:00,56.61
2025-02-22 10:00:00,56.6
2025-02-22 11:00:00,56.51
2025-02-22 12:00:00,56.11
2025-02-22 13:00:00,52.93
2025-02-22 14:00:00,52.86
2025-02-22 15:00:00,54.93
2025-02-22 16:00:00,55.2
2025-02-22 17:00:00,56.46
2025-02-22 18:00:00,56.49
2025-02-22 19:00:00,56.22
2025-02-22 20:00:00,56.4
2025-02-22 21:00:00,54.7
2025-02-22 22:00:00,56.35
2025-02-22 23:00:00,56.19
2025-02-23 00:00:00,56.28
2025-02-23 01:00:00,56.41
2025-02-23 02:00:00,56.59
2025-02-23 03:00:00,56.76
2025-02-23 04:00:00,56.86
2025-02-23 05:00:00,56.64
2025-02-23 06:00:00,56.76
2025-02-23 07:00:00,56.36
2025-02-23 08:00:00,60.68
2025-02-23 09:00:00,60.37
2025-02-23 10:00:00,67.65
2025-02-23 11:00:00,67.9
2025-02-23 12:00:00,78.74
2025-02-23 13:00:00,72.35
2025-02-23 14:00:00,62.68
2025-02-23 15:00:00,54.66
2025-02-23 16:00:00,56.23
2025-02-23 17:00:00,71.32
2025-02-23 18:00:00,78.19
2025-02-23 19:00:00,69.69
2025-02-23 20:00:00,61.57
2025-02-23 21:00:00,65.26
2025-02-23 22:00:00,67.77
2025-02-23 23:00:00,56.64
2025-02-24 00:00:00,55.68
2025-02-24 01:00:00,51.71
2025-02-24 02:00:00,50.51
2025-02-24 03:00:00,44.49
2025-02-24 04:00:00,40.47
2025-02-24 05:00:00,43.68
2025-02-24 06:00:00,55.41
2025-02-24 07:00:00,56.86
2025-02-24 08:00:00,55.53
2025-02-24 09:00:00,54.32
2025-02-24 10:00:00,52.55
2025-02-24 11:00:00,43.73
2025-02-24 12:00:00,43.49
2025-02-24 13:00:00,41.85
2025-02-24 14:00:00,41.15
2025-02-24 15:00:00,40.97
2025-02-24 16:00:00,43.12
2025-02-24 17:00:00,48.98
2025-02-24 18:00:00,56.27
2025-02-24 19:00:00,51.33
2025-02-24 20:00:00,45.27
2025-02-24 21:00:00,41.73
2025-02-24 22:00:00,41.58
2025-02-24 23:00:00,43.75
2025-02-25 00:00:00,50.08
2025-02-25 01:00:00,46.95
2025-02-25 02:00:00,47.67
2025-02-25 03:00:00,46.75
2025-02-25 04:00:00,48.3
2025-02-25 05:00:00,49.83
2025-02-25 06:00:00,51.97
2025-02-25 07:00:00,62.07
2025-02-25 08:00:00,53.18
2025-02-25 09:00:00,51.59
2025-02-25 10:00:00,47.39
2025-02-25 11:00:00,42.08
2025-02-25 12:00:00,44.43
2025-02-25 13:00:00,46.55
2025-02-25 14:00:00,51.31
2025-02-25 15:00:00,48.74
2025-02-25 16:00:00,50.27
2025-02-25 17:00:00,178.44
2025-02-25 18:00:00,55.96
2025-02-25 19:00:00,71.53
2025-02-25 20:00:00,81.85
2025-02-25 21:00:00,89.88
2025-02-25 22:00:00,54.89
2025-02-25 23:00:00,51.7
2025-02-26 00:00:00,52.43
2025-02-26 01:00:00,52.36
2025-02-26 02:00:00,52.07
2025-02-26 03:00:00,52.36
2025-02-26 04:00:00,52.49
2025-02-26 05:00:00,54.66
2025-02-26 06:00:00,57.44
2025-02-26 07:00:00,69.89
2025-02-26 08:00:00,56.06
2025-02-26 09:00:00,51.79
2025-02-26 10:00:00,51.79
2025-02-26 11:00:00,52.26
2025-02-26 12:00:00,52.44
2025-02-26 13:00:00,52.39
2025-02-26 14:00:00,52.39
2025-02-26 15:00:00,55.0
2025-02-26 16:00:00,64.79
2025-02-26 17:00:00,58.32
2025-02-26 18:00:00,53.93
2025-02-26 19:00:00,57.8
2025-02-26 20:00:00,54.31
2025-02-26 21:00:00,62.9
2025-02-26 22:00:00,54.83
2025-02-26 23:00:00,52.81
2025-02-27 00:00:00,51.73
2025-02-27 01:00:00,51.23
2025-02-27 02:00:00,51.94
2025-02-27 03:00:00,51.88
2025-02-27 04:00:00,52.01
2025-02-27 05:00:00,52.23
2025-02-27 06:00:00,59.09
2025-02-27 07:00:00,149.76
2025-02-27 08:00:00,68.88
2025-02-27 09:00:00,56.38
2025-02-27 10:00:00,56.11
2025-02-27 11:00:00,56.73
2025-02-27 12:00:00,53.94
2025-02-27 13:00:00,51.78
2025-02-27 14:00:00,49.43
2025-02-27 15:00:00,50.76
2025-02-27 16:00:00,56.61
2025-02-27 17:00:00,56.39
2025-02-27 18:00:00,52.28
2025-02-27 19:00:00,56.84
2025-02-27 20:00:00,52.44
2025-02-27 21:00:00,51.98
2025-02-27 22:00:00,51.86
2025-02-27 23:00:00,51.98
2025-02-28 00:00:00,52.3
2025-02-28 01:00:00,53.18
2025-02-28 02:00:00,50.93
2025-02-28 03:00:00,56.24
2025-02-28 04:00:00,52.21
2025-02-28 05:00:00,53.82
2025-02-28 06:00:00,51.43
2025-02-28 07:00:00,52.16
2025-02-28 08:00:00,51.82
2025-02-28 09:00:00,49.74
2025-02-28 10:00:00,41.82
2025-02-28 11:00:00,32.71
2025-02-28 12:00:00,24.4
2025-02-28 13:00:00,26.47
2025-02-28 14:00:00,30.38
2025-02-28 15:00:00,37.98
2025-02-28 16:00:00,44.72
2025-02-28 17:00:00,48.19
2025-02-28 18:00:00,50.51
2025-02-28 19:00:00,49.32
2025-02-28 20:00:00,50.97
2025-02-28 21:00:00,48.37
2025-02-28 22:00:00,48.2
2025-02-28 23:00:00,48.26
2025-03-01 00:00:00,20.37
2025-03-01 01:00:00,28.86
2025-03-01 02:00:00,15.53
2025-03-01 03:00:00,24.14
2025-03-01 04:00:00,46.46
2025-03-01 05:00:00,46.89
2025-03-01 06:00:00,49.29
2025-03-01 07:00:00,31.59
2025-03-01 08:00:00,44.73
2025-03-01 09:00:00,38.37
2025-03-01 10:00:00,38.98
2025-03-01 11:00:00,45.96
2025-03-01 12:00:00,43.25
2025-03-01 13:00:00,41.36
2025-03-01 14:00:00,37.73
2025-03-01 15:00:00,47.38
2025-03-01 16:00:00,49.54
2025-03-01 17:00:00,51.65
2025-03-01 18:00:00,71.47
2025-03-01 19:00:00,55.79
2025-03-01 20:00:00,52.58
2025-03-01 21:00:00,51.58
2025-03-01 22:00:00,51.29
2025-03-01 23:00:00,51.14
2025-03-02 00:00:00,56.34
2025-03-02 01:00:00,67.64
2025-03-02 02:00:00,54.81
2025-03-02 03:00:00,58.42
2025-03-02 04:00:00,70.13
2025-03-02 05:00:00,91.44
2025-03-02 06:00:00,110.05
2025-03-02 07:00:00,58.01
2025-03-02 08:00:00,55.8
2025-03-02 09:00:00,52.14
2025-03-02 10:00:00,53.89
2025-03-02 11:00:00,53.15
2025-03-02 12:00:00,53.61
2025-03-02 13:00:00,51.67
2025-03-02 14:00:00,51.7
2025-03-02 15:00:00,51.97
2025-03-02 16:00:00,60.73
2025-03-02 17:00:00,113.35
2025-03-02 18:00:00,75.74
2025-03-02 19:00:00,84.06
2025-03-02 20:00:00,85.82
2025-03-02 21:00:00,116.04
2025-03-02 22:00:00,54.86
2025-03-02 23:00:00,65.09
2025-03-03 00:00:00,77.3
2025-03-03 01:00:00,104.78
2025-03-03 02:00:00,66.25
2025-03-03 03:00:00,103.79
2025-03-03 04:00:00,78.6
2025-03-03 05:00:00,61.25
2025-03-03 06:00:00,63.86
2025-03-03 07:00:00,87.03
2025-03-03 08:00:00,87.99
2025-03-03 09:00:00,77.93
2025-03-03 10:00:00,63.01
2025-03-03 11:00:00,53.97
2025-03-03 12:00:00,48.05
2025-03-03 13:00:00,47.32
2025-03-03 14:00:00,47.26
2025-03-03 15:00:00,50.71
2025-03-03 16:00:00,48.16
2025-03-03 17:00:00,47.22
2025-03-03 18:00:00,46.56
2025-03-03 19:00:00,48.54
2025-03-03 20:00:00,51.94
2025-03-03 21:00:00,52.07
2025-03-03 22:00:00,51.9
2025-03-03 23:00:00,51.23
2025-03-04 00:00:00,49.07
2025-03-04 01:00:00,46.88
2025-03-04 02:00:00,35.3
2025-03-04 03:00:00,42.4
2025-03-04 04:00:00,38.89
2025-03-04 05:00:00,47.61
2025-03-04 06:00:00,49.18
2025-03-04 07:00:00,83.81
2025-03-04 08:00:00,50.23
2025-03-04 09:00:00,50.93
2025-03-04 10:00:00,50.22
2025-03-04 11:00:00,57.7
2025-03-04 12:00:00,54.36
2025-03-04 13:00:00,50.29
2025-03-04 14:00:00,50.44
2025-03-04 15:00:00,48.88
2025-03-04 16:00:00,110.52
2025-03-04 17:00:00,175.11
2025-03-04 18:00:00,325.58
2025-03-04 19:00:00,51.28
2025-03-04 20:00:00,50.84
2025-03-04 21:00:00,50.65
2025-03-04 22:00:00,55.97
2025-03-04 23:00:00,50.55
2025-03-05 00:00:00,51.47
2025-03-05 01:00:00,43.64
2025-03-05 02:00:00,21.71
2025-03-05 03:00:00,10.38
2025-03-05 04:00:00,7.15
2025-03-05 05:00:00,27.44
2025-03-05 06:00:00,43.74
2025-03-05 07:00:00,46.69
2025-03-05 08:00:00,49.0
2025-03-05 09:00:00,46.87
2025-03-05 10:00:00,47.66
2025-03-05 11:00:00,44.11
2025-03-05 12:00:00,49.16
2025-03-05 13:00:00,50.51
2025-03-05 14:00:00,52.52
2025-03-05 15:00:00,52.11
2025-03-05 16:00:00,47.99
2025-03-05 17:00:00,49.89
2025-03-05 18:00:00,47.46
2025-03-05 19:00:00,42.85
2025-03-05 20:00:00,44.86
2025-03-05 21:00:00,40.03
2025-03-05 22:00:00,38.51
2025-03-05 23:00:00,42.51
2025-03-06 00:00:00,40.24
2025-03-06 01:00:00,14.35
2025-03-06 02:00:00,14.38
2025-03-06 03:00:00,12.27
2025-03-06 04:00:00,10.08
2025-03-06 05:00:00,14.24
2025-03-06 06:00:00,30.4
2025-03-06 07:00:00,51.62
2025-03-06 08:00:00,52.83
2025-03-06 09:00:00,52.19
2025-03-06 10:00:00,51.11
2025-03-06 11:00:00,51.05
2025-03-06 12:00:00,49.42
2025-03-06 13:00:00,50.5
2025-03-06 14:00:00,49.16
2025-03-06 15:00:00,49.65
2025-03-06 16:00:00,50.95
2025-03-06 17:00:00,53.05
2025-03-06 18:00:00,67.2
2025-03-06 19:00:00,101.85
2025-03-06 20:00:00,59.7
2025-03-06 21:00:00,58.1
2025-03-06 22:00:00,51.97
2025-03-06 23:00:00,48.58
2025-03-07 00:00:00,55.11
2025-03-07 01:00:00,56.96
2025-03-07 02:00:00,50.81
2025-03-07 03:00:00,30.09
2025-03-07 04:00:00,19.7
2025-03-07 05:00:00,31.12
2025-03-07 06:00:00,52.18
2025-03-07 07:00:00,53.82
2025-03-07 08:00:00,53.9
2025-03-07 09:00:00,53.23
2025-03-07 10:00:00,53.24
2025-03-07 11:00:00,49.04
2025-03-07 12:00:00,53.23
2025-03-07 13:00:00,53.33
2025-03-07 14:00:00,43.21
2025-03-07 15:00:00,38.92
2025-03-07 16:00:00,48.35
2025-03-07 17:00:00,53.98
2025-03-07 18:00:00,54.02
2025-03-07 19:00:00,54.31
2025-03-07 20:00:00,54.02
2025-03-07 21:00:00,53.9
2025-03-07 22:00:00,53.77
2025-03-07 23:00:00,50.6
2025-03-08 00:00:00,50.68
2025-03-08 01:00:00,45.9
2025-03-08 02:00:00,49.73
2025-03-08 03:00:00,47.69
2025-03-08 04:00:00,48.37
2025-03-08 05:00:00,48.91
2025-03-08 06:00:00,46.43
2025-03-08 07:00:00,45.99
2025-03-08 08:00:00,46.49
2025-03-08 09:00:00,39.31
2025-03-08 10:00:00,37.92
2025-03-08 11:00:00,45.0
2025-03-08 12:00:00,45.06
2025-03-08 13:00:00,40.58
2025-03-08 14:00:00,37.61
2025-03-08 15:00:00,34.61
2025-03-08 16:00:00,45.37
2025-03-08 17:00:00,51.16
2025-03-08 18:00:00,52.82
2025-03-08 19:00:00,52.59
2025-03-08 20:00:00,50.55
2025-03-08 21:00:00,50.49
2025-03-08 22:00:00,49.92
2025-03-08 23:00:00,47.14
2025-03-09 00:00:00,51.83
2025-03-09 01:00:00,48.64
2025-03-09 02:00:00,48.83
2025-03-09 03:00:00,42.97
2025-03-09 04:00:00,47.49
2025-03-09 05:00:00,51.03
2025-03-09 06:00:00,71.87
2025-03-09 07:00:00,67.58
2025-03-09 08:00:00,49.39
2025-03-09 09:00:00,49.44
2025-03-09 10:00:00,48.28
2025-03-09 11:00:00,44.82
2025-03-09 12:00:00,24.44
2025-03-09 13:00:00,3.74
2025-03-09 14:00:00,2.56
2025-03-09 15:00:00,6.13
2025-03-09 16:00:00,35.9
2025-03-09 17:00:00,43.18
2025-03-09 18:00:00,49.13
2025-03-09 19:00:00,49.25
2025-03-09 20:00:00,46.46
2025-03-09 21:00:00,46.97
2025-03-09 22:00:00,38.22
2025-03-09 23:00:00,12.37
2025-03-10 00:00:00,5.78
2025-03-10 01:00:00,14.35
2025-03-10 02:00:00,23.89
2025-03-10 03:00:00,45.03
2025-03-10 04:00:00,50.95
2025-03-10 05:00:00,52.93
2025-03-10 06:00:00,121.43
2025-03-10 07:00:00,62.12
2025-03-10 08:00:00,52.81
2025-03-10 09:00:00,52.74
2025-03-10 10:00:00,52.23
2025-03-10 11:00:00,50.2
2025-03-10 12:00:00,38.24
2025-03-10 13:00:00,35.07
2025-03-10 14:00:00,33.29
2025-03-10 15:00:00,27.85
2025-03-10 16:00:00,38.28
2025-03-10 17:00:00,43.84
2025-03-10 18:00:00,48.99
2025-03-10 19:00:00,40.19
2025-03-10 20:00:00,44.26
2025-03-10 21:00:00,31.89
2025-03-10 22:00:00,18.14
2025-03-10 23:00:00,10.84
2025-03-11 00:00:00,0.48
2025-03-11 01:00:00,0.47
2025-03-11 02:00:00,0.42
2025-03-11 03:00:00,5.83
2025-03-11 04:00:00,6.5
2025-03-11 05:00:00,26.54
2025-03-11 06:00:00,43.61
2025-03-11 07:00:00,50.34
2025-03-11 08:00:00,37.85
2025-03-11 09:00:00,10.86
2025-03-11 10:00:00,10.39
2025-03-11 11:00:00,6.14
2025-03-11 12:00:00,0.42
2025-03-11 13:00:00,0.0
2025-03-11 14:00:00,0.0
2025-03-11 15:00:00,0.93
2025-03-11 16:00:00,26.83
2025-03-11 17:00:00,47.77
2025-03-11 18:00:00,55.25
2025-03-11 19:00:00,55.45
2025-03-11 20:00:00,55.15
2025-03-11 21:00:00,54.86
2025-03-11 22:00:00,54.3
2025-03-11 23:00:00,53.85
2025-03-12 00:00:00,51.0
2025-03-12 01:00:00,48.83
2025-03-12 02:00:00,51.67
2025-03-12 03:00:00,53.49
2025-03-12 04:00:00,54.8
2025-03-12 05:00:00,56.0
2025-03-12 06:00:00,58.2
2025-03-12 07:00:00,54.94
2025-03-12 08:00:00,54.79
2025-03-12 09:00:00,54.86
2025-03-12 10:00:00,54.76
2025-03-12 11:00:00,57.01
2025-03-12 12:00:00,53.5
2025-03-12 13:00:00,51.42
2025-03-12 14:00:00,51.17
2025-03-12 15:00:00,51.54
2025-03-12 16:00:00,53.47
2025-03-12 17:00:00,54.89
2025-03-12 18:00:00,55.15
2025-03-12 19:00:00,55.6
2025-03-12 20:00:00,54.94
2025-03-12 21:00:00,54.79
2025-03-12 22:00:00,53.0
2025-03-12 23:00:00,52.12
2025-03-13 00:00:00,51.64
2025-03-13 01:00:00,51.79
2025-03-13 02:00:00,51.78
2025-03-13 03:00:00,52.19
2025-03-13 04:00:00,52.41
2025-03-13 05:00:00,54.4
2025-03-13 06:00:00,58.09
2025-03-13 07:00:00,64.54
2025-03-13 08:00:00,52.71
2025-03-13 09:00:00,52.87
2025-03-13 10:00:00,50.76
2025-03-13 11:00:00,49.32
2025-03-13 12:00:00,50.83
2025-03-13 13:00:00,49.85
2025-03-13 14:00:00,50.45
2025-03-13 15:00:00,52.3
2025-03-13 16:00:00,52.85
2025-03-13 17:00:00,52.58
2025-03-13 18:00:00,53.04
2025-03-13 19:00:00,52.87
2025-03-13 20:00:00,53.4
2025-03-13 21:00:00,54.39
2025-03-13 22:00:00,51.57
2025-03-13 23:00:00,41.13
2025-03-14 00:00:00,42.45
2025-03-14 01:00:00,27.63
2025-03-14 02:00:00,38.0
2025-03-14 03:00:00,45.6
2025-03-14 04:00:00,47.82
2025-03-14 05:00:00,50.54
2025-03-14 06:00:00,50.56
2025-03-14 07:00:00,46.42
2025-03-14 08:00:00,42.84
2025-03-14 09:00:00,50.22
2025-03-14 10:00:00,49.25
2025-03-14 11:00:00,47.36
2025-03-14 12:00:00,47.34
2025-03-14 13:00:00,47.28
2025-03-14 14:00:00,46.64
2025-03-14 15:00:00,42.59
2025-03-14 16:00:00,45.74
2025-03-14 17:00:00,32.95
2025-03-14 18:00:00,35.59
2025-03-14 19:00:00,47.93
2025-03-14 20:00:00,47.39
2025-03-14 21:00:00,30.73
2025-03-14 22:00:00,23.6
2025-03-14 23:00:00,13.62
2025-03-15 00:00:00,7.28
2025-03-15 01:00:00,11.69
2025-03-15 02:00:00,6.1
2025-03-15 03:00:00,14.35
2025-03-15 04:00:00,14.38
2025-03-15 05:00:00,21.46
2025-03-15 06:00:00,13.82
2025-03-15 07:00:00,18.75
2025-03-15 08:00:00,131.31
2025-03-15 09:00:00,324.23
2025-03-15 10:00:00,92.78
2025-03-15 11:00:00,13.72
2025-03-15 12:00:00,7.95
2025-03-15 13:00:00,0.0
2025-03-15 14:00:00,2.35
2025-03-15 15:00:00,11.57
2025-03-15 16:00:00,14.36
2025-03-15 17:00:00,14.35
2025-03-15 18:00:00,14.35
2025-03-15 19:00:00,41.4
2025-03-15 20:00:00,22.42
2025-03-15 21:00:00,26.28
2025-03-15 22:00:00,37.04
2025-03-15 23:00:00,11.63
2025-03-16 00:00:00,9.84
2025-03-16 01:00:00,5.73
2025-03-16 02:00:00,5.98
2025-03-16 03:00:00,6.98
2025-03-16 04:00:00,6.12
2025-03-16 05:00:00,14.34
2025-03-16 06:00:00,14.38
2025-03-16 07:00:00,14.37
2025-03-16 08:00:00,12.61
2025-03-16 09:00:00,14.36
2025-03-16 10:00:00,10.64
2025-03-16 11:00:00,14.36
2025-03-16 12:00:00,53.85
2025-03-16 13:00:00,47.52
2025-03-16 14:00:00,47.37
2025-03-16 15:00:00,43.52
2025-03-16 16:00:00,47.64
2025-03-16 17:00:00,47.03
2025-03-16 18:00:00,47.04
2025-03-16 19:00:00,47.01
2025-03-16 20:00:00,46.91
2025-03-16 21:00:00,40.51
2025-03-16 22:00:00,46.63
2025-03-16 23:00:00,16.5
2025-03-17 00:00:00,41.65
2025-03-17 01:00:00,51.44
2025-03-17 02:00:00,49.12
2025-03-17 03:00:00,31.71
2025-03-17 04:00:00,38.75
2025-03-17 05:00:00,50.23
2025-03-17 06:00:00,193.26
2025-03-17 07:00:00,397.82
2025-03-17 08:00:00,78.97
2025-03-17 09:00:00,50.3
2025-03-17 10:00:00,54.21
2025-03-17 11:00:00,54.2
2025-03-17 12:00:00,50.77
2025-03-17 13:00:00,47.17
2025-03-17 14:00:00,47.05
2025-03-17 15:00:00,46.42
2025-03-17 16:00:00,50.02
2025-03-17 17:00:00,50.32
2025-03-17 18:00:00,56.66
2025-03-17 19:00:00,59.87
2025-03-17 20:00:00,52.27
2025-03-17 21:00:00,49.99
2025-03-17 22:00:00,50.23
2025-03-17 23:00:00,43.12
2025-03-18 00:00:00,41.27
2025-03-18 01:00:00,27.98
2025-03-18 02:00:00,33.34
2025-03-18 03:00:00,28.86
2025-03-18 04:00:00,43.38
2025-03-18 05:00:00,42.67
2025-03-18 06:00:00,48.34
2025-03-18 07:00:00,44.42
2025-03-18 08:00:00,38.88
2025-03-18 09:00:00,35.18
2025-03-18 10:00:00,42.32
2025-03-18 11:00:00,41.91
2025-03-18 12:00:00,21.3
2025-03-18 13:00:00,26.38
2025-03-18 14:00:00,27.89
2025-03-18 15:00:00,47.71
2025-03-18 16:00:00,52.46
2025-03-18 17:00:00,50.88
2025-03-18 18:00:00,49.64
2025-03-18 19:00:00,49.46
2025-03-18 20:00:00,49.01
2025-03-18 21:00:00,51.56
2025-03-18 22:00:00,40.12
2025-03-18 23:00:00,11.74
2025-03-19 00:00:00,1.61
2025-03-19 01:00:00,12.26
2025-03-19 02:00:00,6.7
2025-03-19 03:00:00,5.59
2025-03-19 04:00:00,8.24
2025-03-19 05:00:00,41.13
2025-03-19 06:00:00,49.12
2025-03-19 07:00:00,48.98
2025-03-19 08:00:00,48.4
2025-03-19 09:00:00,44.25
2025-03-19 10:00:00,25.18
2025-03-19 11:00:00,10.88
2025-03-19 12:00:00,8.67
2025-03-19 13:00:00,17.06
2025-03-19 14:00:00,46.83
2025-03-19 15:00:00,78.9
2025-03-19 16:00:00,68.77
2025-03-19 17:00:00,65.1
2025-03-19 18:00:00,41.99
2025-03-19 19:00:00,38.72
2025-03-19 20:00:00,55.09
2025-03-19 21:00:00,56.16
2025-03-19 22:00:00,19.07
2025-03-19 23:00:00,9.45
2025-03-20 00:00:00,8.75
2025-03-20 01:00:00,5.33
2025-03-20 02:00:00,5.08
2025-03-20 03:00:00,3.69
2025-03-20 04:00:00,7.97
2025-03-20 05:00:00,27.21
2025-03-20 06:00:00,74.92
2025-03-20 07:00:00,48.71
2025-03-20 08:00:00,48.67
2025-03-20 09:00:00,48.44
2025-03-20 10:00:00,48.55
2025-03-20 11:00:00,48.12
2025-03-20 12:00:00,48.95
2025-03-20 13:00:00,36.69
2025-03-20 14:00:00,36.46
2025-03-20 15:00:00,26.12
2025-03-20 16:00:00,48.12
2025-03-20 17:00:00,50.79
2025-03-20 18:00:00,133.28
2025-03-20 19:00:00,285.13
2025-03-20 20:00:00,47.38
2025-03-20 21:00:00,47.17
2025-03-20 22:00:00,40.11
2025-03-20 23:00:00,17.69
2025-03-21 00:00:00,29.95
2025-03-21 01:00:00,52.79
2025-03-21 02:00:00,53.13
2025-03-21 03:00:00,52.2
2025-03-21 04:00:00,54.09
2025-03-21 05:00:00,118.0
2025-03-21 06:00:00,76.65
2025-03-21 07:00:00,50.58
2025-03-21 08:00:00,47.4
2025-03-21 09:00:00,34.02
2025-03-21 10:00:00,42.12
2025-03-21 11:00:00,31.72
2025-03-21 12:00:00,14.34
2025-03-21 13:00:00,12.98
2025-03-21 14:00:00,8.0
2025-03-21 15:00:00,8.18
2025-03-21 16:00:00,10.8
2025-03-21 17:00:00,37.18
2025-03-21 18:00:00,52.6
2025-03-21 19:00:00,56.32
2025-03-21 20:00:00,40.54
2025-03-21 21:00:00,37.53
2025-03-21 22:00:00,38.09
2025-03-21 23:00:00,52.44
2025-03-22 00:00:00,19.96
2025-03-22 01:00:00,10.01
2025-03-22 02:00:00,18.62
2025-03-22 03:00:00,40.74
2025-03-22 04:00:00,47.54
2025-03-22 05:00:00,33.49
2025-03-22 06:00:00,36.55
2025-03-22 07:00:00,30.76
2025-03-22 08:00:00,38.74
2025-03-22 09:00:00,49.1
2025-03-22 10:00:00,27.33
2025-03-22 11:00:00,37.7
2025-03-22 12:00:00,26.35
2025-03-22 13:00:00,14.37
2025-03-22 14:00:00,17.44
2025-03-22 15:00:00,34.42
2025-03-22 16:00:00,44.56
2025-03-22 17:00:00,45.44
2025-03-22 18:00:00,53.38
2025-03-22 19:00:00,70.4
2025-03-22 20:00:00,147.01
2025-03-22 21:00:00,84.04
2025-03-22 22:00:00,48.12
2025-03-22 23:00:00,46.03
2025-03-23 00:00:00,61.33
2025-03-23 01:00:00,50.17
2025-03-23 02:00:00,51.7
2025-03-23 03:00:00,49.64
2025-03-23 04:00:00,49.99
2025-03-23 05:00:00,55.01
2025-03-23 06:00:00,63.75
2025-03-23 07:00:00,49.46
2025-03-23 08:00:00,45.68
2025-03-23 09:00:00,41.28
2025-03-23 10:00:00,41.4
2025-03-23 11:00:00,56.19
2025-03-23 12:00:00,74.4
2025-03-23 13:00:00,42.7
2025-03-23 14:00:00,21.89
2025-03-23 15:00:00,35.09
2025-03-23 16:00:00,44.97
2025-03-23 17:00:00,47.8
2025-03-23 18:00:00,48.76
2025-03-23 19:00:00,52.52
2025-03-23 20:00:00,46.75
2025-03-23 21:00:00,49.01
2025-03-23 22:00:00,44.82
2025-03-23 23:00:00,40.06
2025-03-24 00:00:00,13.66
2025-03-24 01:00:00,24.64
2025-03-24 02:00:00,39.94
2025-03-24 03:00:00,15.96
2025-03-24 04:00:00,11.15
2025-03-24 05:00:00,47.0
2025-03-24 06:00:00,138.55
2025-03-24 07:00:00,49.12
2025-03-24 08:00:00,46.29
2025-03-24 09:00:00,48.49
2025-03-24 10:00:00,49.72
2025-03-24 11:00:00,75.2
2025-03-24 12:00:00,76.15
2025-03-24 13:00:00,59.28
2025-03-24 14:00:00,43.97
2025-03-24 15:00:00,43.41
2025-03-24 16:00:00,37.64
2025-03-24 17:00:00,42.82
2025-03-24 18:00:00,52.26
2025-03-24 19:00:00,48.7
2025-03-24 20:00:00,45.93
2025-03-24 21:00:00,45.93
2025-03-24 22:00:00,60.68
2025-03-24 23:00:00,28.88
2025-03-25 00:00:00,14.35
2025-03-25 01:00:00,14.38
2025-03-25 02:00:00,14.37
2025-03-25 03:00:00,45.88
2025-03-25 04:00:00,46.51
2025-03-25 05:00:00,48.71
2025-03-25 06:00:00,76.72
2025-03-25 07:00:00,114.88
2025-03-25 08:00:00,47.48
2025-03-25 09:00:00,45.86
2025-03-25 10:00:00,41.17
2025-03-25 11:00:00,43.65
2025-03-25 12:00:00,37.31
2025-03-25 13:00:00,36.17
2025-03-25 14:00:00,35.76
2025-03-25 15:00:00,48.31
2025-03-25 16:00:00,79.06
2025-03-25 17:00:00,210.72
2025-03-25 18:00:00,94.05
2025-03-25 19:00:00,75.99
2025-03-25 20:00:00,48.1
2025-03-25 21:00:00,49.21
2025-03-25 22:00:00,53.62
2025-03-25 23:00:00,45.07
2025-03-26 00:00:00,45.27
2025-03-26 01:00:00,45.13
2025-03-26 02:00:00,45.15
2025-03-26 03:00:00,45.15
2025-03-26 04:00:00,46.68
2025-03-26 05:00:00,50.63
2025-03-26 06:00:00,79.72
2025-03-26 07:00:00,67.29
2025-03-26 08:00:00,48.16
2025-03-26 09:00:00,45.15
2025-03-26 10:00:00,44.29
2025-03-26 11:00:00,43.39
2025-03-26 12:00:00,36.62
2025-03-26 13:00:00,29.3
2025-03-26 14:00:00,31.71
2025-03-26 15:00:00,42.86
2025-03-26 16:00:00,46.8
2025-03-26 17:00:00,46.83
2025-03-26 18:00:00,59.29
2025-03-26 19:00:00,68.65
2025-03-26 20:00:00,54.77
2025-03-26 21:00:00,53.36
2025-03-26 22:00:00,48.31
2025-03-26 23:00:00,45.7
2025-03-27 00:00:00,48.26
2025-03-27 01:00:00,45.29
2025-03-27 02:00:00,48.07
2025-03-27 03:00:00,48.01
2025-03-27 04:00:00,45.99
2025-03-27 05:00:00,50.78
2025-03-27 06:00:00,50.55
2025-03-27 07:00:00,53.46
2025-03-27 08:00:00,51.66
2025-03-27 09:00:00,35.14
2025-03-27 10:00:00,36.98
2025-03-27 11:00:00,33.49
2025-03-27 12:00:00,22.25
2025-03-27 13:00:00,13.65
2025-03-27 14:00:00,12.95
2025-03-27 15:00:00,15.13
2025-03-27 16:00:00,1.89
2025-03-27 17:00:00,8.6
2025-03-27 18:00:00,47.73
2025-03-27 19:00:00,50.33
2025-03-27 20:00:00,49.37
2025-03-27 21:00:00,51.34
2025-03-27 22:00:00,45.72
2025-03-27 23:00:00,44.31
2025-03-28 00:00:00,43.39
2025-03-28 01:00:00,45.09
2025-03-28 02:00:00,44.32
2025-03-28 03:00:00,43.39
2025-03-28 04:00:00,55.5
2025-03-28 05:00:00,45.92
2025-03-28 06:00:00,46.55
2025-03-28 07:00:00,45.68
2025-03-28 08:00:00,52.23
2025-03-28 09:00:00,51.53
2025-03-28 10:00:00,47.17
2025-03-28 11:00:00,75.81
2025-03-28 12:00:00,68.08
2025-03-28 13:00:00,44.01
2025-03-28 14:00:00,42.17
2025-03-28 15:00:00,46.14
2025-03-28 16:00:00,150.57
2025-03-28 17:00:00,309.92
2025-03-28 18:00:00,67.79
2025-03-28 19:00:00,76.51
2025-03-28 20:00:00,43.64
2025-03-28 21:00:00,30.13
2025-03-28 22:00:00,14.54
2025-03-28 23:00:00,28.03
2025-03-29 00:00:00,42.55
2025-03-29 01:00:00,21.98
2025-03-29 02:00:00,41.22
2025-03-29 03:00:00,42.7
2025-03-29 04:00:00,43.6
2025-03-29 05:00:00,40.52
2025-03-29 06:00:00,39.35
2025-03-29 07:00:00,41.75
2025-03-29 08:00:00,41.67
2025-03-29 09:00:00,51.05
2025-03-29 10:00:00,87.75
2025-03-29 11:00:00,121.47
2025-03-29 12:00:00,183.47
2025-03-29 13:00:00,242.66
2025-03-29 14:00:00,219.48
2025-03-29 15:00:00,165.52
2025-03-29 16:00:00,47.2
2025-03-29 17:00:00,52.1
2025-03-29 18:00:00,43.99
2025-03-29 19:00:00,43.11
2025-03-29 20:00:00,53.14
2025-03-29 21:00:00,43.68
2025-03-29 22:00:00,57.71
2025-03-29 23:00:00,43.53
2025-03-30 00:00:00,45.4
2025-03-30 01:00:00,31.57
2025-03-30 02:00:00,32.81
2025-03-30 03:00:00,14.39
2025-03-30 04:00:00,26.26
2025-03-30 05:00:00,29.25
2025-03-30 06:00:00,29.7
2025-03-30 07:00:00,27.45
2025-03-30 08:00:00,24.07
2025-03-30 09:00:00,37.79
2025-03-30 10:00:00,39.25
2025-03-30 11:00:00,39.91
2025-03-30 12:00:00,37.97
2025-03-30 13:00:00,40.61
2025-03-30 14:00:00,42.84
2025-03-30 15:00:00,43.77
2025-03-30 16:00:00,44.74
2025-03-30 17:00:00,31.58
2025-03-30 18:00:00,15.47
2025-03-30 19:00:00,28.78
2025-03-30 20:00:00,45.94
2025-03-30 21:00:00,32.99
2025-03-30 22:00:00,18.77
2025-03-30 23:00:00,24.06
2025-03-31 00:00:00,5.81
2025-03-31 01:00:00,0.0
2025-03-31 02:00:00,2.33
2025-03-31 03:00:00,12.38
2025-03-31 04:00:00,17.45
2025-03-31 05:00:00,32.59
2025-03-31 06:00:00,39.47
2025-03-31 07:00:00,34.05
2025-03-31 08:00:00,30.43
2025-03-31 09:00:00,38.77
2025-03-31 10:00:00,43.02
2025-03-31 11:00:00,43.24
2025-03-31 12:00:00,43.36
2025-03-31 13:00:00,42.19
2025-03-31 14:00:00,43.35
2025-03-31 15:00:00,43.62
2025-03-31 16:00:00,43.7
2025-03-31 17:00:00,40.22
2025-03-31 18:00:00,42.24
2025-03-31 19:00:00,42.56
2025-03-31 20:00:00,40.94
2025-03-31 21:00:00,53.44
2025-03-31 22:00:00,64.05
2025-03-31 23:00:00,42.51
2025-04-01 00:00:00,38.0
2025-04-01 01:00:00,38.57
2025-04-01 02:00:00,57.41
2025-04-01 03:00:00,67.09
2025-04-01 04:00:00,73.53
2025-04-01 05:00:00,139.09
2025-04-01 06:00:00,186.41
2025-04-01 07:00:00,47.64
2025-04-01 08:00:00,37.73
2025-04-01 09:00:00,38.45
2025-04-01 10:00:00,59.2
2025-04-01 11:00:00,47.07
2025-04-01 12:00:00,47.03
2025-04-01 13:00:00,36.58
2025-04-01 14:00:00,31.16
2025-04-01 15:00:00,40.45
2025-04-01 16:00:00,44.46
2025-04-01 17:00:00,45.92
2025-04-01 18:00:00,65.18
2025-04-01 19:00:00,87.17
2025-04-01 20:00:00,93.25
2025-04-01 21:00:00,49.0
2025-04-01 22:00:00,42.53
2025-04-01 23:00:00,46.02
2025-04-02 00:00:00,60.02
2025-04-02 01:00:00,24.09
2025-04-02 02:00:00,41.87
2025-04-02 03:00:00,16.2
2025-04-02 04:00:00,38.75
2025-04-02 05:00:00,46.76
2025-04-02 06:00:00,52.96
2025-04-02 07:00:00,50.71
2025-04-02 08:00:00,46.56
2025-04-02 09:00:00,520.19
2025-04-02 10:00:00,322.58
2025-04-02 11:00:00,353.6
2025-04-02 12:00:00,271.14
2025-04-02 13:00:00,56.86
2025-04-02 14:00:00,46.13
2025-04-02 15:00:00,102.22
2025-04-02 16:00:00,252.1
2025-04-02 17:00:00,54.87
2025-04-02 18:00:00,47.16
2025-04-02 19:00:00,43.06
2025-04-02 20:00:00,45.18
2025-04-02 21:00:00,57.08
2025-04-02 22:00:00,53.02
2025-04-02 23:00:00,211.81
2025-04-03 00:00:00,74.06
2025-04-03 01:00:00,10.17
2025-04-03 02:00:00,4.93
2025-04-03 03:00:00,0.0
2025-04-03 04:00:00,0.0
2025-04-03 05:00:00,35.56
2025-04-03 06:00:00,45.71
2025-04-03 07:00:00,45.5
2025-04-03 08:00:00,46.18
2025-04-03 09:00:00,37.42
2025-04-03 10:00:00,41.25
2025-04-03 11:00:00,28.62
2025-04-03 12:00:00,1.98
2025-04-03 13:00:00,0.0
2025-04-03 14:00:00,9.46
2025-04-03 15:00:00,8.2
2025-04-03 16:00:00,22.28
2025-04-03 17:00:00,47.35
2025-04-03 18:00:00,50.5
2025-04-03 19:00:00,53.11
2025-04-03 20:00:00,62.62
2025-04-03 21:00:00,70.48
2025-04-03 22:00:00,50.67
2025-04-03 23:00:00,46.03
2025-04-04 00:00:00,49.03
2025-04-04 01:00:00,50.14
2025-04-04 02:00:00,98.49
2025-04-04 03:00:00,66.37
2025-04-04 04:00:00,40.33
2025-04-04 05:00:00,55.26
2025-04-04 06:00:00,123.65
2025-04-04 07:00:00,50.03
2025-04-04 08:00:00,58.63
2025-04-04 09:00:00,46.86
2025-04-04 10:00:00,46.78
2025-04-04 11:00:00,46.79
2025-04-04 12:00:00,46.79
2025-04-04 13:00:00,46.49
2025-04-04 14:00:00,47.33
2025-04-04 15:00:00,79.02
2025-04-04 16:00:00,66.35
2025-04-04 17:00:00,45.41
2025-04-04 18:00:00,49.24
2025-04-04 19:00:00,46.74
2025-04-04 20:00:00,60.36
2025-04-04 21:00:00,50.08
2025-04-04 22:00:00,42.96
2025-04-04 23:00:00,28.59
2025-04-05 00:00:00,33.72
2025-04-05 01:00:00,40.59
2025-04-05 02:00:00,42.62
2025-04-05 03:00:00,44.24
2025-04-05 04:00:00,9.68
2025-04-05 05:00:00,37.64
2025-04-05 06:00:00,42.16
2025-04-05 07:00:00,154.4
2025-04-05 08:00:00,48.79
2025-04-05 09:00:00,69.76
2025-04-05 10:00:00,128.88
2025-04-05 11:00:00,126.02
2025-04-05 12:00:00,48.38
2025-04-05 13:00:00,47.35
2025-04-05 14:00:00,46.46
2025-04-05 15:00:00,44.67
2025-04-05 16:00:00,46.49
2025-04-05 17:00:00,46.46
2025-04-05 18:00:00,56.62
2025-04-05 19:00:00,145.76
2025-04-05 20:00:00,142.62
2025-04-05 21:00:00,45.68
2025-04-05 22:00:00,42.98
2025-04-05 23:00:00,27.33
2025-04-06 00:00:00,6.58
2025-04-06 01:00:00,10.93
2025-04-06 02:00:00,39.53
2025-04-06 03:00:00,39.69
2025-04-06 04:00:00,5.94
2025-04-06 05:00:00,1.89
2025-04-06 06:00:00,21.77
2025-04-06 07:00:00,21.35
2025-04-06 08:00:00,16.75
2025-04-06 09:00:00,39.28
2025-04-06 10:00:00,40.52
2025-04-06 11:00:00,44.85
2025-04-06 12:00:00,41.91
2025-04-06 13:00:00,41.57
2025-04-06 14:00:00,39.74
2025-04-06 15:00:00,46.52
2025-04-06 16:00:00,48.15
2025-04-06 17:00:00,45.12
2025-04-06 18:00:00,50.63
2025-04-06 19:00:00,71.42
2025-04-06 20:00:00,62.64
2025-04-06 21:00:00,50.62
2025-04-06 22:00:00,47.96
2025-04-06 23:00:00,45.42
2025-04-07 00:00:00,44.71
2025-04-07 01:00:00,44.66
2025-04-07 02:00:00,43.22
2025-04-07 03:00:00,44.67
2025-04-07 04:00:00,46.22
2025-04-07 05:00:00,47.28
2025-04-07 06:00:00,48.46
2025-04-07 07:00:00,45.87
2025-04-07 08:00:00,44.9
2025-04-07 09:00:00,41.36
2025-04-07 10:00:00,22.19
2025-04-07 11:00:00,11.45
2025-04-07 12:00:00,38.16
2025-04-07 13:00:00,46.14
2025-04-07 14:00:00,44.4
2025-04-07 15:00:00,40.58
2025-04-07 16:00:00,42.03
2025-04-07 17:00:00,32.37
2025-04-07 18:00:00,42.95
2025-04-07 19:00:00,49.24
2025-04-07 20:00:00,46.71
2025-04-07 21:00:00,41.98
2025-04-07 22:00:00,42.11
2025-04-07 23:00:00,13.66
2025-04-08 00:00:00,5.92
2025-04-08 01:00:00,14.36
2025-04-08 02:00:00,24.49
2025-04-08 03:00:00,37.28
2025-04-08 04:00:00,40.32
2025-04-08 05:00:00,46.37
2025-04-08 06:00:00,50.92
2025-04-08 07:00:00,47.53
2025-04-08 08:00:00,44.78
2025-04-08 09:00:00,47.32
2025-04-08 10:00:00,42.9
2025-04-08 11:00:00,44.35
2025-04-08 12:00:00,37.5
2025-04-08 13:00:00,17.19
2025-04-08 14:00:00,24.93
2025-04-08 15:00:00,29.4
2025-04-08 16:00:00,35.52
2025-04-08 17:00:00,42.27
2025-04-08 18:00:00,61.64
2025-04-08 19:00:00,87.49
2025-04-08 20:00:00,96.48
2025-04-08 21:00:00,53.6
2025-04-08 22:00:00,46.79
2025-04-08 23:00:00,45.76
2025-04-09 00:00:00,44.09
2025-04-09 01:00:00,46.09
2025-04-09 02:00:00,46.89
2025-04-09 03:00:00,54.64
2025-04-09 04:00:00,51.11
2025-04-09 05:00:00,153.25
2025-04-09 06:00:00,131.3
2025-04-09 07:00:00,56.36
2025-04-09 08:00:00,49.2
2025-04-09 09:00:00,51.11
2025-04-09 10:00:00,46.0
2025-04-09 11:00:00,43.64
2025-04-09 12:00:00,41.63
2025-04-09 13:00:00,34.93
2025-04-09 14:00:00,39.22
2025-04-09 15:00:00,41.29
2025-04-09 16:00:00,47.33
2025-04-09 17:00:00,46.34
2025-04-09 18:00:00,47.24
2025-04-09 19:00:00,46.78
2025-04-09 20:00:00,37.93
2025-04-09 21:00:00,49.24
2025-04-09 22:00:00,55.65
2025-04-09 23:00:00,46.31
2025-04-10 00:00:00,44.14
2025-04-10 01:00:00,43.07
2025-04-10 02:00:00,43.91
2025-04-10 03:00:00,37.0
2025-04-10 04:00:00,39.23
2025-04-10 05:00:00,27.37
2025-04-10 06:00:00,37.3
2025-04-10 07:00:00,38.44
2025-04-10 08:00:00,41.17
2025-04-10 09:00:00,41.56
2025-04-10 10:00:00,41.56
2025-04-10 11:00:00,45.0
2025-04-10 12:00:00,46.83
2025-04-10 13:00:00,52.45
2025-04-10 14:00:00,51.57
2025-04-10 15:00:00,48.38
2025-04-10 16:00:00,45.1
2025-04-10 17:00:00,50.32
2025-04-10 18:00:00,42.2
2025-04-10 19:00:00,44.89
2025-04-10 20:00:00,66.91
2025-04-10 21:00:00,61.46
2025-04-10 22:00:00,48.61
2025-04-10 23:00:00,47.58
2025-04-11 00:00:00,42.76
2025-04-11 01:00:00,39.87
2025-04-11 02:00:00,38.13
2025-04-11 03:00:00,40.48
2025-04-11 04:00:00,44.48
2025-04-11 05:00:00,91.63
2025-04-11 06:00:00,259.44
2025-04-11 07:00:00,137.4
2025-04-11 08:00:00,65.97
2025-04-11 09:00:00,46.52
2025-04-11 10:00:00,46.13
2025-04-11 11:00:00,46.62
2025-04-11 12:00:00,46.43
2025-04-11 13:00:00,44.67
2025-04-11 14:00:00,45.11
2025-04-11 15:00:00,43.15
2025-04-11 16:00:00,41.92
2025-04-11 17:00:00,43.22
2025-04-11 18:00:00,63.73
2025-04-11 19:00:00,54.1
2025-04-11 20:00:00,46.62
2025-04-11 21:00:00,47.29
2025-04-11 22:00:00,57.46
2025-04-11 23:00:00,55.37
2025-04-12 00:00:00,58.27
2025-04-12 01:00:00,53.06
2025-04-12 02:00:00,46.9
2025-04-12 03:00:00,51.21
2025-04-12 04:00:00,55.24
2025-04-12 05:00:00,45.36
2025-04-12 06:00:00,107.82
2025-04-12 07:00:00,175.86
2025-04-12 08:00:00,288.97
2025-04-12 09:00:00,52.06
2025-04-12 10:00:00,49.52
2025-04-12 11:00:00,45.54
2025-04-12 12:00:00,43.24
2025-04-12 13:00:00,41.68
2025-04-12 14:00:00,40.61
2025-04-12 15:00:00,40.04
2025-04-12 16:00:00,42.76
2025-04-12 17:00:00,44.74
2025-04-12 18:00:00,49.1
2025-04-12 19:00:00,43.69
2025-04-12 20:00:00,56.16
2025-04-12 21:00:00,48.7
2025-04-12 22:00:00,48.98
2025-04-12 23:00:00,41.89
2025-04-13 00:00:00,53.77
2025-04-13 01:00:00,51.91
2025-04-13 02:00:00,53.31
2025-04-13 03:00:00,44.84
2025-04-13 04:00:00,51.19
2025-04-13 05:00:00,50.86
2025-04-13 06:00:00,46.1
2025-04-13 07:00:00,42.55
2025-04-13 08:00:00,41.77
2025-04-13 09:00:00,42.95
2025-04-13 10:00:00,42.69
2025-04-13 11:00:00,41.35
2025-04-13 12:00:00,41.33
2025-04-13 13:00:00,40.78
2025-04-13 14:00:00,35.73
2025-04-13 15:00:00,38.31
2025-04-13 16:00:00,39.48
2025-04-13 17:00:00,43.3
2025-04-13 18:00:00,46.34
2025-04-13 19:00:00,55.92
2025-04-13 20:00:00,50.74
2025-04-13 21:00:00,44.96
2025-04-13 22:00:00,43.65
2025-04-13 23:00:00,31.69
2025-04-14 00:00:00,12.33
2025-04-14 01:00:00,3.97
2025-04-14 02:00:00,12.88
2025-04-14 03:00:00,39.82
2025-04-14 04:00:00,44.27
2025-04-14 05:00:00,28.31
2025-04-14 06:00:00,41.81
2025-04-14 07:00:00,41.25
2025-04-14 08:00:00,41.13
2025-04-14 09:00:00,36.29
2025-04-14 10:00:00,37.63
2025-04-14 11:00:00,41.49
2025-04-14 12:00:00,22.79
2025-04-14 13:00:00,5.73
2025-04-14 14:00:00,5.82
2025-04-14 15:00:00,27.71
2025-04-14 16:00:00,37.82
2025-04-14 17:00:00,40.83
2025-04-14 18:00:00,41.42
2025-04-14 19:00:00,43.07
2025-04-14 20:00:00,44.88
2025-04-14 21:00:00,41.43
2025-04-14 22:00:00,31.43
2025-04-14 23:00:00,33.79
2025-04-15 00:00:00,17.97
2025-04-15 01:00:00,14.36
2025-04-15 02:00:00,16.18
2025-04-15 03:00:00,19.79
2025-04-15 04:00:00,37.94
2025-04-15 05:00:00,43.94
2025-04-15 06:00:00,41.09
2025-04-15 07:00:00,41.5
2025-04-15 08:00:00,31.12
2025-04-15 09:00:00,42.54
2025-04-15 10:00:00,31.69
2025-04-15 11:00:00,18.0
2025-04-15 12:00:00,9.9
2025-04-15 13:00:00,23.93
2025-04-15 14:00:00,36.85
2025-04-15 15:00:00,56.66
2025-04-15 16:00:00,66.36
2025-04-15 17:00:00,36.3
2025-04-15 18:00:00,43.74
2025-04-15 19:00:00,41.1
2025-04-15 20:00:00,53.27
2025-04-15 21:00:00,35.07
2025-04-15 22:00:00,76.01
2025-04-15 23:00:00,17.85
2025-04-16 00:00:00,14.36
2025-04-16 01:00:00,14.34
2025-04-16 02:00:00,14.34
2025-04-16 03:00:00,18.99
2025-04-16 04:00:00,33.24
2025-04-16 05:00:00,42.41
2025-04-16 06:00:00,79.7
2025-04-16 07:00:00,43.16
2025-04-16 08:00:00,41.84
2025-04-16 09:00:00,39.75
2025-04-16 10:00:00,42.1
2025-04-16 11:00:00,39.86
2025-04-16 12:00:00,39.53
2025-04-16 13:00:00,29.26
2025-04-16 14:00:00,18.47
2025-04-16 15:00:00,23.53
2025-04-16 16:00:00,30.13
2025-04-16 17:00:00,41.22
2025-04-16 18:00:00,94.53
2025-04-16 19:00:00,260.75
2025-04-16 20:00:00,61.67
2025-04-16 21:00:00,50.1
2025-04-16 22:00:00,42.81
2025-04-16 23:00:00,39.69
2025-04-17 00:00:00,38.59
2025-04-17 01:00:00,38.87
2025-04-17 02:00:00,38.63
2025-04-17 03:00:00,39.29
2025-04-17 04:00:00,41.98
2025-04-17 05:00:00,46.11
2025-04-17 06:00:00,46.04
2025-04-17 07:00:00,42.45
2025-04-17 08:00:00,41.8
2025-04-17 09:00:00,40.01
2025-04-17 10:00:00,38.63
2025-04-17 11:00:00,38.01
2025-04-17 12:00:00,22.87
2025-04-17 13:00:00,13.71
2025-04-17 14:00:00,14.36
2025-04-17 15:00:00,11.19
2025-04-17 16:00:00,38.78
2025-04-17 17:00:00,41.09
2025-04-17 18:00:00,40.89
2025-04-17 19:00:00,40.25
2025-04-17 20:00:00,38.4
2025-04-17 21:00:00,30.67
2025-04-17 22:00:00,11.57
2025-04-17 23:00:00,8.63
2025-04-18 00:00:00,6.1
2025-04-18 01:00:00,5.45
2025-04-18 02:00:00,0.0
2025-04-18 03:00:00,0.0
2025-04-18 04:00:00,0.0
2025-04-18 05:00:00,0.0
2025-04-18 06:00:00,0.0
2025-04-18 07:00:00,5.19
2025-04-18 08:00:00,6.72
2025-04-18 09:00:00,16.4
2025-04-18 10:00:00,36.08
2025-04-18 11:00:00,178.93
2025-04-18 12:00:00,28.96
2025-04-18 13:00:00,6.67
2025-04-18 14:00:00,15.65
2025-04-18 15:00:00,11.77
2025-04-18 16:00:00,34.13
2025-04-18 17:00:00,78.55
2025-04-18 18:00:00,46.21
2025-04-18 19:00:00,26.83
2025-04-18 20:00:00,8.26
2025-04-18 21:00:00,10.91
2025-04-18 22:00:00,9.71
2025-04-18 23:00:00,1.85
2025-04-19 00:00:00,0.0
2025-04-19 01:00:00,0.0
2025-04-19 02:00:00,0.0
2025-04-19 03:00:00,0.0
2025-04-19 04:00:00,0.0
2025-04-19 05:00:00,0.0
2025-04-19 06:00:00,1.83
2025-04-19 07:00:00,5.35
2025-04-19 08:00:00,28.29
2025-04-19 09:00:00,228.28
2025-04-19 10:00:00,50.19
2025-04-19 11:00:00,35.02
2025-04-19 12:00:00,32.92
2025-04-19 13:00:00,37.65
2025-04-19 14:00:00,38.3
2025-04-19 15:00:00,37.43
2025-04-19 16:00:00,36.76
2025-04-19 17:00:00,35.82
2025-04-19 18:00:00,33.66
2025-04-19 19:00:00,34.98
2025-04-19 20:00:00,26.1
2025-04-19 21:00:00,22.67
2025-04-19 22:00:00,24.13
2025-04-19 23:00:00,64.43
2025-04-20 00:00:00,53.52
2025-04-20 01:00:00,22.39
2025-04-20 02:00:00,14.31
2025-04-20 03:00:00,14.35
2025-04-20 04:00:00,17.26
2025-04-20 05:00:00,33.94
2025-04-20 06:00:00,28.7
2025-04-20 07:00:00,27.24
2025-04-20 08:00:00,16.81
2025-04-20 09:00:00,15.61
2025-04-20 10:00:00,11.1
2025-04-20 11:00:00,12.46
2025-04-20 12:00:00,4.54
2025-04-20 13:00:00,0.41
2025-04-20 14:00:00,4.62
2025-04-20 15:00:00,8.05
2025-04-20 16:00:00,29.76
2025-04-20 17:00:00,36.88
2025-04-20 18:00:00,38.45
2025-04-20 19:00:00,39.1
2025-04-20 20:00:00,35.83
2025-04-20 21:00:00,23.43
2025-04-20 22:00:00,8.63
2025-04-20 23:00:00,4.12
2025-04-21 00:00:00,0.0
2025-04-21 01:00:00,0.0
2025-04-21 02:00:00,0.0
2025-04-21 03:00:00,0.0
2025-04-21 04:00:00,0.95
2025-04-21 05:00:00,4.71
2025-04-21 06:00:00,22.39
2025-04-21 07:00:00,34.5
2025-04-21 08:00:00,33.24
2025-04-21 09:00:00,15.37
2025-04-21 10:00:00,5.8
2025-04-21 11:00:00,14.43
2025-04-21 12:00:00,28.89
2025-04-21 13:00:00,36.17
2025-04-21 14:00:00,36.32
2025-04-21 15:00:00,36.9
2025-04-21 16:00:00,23.6
2025-04-21 17:00:00,24.21
2025-04-21 18:00:00,32.47
2025-04-21 19:00:00,31.94
2025-04-21 20:00:00,24.36
2025-04-21 21:00:00,8.0
2025-04-21 22:00:00,8.0
2025-04-21 23:00:00,5.09
2025-04-22 00:00:00,2.31
2025-04-22 01:00:00,3.83
2025-04-22 02:00:00,10.24
2025-04-22 03:00:00,10.98
2025-04-22 04:00:00,10.16
2025-04-22 05:00:00,28.42
2025-04-22 06:00:00,34.17
2025-04-22 07:00:00,32.5
2025-04-22 08:00:00,21.49
2025-04-22 09:00:00,5.91
2025-04-22 10:00:00,12.32
2025-04-22 11:00:00,5.88
2025-04-22 12:00:00,11.22
2025-04-22 13:00:00,6.14
2025-04-22 14:00:00,6.01
2025-04-22 15:00:00,29.12
2025-04-22 16:00:00,35.77
2025-04-22 17:00:00,39.77
2025-04-22 18:00:00,49.55
2025-04-22 19:00:00,58.64
2025-04-22 20:00:00,49.04
2025-04-22 21:00:00,37.88
2025-04-22 22:00:00,35.47
2025-04-22 23:00:00,35.28
2025-04-23 00:00:00,17.77
2025-04-23 01:00:00,14.35
2025-04-23 02:00:00,14.34
2025-04-23 03:00:00,14.34
2025-04-23 04:00:00,32.07
2025-04-23 05:00:00,36.35
2025-04-23 06:00:00,37.84
2025-04-23 07:00:00,35.96
2025-04-23 08:00:00,35.77
2025-04-23 09:00:00,36.66
2025-04-23 10:00:00,36.47
2025-04-23 11:00:00,33.16
2025-04-23 12:00:00,30.67
2025-04-23 13:00:00,31.06
2025-04-23 14:00:00,32.15
2025-04-23 15:00:00,43.68
2025-04-23 16:00:00,50.72
2025-04-23 17:00:00,39.95
2025-04-23 18:00:00,47.64
2025-04-23 19:00:00,61.74
2025-04-23 20:00:00,47.03
2025-04-23 21:00:00,42.0
2025-04-23 22:00:00,39.07
2025-04-23 23:00:00,35.41
2025-04-24 00:00:00,19.07
2025-04-24 01:00:00,14.35
2025-04-24 02:00:00,11.85
2025-04-24 03:00:00,13.7
2025-04-24 04:00:00,34.05
2025-04-24 05:00:00,40.0
2025-04-24 06:00:00,39.74
2025-04-24 07:00:00,38.77
2025-04-24 08:00:00,37.98
2025-04-24 09:00:00,38.9
2025-04-24 10:00:00,37.86
2025-04-24 11:00:00,35.81
2025-04-24 12:00:00,36.51
2025-04-24 13:00:00,38.18
2025-04-24 14:00:00,38.89
2025-04-24 15:00:00,43.96
2025-04-24 16:00:00,142.35
2025-04-24 17:00:00,43.31
2025-04-24 18:00:00,39.84
2025-04-24 19:00:00,39.54
2025-04-24 20:00:00,38.86
2025-04-24 21:00:00,37.65
2025-04-24 22:00:00,30.19
2025-04-24 23:00:00,25.17
2025-04-25 00:00:00,14.31
2025-04-25 01:00:00,7.48
2025-04-25 02:00:00,5.65
2025-04-25 03:00:00,2.1
2025-04-25 04:00:00,8.63
2025-04-25 05:00:00,33.09
2025-04-25 06:00:00,35.81
2025-04-25 07:00:00,35.09
2025-04-25 08:00:00,36.29
2025-04-25 09:00:00,35.79
2025-04-25 10:00:00,35.39
2025-04-25 11:00:00,33.9
2025-04-25 12:00:00,35.2
2025-04-25 13:00:00,34.79
2025-04-25 14:00:00,34.64
2025-04-25 15:00:00,34.25
2025-04-25 16:00:00,37.07
2025-04-25 17:00:00,38.33
2025-04-25 18:00:00,44.44
2025-04-25 19:00:00,78.09
2025-04-25 20:00:00,38.56
2025-04-25 21:00:00,35.91
2025-04-25 22:00:00,34.61
2025-04-25 23:00:00,32.46
2025-04-26 00:00:00,10.8
2025-04-26 01:00:00,4.84
2025-04-26 02:00:00,0.4
2025-04-26 03:00:00,0.0
2025-04-26 04:00:00,0.0
2025-04-26 05:00:00,0.0
2025-04-26 06:00:00,0.81
2025-04-26 07:00:00,5.55
2025-04-26 08:00:00,5.86
2025-04-26 09:00:00,7.28
2025-04-26 10:00:00,7.82
2025-04-26 11:00:00,6.1
2025-04-26 12:00:00,9.28
2025-04-26 13:00:00,6.18
2025-04-26 14:00:00,6.59
2025-04-26 15:00:00,19.07
2025-04-26 16:00:00,18.44
2025-04-26 17:00:00,18.1
2025-04-26 18:00:00,34.28
2025-04-26 19:00:00,128.36
2025-04-26 20:00:00,77.23
2025-04-26 21:00:00,30.73
2025-04-26 22:00:00,22.86
2025-04-26 23:00:00,10.93
2025-04-27 00:00:00,8.15
2025-04-27 01:00:00,6.59
2025-04-27 02:00:00,5.39
2025-04-27 03:00:00,1.57
2025-04-27 04:00:00,0.06
2025-04-27 05:00:00,0.4
2025-04-27 06:00:00,5.76
2025-04-27 07:00:00,34.18
2025-04-27 08:00:00,21.52
2025-04-27 09:00:00,5.94
2025-04-27 10:00:00,5.32
2025-04-27 11:00:00,1.21
2025-04-27 12:00:00,0.81
2025-04-27 13:00:00,0.0
2025-04-27 14:00:00,1.63
2025-04-27 15:00:00,5.2
2025-04-27 16:00:00,12.85
2025-04-27 17:00:00,25.16
2025-04-27 18:00:00,35.21
2025-04-27 19:00:00,59.34
2025-04-27 20:00:00,45.46
2025-04-27 21:00:00,33.58
2025-04-27 22:00:00,26.4
2025-04-27 23:00:00,36.73
2025-04-28 00:00:00,27.22
2025-04-28 01:00:00,16.57
2025-04-28 02:00:00,14.38
2025-04-28 03:00:00,14.37
2025-04-28 04:00:00,16.36
2025-04-28 05:00:00,25.62
2025-04-28 06:00:00,34.25
2025-04-28 07:00:00,23.33
2025-04-28 08:00:00,19.26
2025-04-28 09:00:00,9.42
2025-04-28 10:00:00,5.39
2025-04-28 11:00:00,5.06
2025-04-28 12:00:00,5.98
2025-04-28 13:00:00,14.37
2025-04-28 14:00:00,11.95
2025-04-28 15:00:00,18.15
2025-04-28 16:00:00,27.0
2025-04-28 17:00:00,36.08
2025-04-28 18:00:00,35.56
2025-04-28 19:00:00,31.11
2025-04-28 20:00:00,13.71
2025-04-28 21:00:00,2.38
2025-04-28 22:00:00,0.0
2025-04-28 23:00:00,-1.22
2025-04-29 00:00:00,-1.26
2025-04-29 01:00:00,-2.76
2025-04-29 02:00:00,-0.12
2025-04-29 03:00:00,-0.05
2025-04-29 04:00:00,0.0
2025-04-29 05:00:00,0.0
2025-04-29 06:00:00,0.0
2025-04-29 07:00:00,0.0
2025-04-29 08:00:00,0.0
2025-04-29 09:00:00,0.0
2025-04-29 10:00:00,0.0
2025-04-29 11:00:00,0.0
2025-04-29 12:00:00,5.65
2025-04-29 13:00:00,5.67
2025-04-29 14:00:00,5.54
2025-04-29 15:00:00,7.06
2025-04-29 16:00:00,6.44
2025-04-29 17:00:00,5.37
2025-04-29 18:00:00,5.82
2025-04-29 19:00:00,5.56
2025-04-29 20:00:00,5.03
2025-04-29 21:00:00,0.4
2025-04-29 22:00:00,0.0
2025-04-29 23:00:00,0.0
2025-04-30 00:00:00,0.0
2025-04-30 01:00:00,0.0
2025-04-30 02:00:00,0.0
2025-04-30 03:00:00,7.32
2025-04-30 04:00:00,22.88
2025-04-30 05:00:00,41.78
2025-04-30 06:00:00,105.29
2025-04-30 07:00:00,71.89
2025-04-30 08:00:00,46.68
2025-04-30 09:00:00,22.03
2025-04-30 10:00:00,23.75
2025-04-30 11:00:00,18.81
2025-04-30 12:00:00,13.71
2025-04-30 13:00:00,14.37
2025-04-30 14:00:00,15.61
2025-04-30 15:00:00,35.3
2025-04-30 16:00:00,37.03
2025-04-30 17:00:00,35.68
2025-04-30 18:00:00,34.38
2025-04-30 19:00:00,41.43
2025-04-30 20:00:00,38.12
2025-04-30 21:00:00,38.12
2025-04-30 22:00:00,36.57
2025-04-30 23:00:00,14.34
