dataset,backbone,split,currency,neg_price_market,evidence_status,n,n_days,mean,median,std,mad,iqr,min,max,skewness,excess_kurtosis,pi_neg,pi_pos,M_neg,M_pos,m_neg,m_pos,top1_pct_contrib,top10_pct_contrib,q1,q5,q10,q25,q50,q100,q250,q500,q750,q900,q950,q975,q990,q995,q999
LAGO_BE,Linear,S2,EUR,True,COMPUTED,10444,436,1.0386905640029116,1.374495506286621,8.488759100641948,7.455444390678405,10.050104141235352,-158.89358139038086,27.60936450958252,-1.4738232956004567,16.973503312661,0.42253925698965916,0.5774607430103409,-2.6895487759589054,3.728239339961817,6.365204490395379,6.456264577443411,0.0009809814239471572,0.004288169442852599,-42.12626153564453,-26.009841537475587,-22.054061317443846,-16.70027904510498,-12.860818481445312,-9.03558578491211,-3.6073074340820312,1.374495506286621,6.44279670715332,11.027823829650886,13.644125032424927,16.345818328857415,18.98801807403564,20.61751952648163,23.809258537292685
LAGO_BE,Linear,S3,EUR,True,COMPUTED,5222,218,-0.6826408935752878,1.8884525299072266,23.02248674291504,9.184582122802734,12.830640316009521,-403.5265884399414,94.90499877929688,-8.061899877140515,108.84140147825195,0.42091152815013405,0.579088471849866,-5.624183795042122,4.941542901466835,13.361914366565042,8.533312510403375,0.0006896380359460611,0.003230228888442926,-316.26571601867676,-145.21737098693848,-55.14733310699463,-30.89045877456665,-23.39602565765381,-14.861475944519043,-5.4199042320251465,1.8884525299072266,7.410736083984375,13.309321403503448,17.576489162445068,23.26340775489804,37.12035999298091,46.95103368759154,77.56589924621504
LAGO_BE,LSTM,S2,EUR,True,COMPUTED,10444,436,-0.4275334270603952,-0.0034656524658203125,7.608607947027073,6.435833103561401,8.699693202972412,-161.53499221801758,28.010173797607422,-1.8228286418744388,25.360956332510916,0.5001914975105324,0.4998085024894676,-2.994107659819116,2.566574232758721,5.985922741031938,5.135115189067449,0.0011991530311066074,0.005239724133191469,-42.12632536125183,-24.87957130432129,-20.53089725494385,-15.918270874023438,-12.747187614440918,-9.572921752929688,-4.498783588409424,-0.0034656524658203125,4.200909614562988,8.21833229064942,10.724949169158936,13.099826765060405,16.094688892364502,17.70465503692627,21.719368970870992
LAGO_BE,LSTM,S3,EUR,True,COMPUTED,5222,218,-2.411976519967806,0.12430763244628906,21.9361404663188,8.541942461013793,11.606286525726318,-393.9143600463867,78.58264541625977,-8.921011866409561,122.44906179566333,0.4948295672156262,0.5051704327843738,-5.962259880111209,3.5502833601434034,12.0491180704105,7.02789223148933,0.0007391850967230412,0.0034619332119812793,-310.81882239532473,-144.30783838272094,-55.79873466491699,-30.265992832183837,-23.036096382141114,-14.867067337036133,-6.21322774887085,0.12430763244628906,5.393058776855469,11.062030410766605,14.668002510070794,18.065193676948493,22.810129089355467,29.87688652515408,65.6588711509701
LAGO_BE,MLP,S2,EUR,True,COMPUTED,10444,436,0.9325081750972404,1.0613651275634766,8.345285039706502,7.163774410629272,9.660725116729736,-163.0131607055664,34.0533332824707,-1.4617347318323435,19.299325499714506,0.43958253542703946,0.5604174645729606,-2.6385608781892445,3.571069053286485,6.0024242674381325,6.37215875491612,0.0010020026955168233,0.00459190074476333,-42.55217110252381,-25.81210172653198,-21.21780590057373,-15.986401557922363,-12.189947128295898,-8.570573043823241,-3.6592445373535156,1.0613651275634766,6.001480579376221,10.81881675720215,13.641517162323,16.42430243492126,19.261475067138665,21.278613872528062,26.37490921974223
LAGO_BE,MLP,S3,EUR,True,COMPUTED,5222,218,-2.199441348408338,0.7849292755126953,23.0832059075302,9.942376884841918,13.590167999267578,-390.12514877319336,42.13318634033203,-8.92009816354818,117.20020435317763,0.47050938337801607,0.5294906166219839,-6.31078667652785,4.111345328119513,13.412669118774291,7.764718012094066,0.0006829272169075738,0.0033076232493451712,-347.2419281311035,-141.09343654632568,-52.36369512557983,-32.040667819976804,-24.125955009460448,-16.51555938720703,-6.579282760620117,0.7849292755126953,7.010885238647461,12.481633758544925,16.019468975067138,18.587944126129123,22.624057121276856,25.461017003059265,32.228362627028844
LAGO_BE,PatchTST,S2,EUR,True,COMPUTED,10444,436,0.045079786902238635,0.47352027893066406,7.50607345949298,6.341140217971802,8.542339324951172,-163.06598281860352,28.247333526611328,-1.95524346717102,28.051542678455146,0.46869015702795863,0.5313098429720413,-2.713880149124683,2.7589599360269217,5.790350209899528,5.192751409599058,0.0012396746801607123,0.005360497054421764,-40.17082355117798,-24.623422183990478,-20.54941520690918,-15.343834447860718,-12.075311374664308,-8.609570693969726,-3.952263832092285,0.47352027893066406,4.590075492858887,8.549686050415044,10.96436653137207,13.112598299980162,16.128298339843738,18.1715486717224,22.97950575256352
LAGO_BE,PatchTST,S3,EUR,True,COMPUTED,5222,218,-1.6202831035462069,1.2531604766845703,22.0756725530574,8.544117066192626,11.605228424072266,-393.4920845031738,51.05532455444336,-9.301783497500333,126.90894343529186,0.4389122941401762,0.5610877058598238,-5.577077445560194,3.956794342013987,12.706587443593078,7.0520068443675905,0.0007416476323704534,0.0034639458035955937,-320.6590376434326,-142.91905780792237,-55.957828712463375,-30.75557622909546,-22.492840576171876,-14.32906036376953,-5.075610160827637,1.2531604766845703,6.529618263244629,11.43450622558594,14.910632133483878,18.317194461822492,22.416670722961424,25.658325996398876,40.18613475036601
LAGO_BE,TCN,S2,EUR,True,COMPUTED,10444,436,1.035571328698845,1.4998970031738281,7.7538579803595225,6.511358922958373,8.812819480895996,-161.53943634033203,38.66645431518555,-1.7346214247330438,24.389323064452245,0.4086556874760628,0.5913443125239372,-2.378846604298604,3.4144179329974484,5.821151343789742,5.773993020114209,0.0011268641728870842,0.0049202580867721436,-38.63183067703247,-23.654824247360228,-19.53660120010376,-14.517486572265625,-11.621775341033935,-8.302129745483398,-3.096904754638672,1.4998970031738281,5.715914726257324,9.826228904724122,12.545907402038576,14.970631337165823,18.206189556121824,19.881503934860223,24.93396848535558
LAGO_BE,TCN,S3,EUR,True,COMPUTED,5222,218,-1.44198551647328,1.1465339660644531,21.95350205455264,8.806885157775879,12.097835540771484,-392.89762115478516,49.9193115234375,-9.23790611494532,126.6186145541918,0.4486786671773267,0.5513213328226733,-5.532449192673893,4.090463676200613,12.330537637278304,7.419382187259326,0.0007481999181943592,0.0034595707219566172,-314.1824801864624,-141.3861604118347,-54.06957420349121,-29.10317583084106,-21.786602210998534,-13.92849006652832,-5.4259138107299805,1.1465339660644531,6.671921730041504,12.298366546630868,15.933247756958007,19.45560598373409,24.13417526245117,27.307518758773746,39.05726054000764
LAGO_DE,Linear,S2,EUR,True,COMPUTED,10444,436,-1.111953613987943,-1.018601417541504,5.974355253346729,5.16020942287445,6.96996545791626,-41.98394775390625,79.7585049122572,0.23114851591234245,7.9405880598674425,0.5786097280735351,0.42139027192646494,-2.8160612665615976,1.7041076525736545,4.866944211148325,4.044012797882129,0.0011885083523022688,0.00649709595483195,-29.463983676910402,-19.197745895385744,-16.338464336395262,-13.253861361555755,-10.817334079742432,-8.191254901885987,-4.518948078155518,-1.018601417541504,2.451017379760742,5.835997390747073,8.113293647766119,10.114673995971671,12.963000106811522,14.8801186132431,23.413554462671687
LAGO_DE,Linear,S3,EUR,True,COMPUTED,5222,218,-0.798789998909069,-0.7221040725708008,5.951734724896625,5.1028517369270325,6.905575752258301,-61.685495376586914,114.59232807159424,2.1870801601700713,48.76368148887088,0.5545767905017235,0.4454232094982765,-2.5113046886255823,1.7125146897165129,4.5283263411611845,3.844691190756505,0.0021271988333190195,0.007431335268148905,-25.078225700378418,-16.780222788453102,-14.379655032157897,-11.051652812957764,-9.335447311401367,-7.34052152633667,-4.246236324310303,-0.7221040725708008,2.659339427947998,5.531720352172856,7.480670356750488,9.122561407089233,10.693666954040525,12.245088911056518,27.18267072105065
LAGO_DE,LSTM,S2,EUR,True,COMPUTED,10444,436,-0.9998379449773122,-0.946537971496582,5.5493715062619104,4.736075164031982,6.3881659507751465,-39.799156188964844,76.38642597198486,0.37997587167661845,8.088472644911086,0.5814821907315205,0.41851780926847953,-2.6035155143982216,1.603677569420909,4.4773779075209985,3.8318024559670496,0.001253603006779022,0.006582401530612847,-20.93550419704616,-17.65861895084381,-15.540925760269165,-12.61667821407318,-10.051067543029786,-7.499935531616211,-4.1356282234191895,-0.946537971496582,2.252537727355957,5.652403640747073,7.723135603219272,9.481306076049803,11.759357461929316,13.77658533096313,19.98592522525796
LAGO_DE,LSTM,S3,EUR,True,COMPUTED,5222,218,-0.8326779968254711,-0.9892024993896484,4.956234724166446,3.950880800914764,5.3636980056762695,-27.77414321899414,117.56282901763916,5.326476081567593,104.76734887804393,0.6026426656453466,0.39735733435465337,-2.1139474264486955,1.2812694296232245,3.5077958248856334,3.2244766079481826,0.003125047244312807,0.008905126190276341,-18.293118662834168,-13.093615255355836,-11.686268939971924,-9.100947380065918,-7.300854587554931,-5.766461944580078,-3.5729665756225586,-0.9892024993896484,1.790731430053711,4.243450164794923,5.830099487304684,7.319679021835325,9.149682197570801,10.045679121017447,33.645155048369375
LAGO_DE,MLP,S2,EUR,True,COMPUTED,10444,436,-0.9762642522009799,-0.6287670135498047,7.731279836187633,5.601507226753235,7.5760931968688965,-83.14802742004395,46.98168182373047,-2.3804110580175792,18.223115103171935,0.5451934124856377,0.4548065875143623,-3.065526952708491,2.089262700507511,5.622824638933523,4.593738872442199,0.001204478533266786,0.0073575194973263,-71.150834668912,-40.69252727568149,-25.19707763671875,-15.51300048828125,-11.438251695036888,-8.538143026828767,-4.347942352294922,-0.6287670135498047,3.2281508445739746,6.962746429443362,9.493856239318848,11.58315715789794,14.293717460632308,16.476095466613767,25.314419059753927
LAGO_DE,MLP,S3,EUR,True,COMPUTED,5222,218,-0.04149178037142498,0.046341896057128906,5.743265535401349,4.786577470779418,6.444021224975586,-42.99450969696045,76.79109573364258,0.4971967412898986,12.275334423233614,0.49712753734201454,0.5028724626579855,-2.112860983004192,2.071369202632767,4.250138695395951,4.119074629150155,0.0016145930633303571,0.007316834636954208,-25.89809595966339,-18.005742630958558,-15.041956863999367,-11.45172553062439,-9.131968879699707,-6.679157543182373,-3.201216220855713,0.046341896057128906,3.242805004119873,6.567839431762701,8.341234111785887,10.145038461685154,12.298876647949218,14.522009935378966,22.419978862761223
LAGO_DE,PatchTST,S2,EUR,True,COMPUTED,10444,436,-0.89410464148091,-1.0031423568725586,5.4789228997230595,4.741452292442322,6.385822296142578,-41.269962310791016,81.70172595977783,0.7391528094978799,11.021948227886748,0.5851206434316354,0.4148793565683646,-2.5299650215483527,1.6358603800674425,4.323834836369006,3.942978492828149,0.0013624077674034751,0.006830684051787659,-21.520314321517944,-16.567912926673888,-14.429274835586547,-11.552964520454406,-9.252842096984386,-7.228846740722656,-4.17227840423584,-1.0031423568725586,2.2135438919067383,5.802062416076661,8.035874462127689,9.60752277374267,12.137970085144042,14.399820413589472,22.777528405189646
LAGO_DE,PatchTST,S3,EUR,True,COMPUTED,5222,218,-1.0615800241022133,-1.2254581451416016,5.107000806701837,3.792930658435821,5.083470344543457,-29.596942901611328,120.84433841705322,5.433924068031027,106.95860920522782,0.6317502872462658,0.3682497127537342,-2.2699453454449157,1.2083653213427026,3.593105363417202,3.2813747831781552,0.003008103227636563,0.008840397840798481,-19.94733837890625,-14.444179368019103,-12.48923020362854,-9.502158752828835,-7.7339005947113035,-6.200698375701904,-3.6639699935913086,-1.2254581451416016,1.4195003509521484,4.165699386596681,5.690322208404541,7.089775669574733,9.368284287452697,11.09691785812352,36.386397472213865
LAGO_DE,TCN,S2,EUR,True,COMPUTED,10444,436,-0.8739721138060252,-0.8112702369689941,5.417910728511152,4.695710646057129,6.333838939666748,-41.9665641784668,78.24780750274658,0.514716392544417,9.563418256198215,0.5725775564917656,0.4274224435082344,-2.4907015425055694,1.6167294286995448,4.349981088616751,3.782509442952071,0.001351659889651351,0.006828531220529294,-21.060849906921387,-16.656131901741027,-14.284860429763794,-11.594985294342042,-9.569294834136963,-7.421125221252441,-3.9646105766296387,-0.8112702369689941,2.3692283630371094,5.556543670967222,7.60856342315674,9.275501108169554,11.785151557922353,13.700136604309053,21.310607907295473
LAGO_DE,TCN,S3,EUR,True,COMPUTED,5222,218,-0.7949200467952381,-0.8417849540710449,5.050184571438393,3.9783864458084106,5.3649561405181885,-28.366226196289062,118.39167499542236,4.945889788643199,99.59648803134522,0.5861738797395634,0.41382612026043664,-2.1092297764957286,1.3143097297004909,3.598300520372655,3.175995098794985,0.003037920441845763,0.009075024767612532,-19.09417935180664,-15.059061422348023,-13.022625141143799,-9.751019954681396,-7.751640796661377,-5.8812745094299315,-3.4428436756134033,-0.8417849540710449,1.9221124649047852,4.4066316604614295,5.7812611579894995,7.0125872611999505,8.296704349517821,9.54447184562679,32.396748756406176
LAGO_FR,Linear,S2,EUR,True,COMPUTED,10444,436,1.2361272196626067,1.299178123474121,6.786953748440822,6.382109892654419,8.609151840209961,-45.549625396728516,23.689022064208984,-0.16220250476915202,0.7714477909911359,0.4190923018000766,0.5809076981999234,-2.079831069581459,3.3159582892440653,4.962704064589618,5.7082360924451985,0.0006346039871100788,0.0045378448772273984,-26.644370981216433,-18.10030276298523,-15.626965866088867,-12.145293474197388,-9.850951099395752,-7.1965492248535154,-3.01731014251709,1.299178123474121,5.591841697692871,9.738680839538578,12.466063976287844,14.622583484649649,17.386089458465573,18.891669769287105,21.22659908860938
LAGO_FR,Linear,S3,EUR,True,COMPUTED,5222,218,0.6785754132102739,0.38995361328125,6.641797235941944,6.28483236579895,8.502602100372314,-34.22903060913086,31.60406494140625,0.26906283066491266,1.0681312536942489,0.4768288012255841,0.523171198774416,-2.2438909020267745,2.9224663152370485,4.705862767222416,5.58606116331181,0.0006804574612257619,0.00529242730666019,-21.47493674468994,-16.55101005554199,-14.34301082611084,-11.934395599365235,-9.519423675537109,-7.270963287353514,-3.7014870643615723,0.38995361328125,4.801115036010742,8.91029510498047,11.669742393493651,14.343126201629604,18.29525474548339,21.517765130996384,29.203295965194307
LAGO_FR,LSTM,S2,EUR,True,COMPUTED,10444,436,1.0063164516211938,1.012578010559082,5.900775371721889,5.650329799461365,7.631016969680786,-39.38502502441406,24.394641876220703,-0.0572036305804405,0.8640179099701384,0.427230945997702,0.5727690540022979,-1.8379410190578394,2.8442574706790333,4.301984760878547,4.965801575354702,0.0007473453306730165,0.005395782997814682,-23.451004711151125,-15.00883123397827,-12.925812740325927,-10.365663409233093,-8.392102813720703,-6.32030086517334,-2.8562190532684326,1.012578010559082,4.7747979164123535,8.463745307922364,10.825515055656433,13.021354818344108,15.318773708343505,16.862770481109617,19.214408681869724
LAGO_FR,LSTM,S3,EUR,True,COMPUTED,5222,218,-0.3470211836524744,-0.8172540664672852,6.067048288792662,5.553641169261932,7.596641540527344,-24.100379943847656,27.159910202026367,0.4550115772543256,0.9396809260327315,0.5582152432018384,0.44178475679816165,-2.5271756121455735,2.1801544284930987,4.527242211534883,4.934879248197209,0.0006623442734962268,0.005575915440984292,-19.16766094970703,-14.887530097961426,-13.531541347503662,-11.313585233688354,-9.240241813659669,-7.533119583129883,-4.307488441467285,-0.8172540664672852,3.2891530990600586,7.2693105697631895,10.221106004714963,13.039765024185161,16.912670269012448,19.421162395477236,23.52249888038633
LAGO_FR,MLP,S2,EUR,True,COMPUTED,10444,436,2.2197211334468996,2.290170669555664,6.011370035274795,5.773811460113525,7.788924217224121,-43.62902069091797,27.267948150634766,-0.20649710888013142,1.0786027496185424,0.3480467253925699,0.6519532746074301,-1.4184927193630574,3.6382138528099572,4.075581282263486,5.580482520009868,0.0006988612239878442,0.004852453946510365,-21.032463157653808,-14.223395109176636,-12.615467529296875,-9.77227487564087,-7.611799430847168,-5.22742042541504,-1.6041078567504883,2.290170669555664,6.184816360473633,9.700712203979494,11.896980667114262,13.72076578140257,16.167759609222408,17.96244001865386,20.478084539890517
LAGO_FR,MLP,S3,EUR,True,COMPUTED,5222,218,1.5448976947106663,1.263315200805664,6.161953710340741,5.541226266288757,7.472776889801025,-33.84881591796875,29.164846420288086,0.268238465061738,1.2235012440028061,0.4040597472232861,0.5959402527767139,-1.6381738197054156,3.1830715144160826,4.054286107346768,5.341259462815161,0.0007098155223925548,0.005595852871481905,-20.316795276641844,-14.44165958404541,-12.488824062347412,-10.17348508834839,-7.945999813079834,-5.783112907409667,-2.3602261543273926,1.263315200805664,5.112550735473633,9.260400199890142,12.166642475128167,14.393427228927612,17.913854789733882,21.572634086608836,26.462377143859534
LAGO_FR,PatchTST,S2,EUR,True,COMPUTED,10444,436,0.9062563476292897,0.8579273223876953,5.733071143024101,5.388002850151062,7.258203506469727,-35.92688751220703,26.734142303466797,-0.10910537532127265,0.986407915128436,0.43067790118728455,0.5693220988127154,-1.7975772178126552,2.703833565441945,4.173832028198171,4.749215902703612,0.0007937343474852583,0.005687145708969301,-23.015746504783632,-15.607300949096679,-13.143738746643066,-10.394879865646363,-8.310590457916259,-6.138496208190918,-2.6962008476257324,0.8579273223876953,4.562002658843994,8.049609088897705,10.291437721252443,12.146220970153804,14.922711181640617,16.33498984336852,19.96673916244531
LAGO_FR,PatchTST,S3,EUR,True,COMPUTED,5222,218,0.676694089606724,0.28536415100097656,5.920751410387287,5.225972141647339,7.025881767272949,-29.686851501464844,31.85231590270996,0.4466151105498951,1.580968746155139,0.47759479126771354,0.5224052087322865,-1.9144808055568316,2.591174895163556,4.008588118130623,4.960086254598273,0.0008133904300891985,0.006292716213968185,-17.96960618031025,-15.188162899017334,-12.524321327209472,-10.141109311580658,-8.321910667419434,-6.223115921020508,-3.034147262573242,0.28536415100097656,3.991734504699707,8.091167449951174,10.596048069000243,12.921771907806374,18.22362844467163,20.996848354339438,26.31162219810439
LAGO_FR,TCN,S2,EUR,True,COMPUTED,10444,436,1.151766635450791,1.097010612487793,5.855089338953664,5.506646084976196,7.429049015045166,-40.548561096191406,23.54818344116211,-0.0569199752531013,0.9372627995948499,0.42072003063960167,0.5792799693603983,-1.7463960035332045,2.8981626389839956,4.150969472212287,5.003043074636174,0.0007373585656846414,0.005415910557545402,-22.60316022491455,-14.485354061126708,-12.68517718821764,-10.103024578094482,-8.116771721839905,-6.094766998291016,-2.6294007301330566,1.097010612487793,4.799648284912109,8.58545150756836,10.981444931030282,13.089909648895262,15.429419703483573,17.008055768012987,20.20789743518865
LAGO_FR,TCN,S3,EUR,True,COMPUTED,5222,218,0.04836301202484528,-0.3536834716796875,5.9883243425154395,5.21489833946228,7.042255401611328,-26.035552978515625,28.641374588012695,0.5119883973077488,1.283612603387656,0.5289161240903868,0.47108387590961315,-2.2528914987940336,2.301254510818879,4.259449459341942,4.885020754266742,0.0007375762140214294,0.005968629840814216,-17.990323371887207,-14.292542037963868,-12.862127418518066,-10.793776106834411,-9.010637664794922,-7.031881046295166,-3.7107973098754883,-0.3536834716796875,3.33145809173584,7.620233917236329,10.415984916687009,13.288088893890343,17.614581089019776,20.1471736049652,25.359705787658353
LAGO_PJM,Linear,S2,USD,False,COMPUTED,10444,436,1.089769625255131,0.740656852722168,5.939069036002889,5.744672033500671,7.773658752441406,-45.4354362487793,25.771442413330078,-0.007383835684025172,1.4699855359032235,0.44896591344312525,0.5510340865568748,-1.8057470427692646,2.8955166680243956,4.022013673423373,5.254696104404307,0.0009041282965856795,0.005466076370726699,-22.551579528808595,-13.254210262298583,-11.972542819976807,-9.906037175655365,-7.86765308380127,-5.888945198059082,-2.88777494430542,0.740656852722168,4.885883808135986,9.025165557861328,11.18955602645874,13.015977859497063,15.032062740325909,16.961442108154298,20.80605415725713
LAGO_PJM,Linear,S3,USD,False,COMPUTED,5222,218,-1.0736671869690473,-1.944692611694336,6.973566579950211,5.91608125705719,8.178640365600586,-122.2293701171875,54.15949249267578,-1.6585848159674212,32.73151854269723,0.6156644963615473,0.3843355036384527,-3.164938279043431,2.0912710920743836,5.140686685276764,5.441264396020145,0.001651833510509934,0.005804900528159739,-40.069574081420896,-15.91637379169464,-13.444679222106933,-11.339548492431641,-9.909328985214232,-8.43103199005127,-5.288041591644287,-1.944692611694336,2.890598773956299,7.879056930541996,10.48918571472168,12.427631616592395,15.130627536773682,16.624430751800524,26.506748195647425
LAGO_PJM,LSTM,S2,USD,False,COMPUTED,10444,436,0.10061123899827283,0.1369771957397461,3.707228870235659,2.5416723117828366,3.4251551628112793,-54.71580123901367,34.82318115234375,-1.1822180998454708,24.517122515310316,0.47788203753351205,0.5221179624664879,-1.1664309359656033,1.267042174963876,2.440834441038822,2.42673546219012,0.0028725619430628128,0.014134515559879055,-26.04484704208374,-11.742221145629882,-9.389630546569824,-6.985271024703979,-5.110421943664551,-3.5478565216064455,-1.580949306488037,0.1369771957397461,1.8442058563232422,3.647896003723145,5.219750976562504,7.067674684524525,9.918883167505264,13.036119251251192,20.81630131530793
LAGO_PJM,LSTM,S3,USD,False,COMPUTED,5222,218,0.22793099572807152,0.18616294860839844,5.209563004492759,2.905324833869934,3.910083293914795,-106.40579986572266,109.86566162109375,-0.5099512453050573,132.31640384510655,0.47223286097280737,0.5277671390271926,-1.326278572016774,1.5542095677448455,2.808526643581344,2.9448774901174106,0.0033931143019225824,0.010714993944584549,-42.72289602279663,-15.445483083724975,-10.816773834228515,-7.728509521484375,-5.620238304138184,-3.8581092834472654,-1.7154040336608887,0.18616294860839844,2.1946792602539062,4.598857498168956,6.551077270507812,8.617629241943355,11.448168368339537,12.996340732574444,19.57617118072395
LAGO_PJM,MLP,S2,USD,False,COMPUTED,10444,436,0.36696250107223527,0.23192548751831055,3.9403511105945577,3.006267234992981,4.080986499786377,-45.48023223876953,33.64900207519531,-0.7679081585130866,13.286961811061598,0.468881654538491,0.531118345461509,-1.1920301664473683,1.5589926675196035,2.542283654967595,2.935301860388451,0.002325413487061741,0.011894766616351774,-26.34245385169983,-12.150600404739379,-9.83509895324707,-6.915193676948547,-5.0633995056152346,-3.6221721649169925,-1.6986594200134277,0.23192548751831055,2.382327079772949,4.75691204071045,6.346011543273927,7.880970263481137,10.942355251312256,12.86309860229491,17.923681468964023
LAGO_PJM,MLP,S3,USD,False,COMPUTED,5222,218,0.8881951147031962,0.9151601791381836,5.255316493467966,3.8097074970245357,5.1341753005981445,-115.79954528808594,44.718902587890625,-4.636455472975383,90.2087105155234,0.4092301800076599,0.5907698199923401,-1.3065424246241972,2.1947375393273933,3.192683454088703,3.7150468169749264,0.0027429877366189504,0.008919367715181753,-35.03422323608398,-15.049584188461303,-10.809663753509522,-7.761119389533996,-5.870542907714844,-4.14997854232788,-1.658447265625,0.9151601791381836,3.4757280349731445,6.315708160400393,8.273615932464597,10.085371315479271,12.740299870967865,15.008351541757511,19.605064158439436
