bin,n,yhat_lo,yhat_hi,pi_neg,pi_pos,m_neg,m_pos,M_neg,M_pos,mean_ci_lo,mean_ci_hi,dataset,backbone,evidence_status
0,1045,8.42000675201416,28.15626754760742,0.6449760765550239,0.3550239234449761,6.4467618090462615,6.820896754036293,4.158007138083426,2.421581527031067,-2.730290265821858,-0.7825037496558188,LAGO_BE,Linear,COMPUTED
1,1044,28.15626754760742,32.33862457275391,0.5996168582375478,0.4003831417624521,5.750465770879874,5.3470224752380515,3.4480762189375485,2.1408576577102543,-1.8948190821415574,-0.648730095191364,LAGO_BE,Linear,COMPUTED
2,1044,32.33862457275391,35.63463516235352,0.5335249042145593,0.4664750957854406,6.158120653573658,4.915522244431889,3.2855107318395853,2.2929687098068294,-1.5446673730386749,-0.4033371817265926,LAGO_BE,Linear,COMPUTED
3,1045,35.63463516235352,39.25000228881836,0.5119617224880383,0.4880382775119617,6.775186364004545,5.3201877238703705,3.468636081093236,2.59645525279798,-1.4448849520163032,-0.2757422386728718,LAGO_BE,Linear,COMPUTED
4,1044,39.25000228881836,42.98920822143555,0.48084291187739464,0.5191570881226054,6.7535900936658635,5.331896187194599,3.2474159262646203,2.76809169871597,-1.1064276364828982,0.16401449347379915,LAGO_BE,Linear,COMPUTED
5,1044,42.98920822143555,46.3633659362793,0.3975095785440613,0.6024904214559387,6.751948115337326,5.13475926312809,2.6839640496791097,3.093643272516828,-0.09643158205667726,0.9164835014598902,LAGO_BE,Linear,COMPUTED
6,1045,46.3633659362793,49.70436668395996,0.3263157894736842,0.6736842105263158,5.694741022551864,6.2747488644990055,1.8582839126221873,4.227199235030909,1.8290023545984389,2.9238433270681616,LAGO_BE,Linear,COMPUTED
7,1044,49.70436668395996,53.29667282104492,0.31226053639846746,0.6877394636015326,7.022196880878846,6.157369927111442,2.1927549647188735,4.234666290867831,1.4442078392888535,2.686283729281444,LAGO_BE,Linear,COMPUTED
8,1044,53.29667282104492,58.39685173034668,0.2442528735632184,0.7557471264367817,6.254722640093635,7.623027438899864,1.5277339781837902,5.761081081697311,3.4912704980617884,4.9559445990659015,LAGO_BE,Linear,COMPUTED
9,1044,58.39685173034668,83.23140716552734,0.17337164750957854,0.8266283524904214,5.8269836678689355,9.376979995851308,1.0102337585098442,7.751277525306206,5.9353195082838806,7.514888636229807,LAGO_BE,Linear,COMPUTED
0,1045,1.3564032316207886,25.390623664855955,0.7511961722488039,0.24880382775119617,8.05983060788197,5.611006583602956,6.054513901614686,1.3960399155375776,-5.643652994879939,-3.7152034012550814,LAGO_BE,LSTM,COMPUTED
1,1044,25.390623664855955,30.461107635498045,0.7442528735632183,0.2557471264367816,5.6808149983370475,4.650574555557765,4.227962886693377,1.1893710788639111,-3.6367403953979216,-2.454947283082609,LAGO_BE,LSTM,COMPUTED
2,1044,30.461107635498045,34.64737243652344,0.6139846743295019,0.38601532567049807,5.661773955394251,3.774633149651085,3.476242438129995,1.4570662445492215,-2.480005951345877,-1.4993856091604625,LAGO_BE,LSTM,COMPUTED
3,1044,34.64737243652344,38.665435791015625,0.578544061302682,0.421455938697318,5.907423543614268,4.3725419304587625,3.41770480875768,1.8428337637948808,-2.110671552024058,-1.0575890676449344,LAGO_BE,LSTM,COMPUTED
4,1045,38.665435791015625,42.350847244262695,0.49473684210526314,0.5052631578947369,5.594224070211443,4.450133190010533,2.767668750525661,2.2484883486369007,-0.9885018543627546,-0.010647910728308951,LAGO_BE,LSTM,COMPUTED
5,1044,42.350847244262695,45.460424804687506,0.44061302681992337,0.5593869731800766,5.356383390011994,4.69002949048395,2.3600922982811467,2.6235414008071136,-0.1894786359834479,0.7035954927568978,LAGO_BE,LSTM,COMPUTED
6,1045,45.460424804687506,48.76132316589356,0.40095693779904307,0.5990430622009569,5.368008716009681,4.546922525277915,2.152340336849815,2.72380239313299,0.1425182895832437,1.045095125844318,LAGO_BE,LSTM,COMPUTED
7,1044,48.76132316589356,52.4115104675293,0.3381226053639847,0.6618773946360154,4.7505595285561535,5.444120688652337,1.6062715647321095,3.6033404174892385,1.532082548776031,2.4803760808812156,LAGO_BE,LSTM,COMPUTED
8,1044,52.4115104675293,56.74778099060059,0.3400383141762452,0.6599616858237548,6.1824716272488445,5.734160009420143,2.1022772295721643,3.7843259066000754,1.1002716472783685,2.278237615150903,LAGO_BE,LSTM,COMPUTED
9,1044,56.74778099060059,82.75294494628906,0.2998084291187739,0.7001915708812261,5.926991679036198,6.8401408006326285,1.7769620646918869,4.789408932243727,2.3745947901179805,3.6738276766121296,LAGO_BE,LSTM,COMPUTED
0,1045,-5.222015857696533,26.69709300994873,0.7626794258373206,0.23732057416267943,8.419272897290615,6.934645670060549,6.421206219273321,1.6457340920335084,-5.76233023316109,-3.746928923817759,LAGO_BE,MLP,COMPUTED
1,1044,26.69709300994873,31.988696670532224,0.6551724137931034,0.3448275862068966,5.900153943669726,5.188635438018375,3.865618101024993,1.7891846337994397,-2.651835698941466,-1.4849177070893675,LAGO_BE,MLP,COMPUTED
2,1044,31.988696670532224,36.094414138793944,0.4990421455938697,0.5009578544061303,6.054582782533027,4.853611714525387,3.0214919824709834,2.4314549106290975,-1.1476744508583392,-0.0006364934093089954,LAGO_BE,MLP,COMPUTED
3,1045,36.094414138793944,39.78250350952148,0.5272727272727272,0.4727272727272727,5.40533769195612,5.400981109634585,2.8500871466677724,2.5531910700090763,-0.7870692052213853,0.23318199648646312,LAGO_BE,MLP,COMPUTED
4,1044,39.78250350952148,43.12603569030762,0.46934865900383144,0.5306513409961686,5.154168125074737,5.268407530732964,2.41910189778412,2.795687521097761,-0.1484287364275412,0.8776191620666397,LAGO_BE,MLP,COMPUTED
5,1044,43.12603569030762,46.59407043457031,0.3946360153256705,0.6053639846743295,5.02451496679806,5.770111450666113,1.98285456544138,3.493017659790214,0.9949900251190824,2.007777343460693,LAGO_BE,MLP,COMPUTED
6,1045,46.59407043457031,50.05789260864258,0.3263157894736842,0.6736842105263158,4.784473855474477,6.4885907091877675,1.5612493633653557,4.371261109347548,2.282837595875273,3.3389530666699594,LAGO_BE,MLP,COMPUTED
7,1044,50.05789260864258,53.667361450195315,0.2998084291187739,0.7001915708812261,5.315143755830515,6.248377913489388,1.5935248999760065,4.375061546705692,2.2031070172407063,3.3445084104623235,LAGO_BE,MLP,COMPUTED
8,1044,53.667361450195315,58.44413604736329,0.2471264367816092,0.7528735632183908,5.018916137458742,7.092935479627614,1.240306861555896,5.340083608225387,3.5478587652362292,4.679718471214631,LAGO_BE,MLP,COMPUTED
9,1044,58.44413604736329,96.32333374023438,0.21455938697318008,0.7854406130268199,6.6643608297620505,8.770707037390732,1.4299011742018193,6.88886951212682,4.712480834878271,6.207659699529826,LAGO_BE,MLP,COMPUTED
0,1045,5.672645568847656,26.398488998413086,0.7167464114832536,0.2832535885167464,7.605415546687168,5.83956553000403,5.451154300926975,1.6540778917523378,-4.7782128755415885,-2.7822047067161724,LAGO_BE,PatchTST,COMPUTED
1,1044,26.398488998413086,31.53485870361328,0.6695402298850575,0.33045977011494254,5.6813375639472055,4.989792493460835,3.803884058619824,1.6489256803103336,-2.7814554685648387,-1.5414120086408767,LAGO_BE,PatchTST,COMPUTED
2,1044,31.53485870361328,35.375722885131836,0.5229885057471264,0.47701149425287354,5.376610294803158,3.7902939961138498,2.8119053840637207,1.8080138027439627,-1.4476591942191195,-0.5243860465294179,LAGO_BE,PatchTST,COMPUTED
3,1045,35.375722885131836,39.40559310913086,0.5521531100478468,0.4478468899521531,5.763106354394447,4.913307956141284,3.1821170971154022,2.200409687535044,-1.4639264247469403,-0.4386024798656512,LAGO_BE,PatchTST,COMPUTED
4,1044,39.40559310913086,42.64938735961914,0.4396551724137931,0.5603448275862069,6.0897565106161275,4.708782919859275,2.6773929486329524,2.6385421533694213,-0.5718982119345583,0.5167850295470717,LAGO_BE,PatchTST,COMPUTED
5,1044,42.64938735961914,45.693108367919926,0.3936781609195402,0.6063218390804598,4.749776250834593,4.568571003315761,1.8698831792078714,2.7700243727000737,0.4687848641461667,1.3079861871573624,LAGO_BE,PatchTST,COMPUTED
6,1045,45.693108367919926,48.793765258789065,0.39712918660287083,0.6028708133971292,4.895378958460796,4.9308548881894065,1.9440978638863449,2.9726684971859583,0.5533515598942459,1.5108402171268611,LAGO_BE,PatchTST,COMPUTED
7,1044,48.793765258789065,52.55674438476562,0.3716475095785441,0.6283524904214559,4.576769848459775,5.38051546782982,1.700945116094246,3.3808602939620322,1.2520865958567402,2.1178363214488347,LAGO_BE,PatchTST,COMPUTED
8,1044,52.55674438476562,56.83324432373047,0.3045977011494253,0.6954022988505747,5.948410166134624,5.836248200787001,1.8118720620984776,4.05854041548981,1.608003090851848,2.8765043600542004,LAGO_BE,PatchTST,COMPUTED
9,1044,56.83324432373047,85.79959869384766,0.31896551724137934,0.6810344827586207,5.912287714961055,6.518069282027404,1.8858159090824056,4.439029942070387,1.9040534449054662,3.1791745433215817,LAGO_BE,PatchTST,COMPUTED
0,1045,-0.007221281994134188,26.980811691284178,0.7062200956937799,0.2937799043062201,7.351053041979534,6.060698339127077,5.191461382756838,1.7805113780976196,-4.350110404824084,-2.39079577824569,LAGO_BE,TCN,COMPUTED
1,1044,26.980811691284178,31.93991622924805,0.6120689655172413,0.3879310344827586,5.267846858184289,4.749964327871064,3.224285576992108,1.8426585754672231,-2.0043502764560057,-0.7323415878524381,LAGO_BE,TCN,COMPUTED
2,1044,31.93991622924805,36.01050567626953,0.4846743295019157,0.5153256704980843,5.661393678235442,4.1079125812062545,2.7439321850451472,2.116912805257629,-1.0952529159965918,-0.11960261755669933,LAGO_BE,TCN,COMPUTED
3,1045,36.01050567626953,39.84084854125977,0.49569377990430624,0.5043062200956938,5.710645417909364,4.819910281070948,2.8307314128966996,2.430710735047263,-0.9452885060722623,0.16799780674044787,LAGO_BE,TCN,COMPUTED
4,1044,39.84084854125977,43.61118507385254,0.40325670498084293,0.5967432950191571,5.586470950527599,4.8782866158033835,2.252781867980957,2.9110848291623643,0.18428575941665334,1.167349016156111,LAGO_BE,TCN,COMPUTED
5,1044,43.61118507385254,46.817661285400405,0.3448275862068966,0.6551724137931034,5.6182910919189455,5.218753215165166,1.9373417558341193,3.419183140970281,0.9820573531580669,1.9732990269153712,LAGO_BE,TCN,COMPUTED
6,1045,46.817661285400405,50.27054977416992,0.3129186602870813,0.6870813397129186,4.815560915419086,5.325371936171168,1.5068788701837712,3.6589636843740654,1.733973711076514,2.557417257175254,LAGO_BE,TCN,COMPUTED
7,1044,50.27054977416992,54.11017761230469,0.27586206896551724,0.7241379310344828,5.242767413457234,5.873477713771598,1.446280665781306,4.253207999627708,2.3290860726078035,3.2849384289324424,LAGO_BE,TCN,COMPUTED
8,1044,54.11017761230469,58.55965003967286,0.22988505747126436,0.7701149425287356,5.8531430721282955,7.138929189141117,1.3455501315237461,5.497796042212125,3.5033568202026792,4.7899450151450225,LAGO_BE,TCN,COMPUTED
9,1044,58.55965003967286,86.50890350341797,0.22126436781609196,0.7787356321839081,5.916944957914806,8.009381710676543,1.3092090855156324,6.237190929865928,4.230986374530683,5.601508782961049,LAGO_BE,TCN,COMPUTED
0,1045,-19.86394691467285,12.516048908233643,0.8889952153110048,0.11100478468899522,8.682311346815585,8.02337204088489,7.718533245159501,0.8906326858781314,-7.95228505630574,-5.72167792592042,LAGO_DE,Linear,COMPUTED
1,1044,12.516048908233643,19.094911575317383,0.8486590038314177,0.15134099616858238,5.2670642312439515,1.9157430884204334,4.469941483603583,0.28993046740462497,-4.593140061941362,-3.770385680019529,LAGO_DE,Linear,COMPUTED
2,1044,19.094911575317383,23.182044219970702,0.7835249042145593,0.2164750957854406,4.406590811489264,2.823021580687666,3.4526736434848826,0.6111138670837285,-3.221025900901296,-2.4496493918268647,LAGO_DE,Linear,COMPUTED
3,1045,23.182044219970702,26.479230499267576,0.7330143540669857,0.2669856459330144,3.6043289348911056,2.936005811110192,2.6420248460541504,0.7838714079423384,-2.1884374747938966,-1.5417531948621108,LAGO_DE,Linear,COMPUTED
4,1044,26.479230499267576,29.691062927246094,0.5363984674329502,0.46360153256704983,3.564964199066162,2.8601463983866795,1.912241332832424,1.3259682536581925,-0.9716210581167849,-0.20515151287432415,LAGO_DE,Linear,COMPUTED
5,1044,29.691062927246094,33.127017211914065,0.446360153256705,0.553639846743295,3.645897484644288,3.3217926718371964,1.6273833600040595,1.8390767857489458,-0.17035516890348798,0.5811710299066702,LAGO_DE,Linear,COMPUTED
6,1045,33.127017211914065,37.079989242553715,0.40095693779904307,0.5990430622009569,3.7648832189154797,4.298252230635085,1.509556046627355,2.574838178351735,0.6434226578067511,1.4476755517702031,LAGO_DE,Linear,COMPUTED
7,1044,37.079989242553715,41.2245491027832,0.3764367816091954,0.6235632183908046,3.7665093497162254,4.751049153083297,1.4178526575081194,2.9625795006295275,1.0649498441721785,2.021561206296929,LAGO_DE,Linear,COMPUTED
8,1044,41.2245491027832,46.87744827270508,0.35344827586206895,0.646551724137931,3.972088108217813,4.59333905255353,1.4039276934218132,2.9698312839785754,1.0151221718137529,2.1238707831627104,LAGO_DE,Linear,COMPUTED
9,1044,46.87744827270508,77.69419860839844,0.41762452107279696,0.5823754789272031,4.79468287021742,4.800499150627537,2.0023771373704933,2.7956929919363436,0.08237018466528025,1.478084325395009,LAGO_DE,Linear,COMPUTED
0,1045,-13.369196891784668,12.847904968261718,0.8813397129186603,0.11866028708133972,7.681915039621318,7.353072873466918,6.770376795685391,0.8725177380955961,-6.891267466351892,-4.974393702741329,LAGO_DE,LSTM,COMPUTED
1,1044,12.847904968261718,19.383935165405273,0.8295019157088123,0.17049808429118773,4.960015979705176,2.009094123090251,4.114342757111765,0.3425466991475715,-4.1788259364512905,-3.3520780789925846,LAGO_DE,LSTM,COMPUTED
2,1044,19.383935165405273,23.738617324829104,0.774904214559387,0.22509578544061304,4.096138905830525,2.5515617695260557,3.1741153015487495,0.5743458006117079,-2.9373426180535933,-2.2973757141563507,LAGO_DE,LSTM,COMPUTED
3,1045,23.738617324829104,27.074203872680663,0.6717703349282297,0.3282296650717703,3.1575478828191077,2.5922193082359026,2.1211469987933147,0.8508432753348465,-1.5656393723636777,-0.9577623762565657,LAGO_DE,LSTM,COMPUTED
4,1044,27.074203872680663,30.14380645751953,0.48946360153256707,0.5105363984674329,2.98808697665041,3.0941374816321967,1.4625598132838693,1.5796698062355947,-0.23176337527880853,0.4557724690096167,LAGO_DE,LSTM,COMPUTED
5,1044,30.14380645751953,33.32711868286133,0.42337164750957856,0.5766283524904214,3.467211887307836,3.4945660033495325,1.4679192089943138,2.0150658371804773,0.16189538775798015,0.9170038460067919,LAGO_DE,LSTM,COMPUTED
6,1045,33.32711868286133,36.81546325683594,0.4229665071770335,0.5770334928229665,3.4893314827621253,4.247854340333448,1.4758703496467553,2.4511542270058073,0.5508745833780775,1.366447328186932,LAGO_DE,LSTM,COMPUTED
7,1044,36.81546325683594,40.59833755493164,0.42911877394636017,0.5708812260536399,3.6078446337154935,4.673089961877605,1.5481938658089474,2.6677793268956447,0.6568528518585862,1.565018185727323,LAGO_DE,LSTM,COMPUTED
8,1044,40.59833755493164,46.06352653503418,0.43199233716475094,0.5680076628352491,3.953754543465151,4.252947770322957,1.7079916658072636,2.4157069231815265,0.17165442392078517,1.307631211919795,LAGO_DE,LSTM,COMPUTED
9,1044,46.06352653503418,77.06552124023438,0.45977011494252873,0.5402298850574713,4.768951392173767,4.2006040464901755,2.192621329735065,2.269291841207336,-0.6069546791857776,0.756028547218578,LAGO_DE,LSTM,COMPUTED
0,1045,-87.28160858154297,13.356648159027099,0.9167464114832536,0.08325358851674641,12.891590047904264,5.960832618540902,11.81831891472946,0.4962607060412043,-13.087978166259786,-9.569083327640273,LAGO_DE,MLP,COMPUTED
1,1044,13.356648159027099,20.35760459899902,0.7480842911877394,0.25191570881226055,5.589872443263876,2.7860470343905255,4.181695764548934,0.7018490134527857,-3.9992849591080137,-2.980968260549546,LAGO_DE,MLP,COMPUTED
2,1044,20.35760459899902,24.61249580383301,0.6772030651340997,0.3227969348659004,4.1008824344403,3.4721015850938746,2.7771301543575597,1.1207837492113368,-2.0407423680526526,-1.2710530700398313,LAGO_DE,MLP,COMPUTED
3,1045,24.61249580383301,27.684221267700195,0.5866028708133971,0.4133971291866029,3.2745122987333364,3.6258031328519187,1.9208383149507513,1.498896606116774,-0.7927102983771981,-0.04279194762967413,LAGO_DE,MLP,COMPUTED
4,1044,27.684221267700195,30.52745819091797,0.4703065134099617,0.5296934865900383,3.3348583330204917,3.655839628595556,1.5684055953190243,1.9364744392848108,0.01049760966902911,0.7001521691993163,LAGO_DE,MLP,COMPUTED
5,1044,30.52745819091797,33.27663269042969,0.4003831417624521,0.5996168582375478,3.6477311421809584,3.9202731501180144,1.46049005501115,2.3506618697067787,0.5084885592215026,1.2403044559883913,LAGO_DE,MLP,COMPUTED
6,1045,33.27663269042969,36.79108352661133,0.4172248803827751,0.5827751196172248,3.9990505515982253,4.733437245311016,1.6685033880352405,2.758529456836755,0.6241454300126912,1.525205109891286,LAGO_DE,MLP,COMPUTED
7,1044,36.79108352661133,40.563175964355466,0.4674329501915709,0.5325670498084292,4.028531754603152,5.397234292339078,1.8830684829945765,2.874389144195908,0.46378083463164216,1.4988502191676543,LAGO_DE,MLP,COMPUTED
8,1044,40.563175964355466,46.76657676696779,0.4166666666666667,0.5833333333333334,4.0779003362546025,5.187860181961937,1.6991251401060845,3.02625177281113,0.7684959934327318,1.8409930017883656,LAGO_DE,MLP,COMPUTED
9,1044,46.76657676696779,92.19053649902344,0.35153256704980845,0.6484674329501916,4.763941928541303,6.355935610907821,1.6746807354163395,4.121617249602102,1.5903384467795616,3.2612942519774095,LAGO_DE,MLP,COMPUTED
0,1045,-13.93738079071045,14.002826309204101,0.830622009569378,0.16937799043062202,6.378738481143687,6.937972365357613,5.298320575725091,1.1751398169074618,-5.114089725322451,-3.1236774626211696,LAGO_DE,PatchTST,COMPUTED
1,1044,14.002826309204101,19.831000518798827,0.7346743295019157,0.2653256704980843,4.946811179915805,2.324727607548022,3.6342951867772246,0.6168099111980863,-3.4479638519102744,-2.5943379904774697,LAGO_DE,PatchTST,COMPUTED
2,1044,19.831000518798827,23.86016731262207,0.7308429118773946,0.26915708812260536,4.068730550543509,2.709382759718708,2.973602883203733,0.729249574215476,-2.6107723397306764,-1.9268817453903802,LAGO_DE,PatchTST,COMPUTED
3,1045,23.86016731262207,27.022837448120118,0.6679425837320574,0.3320574162679426,3.293897820065561,2.8509568453522167,2.2001346204839822,0.9466813639590616,-1.5837743796053387,-0.9190558205525071,LAGO_DE,PatchTST,COMPUTED
4,1044,27.022837448120118,30.00169849395752,0.5344827586206896,0.46551724137931033,3.077843334512471,3.1938468203132535,1.6450541960325276,1.4867907611803077,-0.5003874106360412,0.1883809158510214,LAGO_DE,PatchTST,COMPUTED
5,1044,30.00169849395752,33.0295867919922,0.4578544061302682,0.5421455938697318,3.593734278339721,3.499327619168447,1.6454070737992208,1.8971450502388323,-0.137158529814581,0.6146789348182496,LAGO_DE,PatchTST,COMPUTED
6,1045,33.0295867919922,36.41066474914551,0.4631578947368421,0.5368421052631579,4.016006304212838,4.3389937320920025,1.8600450251091039,2.329354529859917,0.0191544306238571,0.921168112829168,LAGO_DE,PatchTST,COMPUTED
7,1044,36.41066474914551,40.27498092651367,0.4616858237547893,0.5383141762452107,3.8647747593796598,4.91682470735706,1.7843117184109158,2.6467964420830152,0.36351330186373954,1.3512667238644798,LAGO_DE,PatchTST,COMPUTED
8,1044,40.27498092651367,45.51841621398927,0.4521072796934866,0.5478927203065134,3.9146102080910894,4.64711042550894,1.7698237722404158,2.5461179725968517,0.20934815192702577,1.3432693789871994,LAGO_DE,PatchTST,COMPUTED
9,1044,45.51841621398927,76.40411376953125,0.5172413793103449,0.4827586206896552,4.8114656801576965,4.114939390666901,2.4886891449091535,1.9865224644598833,-1.1740626391711897,0.17320753024401186,LAGO_DE,PatchTST,COMPUTED
0,1045,-11.705233573913574,13.668754768371581,0.8526315789473684,0.14736842105263157,6.794564728212243,7.081529171798717,5.793260452475701,1.0435937726861266,-5.703485205445145,-3.857196813299973,LAGO_DE,TCN,COMPUTED
1,1044,13.668754768371581,19.86046447753906,0.7509578544061303,0.24904214559386972,4.978074414389474,2.268967180985671,3.738324081303973,0.5650684550347456,-3.6314380852623707,-2.7363345504302194,LAGO_DE,TCN,COMPUTED
2,1044,19.86046447753906,23.981787490844734,0.7308429118773946,0.26915708812260536,3.9797504445047243,2.730539640922139,2.908572403407188,0.7349440987539474,-2.4984293631072108,-1.8430448683503295,LAGO_DE,TCN,COMPUTED
3,1045,23.981787490844734,27.15358657836914,0.6583732057416268,0.3416267942583732,3.203880565111027,2.6754630379984023,2.109349118465442,0.9140098608281624,-1.5231712102573434,-0.8934993033912116,LAGO_DE,TCN,COMPUTED
4,1044,27.15358657836914,30.061739921569824,0.49808429118773945,0.5019157088122606,2.983328437805176,3.2249613354224285,1.485949030324417,1.6186587545606825,-0.21596781901975023,0.4772251543222501,LAGO_DE,TCN,COMPUTED
5,1044,30.061739921569824,33.136268615722656,0.4396551724137931,0.5603448275862069,3.658100373345003,3.4277289871476655,1.6083027503499583,1.920710208315502,-0.07793141620052228,0.6702009417758967,LAGO_DE,TCN,COMPUTED
6,1045,33.136268615722656,36.601386642456056,0.415311004784689,0.584688995215311,3.6720803695889663,4.196273781859153,1.5250553879441258,2.4535151011635814,0.5093052954173604,1.3314120233273186,LAGO_DE,TCN,COMPUTED
7,1044,36.601386642456056,40.36107482910156,0.43486590038314177,0.5651340996168582,3.784343408592997,4.622928490072994,1.6456819037368013,2.6125745298305234,0.4952257008821291,1.416002466679844,LAGO_DE,TCN,COMPUTED
8,1044,40.36107482910156,45.84931182861328,0.4444444444444444,0.5555555555555556,3.659022799853621,4.133226213784053,1.626232355490498,2.2962367854355854,0.16399666378244573,1.134253165036724,LAGO_DE,TCN,COMPUTED
9,1044,45.84931182861328,77.03087615966797,0.5,0.5,4.93341117069639,4.019903752995633,2.466705585348195,2.0099518764978166,-1.1705997250007574,0.2314214912268495,LAGO_DE,TCN,COMPUTED
0,1045,-2.4940409660339355,19.341267013549803,0.5971291866028708,0.4028708133971292,4.87111545394724,3.4162000847046845,2.9086852088641897,1.376287306852318,-2.1060981554974134,-0.8833146399092603,LAGO_FR,Linear,COMPUTED
1,1044,19.341267013549803,24.63895149230957,0.4837164750957854,0.5162835249042146,5.1606610968561455,4.82350484978456,2.4962967949352044,2.4902960862393466,-0.5554971876540226,0.5797331420356014,LAGO_FR,Linear,COMPUTED
2,1044,24.63895149230957,29.005192375183107,0.5277777777777778,0.4722222222222222,4.789337355515053,4.786792327617777,2.5277058265218333,2.26042971026395,-0.7782557537222188,0.2594129582632388,LAGO_FR,Linear,COMPUTED
3,1045,29.005192375183107,33.58067245483398,0.47368421052631576,0.5263157894736842,5.072641415066189,4.917047103535046,2.402830143978721,2.58791952817634,-0.3400719875757806,0.7332514141234159,LAGO_FR,Linear,COMPUTED
4,1044,33.58067245483398,37.9942741394043,0.46934865900383144,0.5306513409961686,5.219048581804548,5.67256471482425,2.4495534531458127,3.010154072809037,-0.02853433778831783,1.162256314251539,LAGO_FR,Linear,COMPUTED
5,1044,37.9942741394043,41.973680114746095,0.43486590038314177,0.5651340996168582,4.759023237858575,5.497924959861626,2.069536925275664,3.1070648719524514,0.4856301321886565,1.5787047505996152,LAGO_FR,Linear,COMPUTED
6,1045,41.973680114746095,45.81208801269531,0.4019138755980861,0.5980861244019139,4.886837932041713,5.2106446990966795,1.9640879726866214,3.1164142937181096,0.6361413891814733,1.655778236679139,LAGO_FR,Linear,COMPUTED
7,1044,45.81208801269531,50.07880477905273,0.3381226053639847,0.6618773946360154,4.563258562817452,5.783627991738436,1.5429408742093491,3.828052626715766,1.6353100820853477,2.916457326030203,LAGO_FR,Linear,COMPUTED
8,1044,50.07880477905273,56.74420051574708,0.28544061302681994,0.7145593869731801,4.887439727783203,5.8062690167260875,1.3950737920300715,4.148924029193163,2.167341606358515,3.320302009977082,LAGO_FR,Linear,COMPUTED
9,1044,56.74420051574708,87.25687408447266,0.1781609195402299,0.8218390804597702,5.783337029077673,8.809465448339502,1.0303646431115394,7.239962983405453,5.352548807926289,7.005214319344374,LAGO_FR,Linear,COMPUTED
0,1045,0.4991582930088043,16.99003028869629,0.7885167464114833,0.21148325358851675,5.399472583663984,2.9497766083789085,4.25757455400873,0.6238283544992715,-4.179846367933069,-3.015691239854089,LAGO_FR,LSTM,COMPUTED
1,1044,16.99003028869629,23.30792808532715,0.603448275862069,0.39655172413793105,4.970113254728771,3.7128811095647767,2.9992062744052927,1.4723494055170667,-2.0226041984015106,-1.0348623200535103,LAGO_FR,LSTM,COMPUTED
2,1044,23.30792808532715,28.910994338989262,0.5862068965517241,0.41379310344827586,3.8825348810432785,4.757119377454122,2.2759687233701977,1.9684631906706709,-0.7961704601533611,0.16800089285513956,LAGO_FR,LSTM,COMPUTED
3,1045,28.910994338989262,34.00380935668945,0.45933014354066987,0.5406698564593302,4.059955716133118,4.560148261078691,1.8648600418601882,2.46553470575068,0.057069401049462655,1.132359662648115,LAGO_FR,LSTM,COMPUTED
4,1044,34.00380935668945,38.344932556152344,0.41762452107279696,0.5823754789272031,3.5554753312277136,4.652451781850112,1.484853682390118,2.7094738346406784,0.8030848442032748,1.662662753308107,LAGO_FR,LSTM,COMPUTED
5,1044,38.344932556152344,42.46433792114258,0.36398467432950193,0.6360153256704981,3.506361840900622,4.76062020336289,1.2762619727416058,3.027827409035402,1.3367306980964897,2.1742303464174273,LAGO_FR,LSTM,COMPUTED
6,1045,42.46433792114258,46.547066879272464,0.3435406698564593,0.6564593301435406,3.861954904200307,4.505760115020129,1.3267385747444116,2.9578482668935964,1.242600135019993,2.06284109431049,LAGO_FR,LSTM,COMPUTED
7,1044,46.547066879272464,51.17375564575195,0.27586206896551724,0.7241379310344828,3.50562314192454,4.903721236678027,0.9670684529447007,3.550970550697882,2.1571902623688834,3.0217791169238786,LAGO_FR,LSTM,COMPUTED
8,1044,51.17375564575195,56.90209655761719,0.23467432950191572,0.7653256704980843,3.8368306218361368,5.155345506154849,0.9004056535918138,3.945518256147246,2.5893868367667876,3.49395947381999,LAGO_FR,LSTM,COMPUTED
9,1044,56.90209655761719,96.63551330566406,0.19923371647509577,0.8007662835249042,5.1516328408167915,7.136493436457438,1.0263789567910848,5.714663326511895,3.99095548132225,5.349658023033305,LAGO_FR,LSTM,COMPUTED
0,1045,-5.233010292053223,19.57784652709961,0.6526315789473685,0.3473684210526316,5.094956107464922,3.9526633768247508,3.3251292490823703,1.3730304361601766,-2.561219374376198,-1.2894647960857983,LAGO_FR,MLP,COMPUTED
1,1044,19.57784652709961,25.552728271484376,0.48084291187739464,0.5191570881226054,4.253299321786341,5.239640698551692,2.045168830973892,2.7201966078687905,0.16479266575859886,1.2333280657663042,LAGO_FR,MLP,COMPUTED
2,1044,25.552728271484376,30.565719604492188,0.4051724137931034,0.5948275862068966,3.218957851400894,5.2166235719518,1.3042329225503622,3.102991607454088,1.3095150404755933,2.2874250413942825,LAGO_FR,MLP,COMPUTED
3,1045,30.565719604492188,35.291236877441406,0.3588516746411483,0.6411483253588517,3.638135548909505,5.207069247516234,1.3055510342976693,3.3385037280726095,1.464821131489083,2.5458800145788807,LAGO_FR,MLP,COMPUTED
4,1044,35.291236877441406,39.37810516357422,0.36398467432950193,0.6360153256704981,3.5289692125822367,5.583415943455983,1.2844907095605844,3.5511381096310086,1.7524022207070113,2.750817583691103,LAGO_FR,MLP,COMPUTED
5,1044,39.37810516357422,43.30196380615235,0.32950191570881227,0.6704980842911877,3.575828973637071,5.274434364863804,1.1782424970604908,3.5364981373607884,1.913790086926264,2.8029439759941206,LAGO_FR,MLP,COMPUTED
6,1045,43.30196380615235,47.54571266174317,0.2755980861244019,0.724401913875598,3.6835970083872476,5.440546343159644,1.0151922855650979,3.9411421835137324,2.4664087695034866,3.38721066665812,LAGO_FR,MLP,COMPUTED
7,1044,47.54571266174317,52.29993438720703,0.21455938697318008,0.7854406130268199,3.541418824877058,5.8067124483062,0.7598446520809014,4.5608277850680885,3.3597539703686907,4.243210737900894,LAGO_FR,MLP,COMPUTED
8,1044,52.29993438720703,57.74465522766114,0.18007662835249041,0.8199233716475096,4.260287913870304,5.9993575844809275,0.7671782833406294,4.919013498386661,3.6930008700119794,4.596744353507904,LAGO_FR,MLP,COMPUTED
9,1044,57.74465522766114,82.83003234863281,0.2193486590038314,0.7806513409961686,5.470394251127951,6.844348008793556,1.1999236432071847,5.343049451309146,3.498989814459824,4.8031352139967325,LAGO_FR,MLP,COMPUTED
0,1045,-3.854910373687744,18.25407886505127,0.691866028708134,0.30813397129186604,5.0890070879793265,3.2189616983212668,3.520911124027802,0.9918714515401416,-3.0753661128170084,-1.9253741559105222,LAGO_FR,PatchTST,COMPUTED
1,1044,18.25407886505127,24.177799224853516,0.5440613026819924,0.4559386973180077,4.548328362720113,4.263326425011418,2.4745694540469585,1.9438154964611447,-1.0288702990736633,-0.0022703930173939768,LAGO_FR,PatchTST,COMPUTED
2,1044,24.177799224853516,29.21991138458252,0.5191570881226054,0.48084291187739464,3.8823552360393903,4.34541295914061,2.0155522393997605,2.089461020582937,-0.3957978741075824,0.5561376447627475,LAGO_FR,PatchTST,COMPUTED
3,1045,29.21991138458252,33.998564910888675,0.4698564593301435,0.5301435406698565,4.0408701653878705,4.49112270368996,1.8986289485219563,2.380939691716974,0.0035669114563365053,0.9669179640230638,LAGO_FR,PatchTST,COMPUTED
4,1044,33.998564910888675,38.33877372741699,0.4185823754789272,0.5814176245210728,3.96421592241021,5.112046254329273,1.6593509177138521,2.972233789633974,0.7938786410025612,1.7997463678706636,LAGO_FR,PatchTST,COMPUTED
5,1044,38.33877372741699,42.10035781860351,0.3946360153256705,0.6053639846743295,3.516004127206154,4.721718954134591,1.3875418586292485,2.8583586005872235,1.060464413158619,1.8770550343563204,LAGO_FR,PatchTST,COMPUTED
6,1045,42.10035781860351,45.72191696166992,0.36076555023923446,0.6392344497607656,4.027012276080306,4.516608912073924,1.4528072996002637,2.887172012694145,1.0005378454022889,1.8701597499975902,LAGO_FR,PatchTST,COMPUTED
7,1044,45.72191696166992,50.01134490966796,0.34770114942528735,0.6522988505747126,3.554827361724265,4.547631685254157,1.2360175596799887,2.96641492112843,1.3208531591015489,2.135382154671725,LAGO_FR,PatchTST,COMPUTED
8,1044,50.01134490966796,55.98846435546875,0.303639846743295,0.696360153256705,3.660361413323917,4.64033373448347,1.1114315785667448,3.231343510507167,1.6826916860986247,2.5682571097477216,LAGO_FR,PatchTST,COMPUTED
9,1044,55.98846435546875,95.36094665527344,0.2567049808429119,0.7432950191570882,4.7496770602553635,6.338138496752867,1.219265758762871,4.7111067753642,2.8962927868634827,4.090920435864529,LAGO_FR,PatchTST,COMPUTED
0,1045,-3.097860813140869,17.546959114074706,0.7655502392344498,0.23444976076555024,5.560346176032908,3.2089605533042733,4.256724345288351,0.7523400340282747,-4.0556472870823015,-2.8687729587960282,LAGO_FR,TCN,COMPUTED
1,1044,17.546959114074706,23.949229049682618,0.578544061302682,0.421455938697318,4.5356575605885086,4.170177376812155,2.6240777457810913,1.757546020878686,-1.3613601818184815,-0.37652696662279056,LAGO_FR,TCN,COMPUTED
2,1044,23.949229049682618,29.349661254882815,0.5325670498084292,0.4674329501915709,3.618567219741053,4.431047257829885,1.9271296687509825,2.0712174921656934,-0.3247224515539216,0.627131924947186,LAGO_FR,TCN,COMPUTED
3,1045,29.349661254882815,34.307098388671875,0.4583732057416268,0.5416267942583732,3.7696792666250083,4.486247347437451,1.7279199700606498,2.429871769042677,0.1929256030734291,1.1952191091941327,LAGO_FR,TCN,COMPUTED
4,1044,34.307098388671875,38.570037841796875,0.40325670498084293,0.5967432950191571,3.411375603030243,5.087060727812888,1.3756600851300118,3.0356693806776147,1.1639661088822844,2.1566542154474657,LAGO_FR,TCN,COMPUTED
5,1044,38.570037841796875,42.577384185791026,0.3649425287356322,0.6350574712643678,3.3068038459837905,4.968247930029039,1.2067933575860386,3.155122967058672,1.5154228190562322,2.3980454549588837,LAGO_FR,TCN,COMPUTED
6,1045,42.577384185791026,46.39036178588868,0.35119617224880384,0.6488038277511962,3.615446677974524,4.784740355162494,1.2697310342743067,3.104357857225044,1.4216045307507013,2.2570137670415105,LAGO_FR,TCN,COMPUTED
7,1044,46.39036178588868,51.05042495727539,0.30842911877394635,0.6915708812260536,3.4601659241670406,4.808108591306903,1.0672159268024781,3.325147895520674,1.8400215842816572,2.674265143787573,LAGO_FR,TCN,COMPUTED
8,1044,51.05042495727539,56.908681869506836,0.2471264367816092,0.7528735632183908,3.849151907041091,5.19541702561706,0.9512271954182007,3.91149212848181,2.534104655006326,3.423717883861698,LAGO_FR,TCN,COMPUTED
9,1044,56.908681869506836,90.87049102783203,0.19731800766283525,0.8026819923371648,5.357966339703903,6.775114933460026,1.057223243274908,5.438262753102971,3.7662262722075455,4.981419814718005,LAGO_FR,TCN,COMPUTED
0,1045,-0.2186681032180786,14.363506031036376,0.8746411483253589,0.12535885167464114,5.603807120797931,2.6478964008447776,4.901320295128526,0.3319372521633166,-5.00344312439182,-4.093666995884485,LAGO_PJM,Linear,COMPUTED
1,1044,14.363506031036376,18.214278411865234,0.8620689655172413,0.13793103448275862,3.8959412161509195,1.877080327934689,3.3585700139232064,0.2589076314392674,-3.360346663084132,-2.8095807976579463,LAGO_PJM,Linear,COMPUTED
2,1044,18.214278411865234,21.36705017089844,0.7413793103448276,0.25862068965517243,3.090307361395784,2.0287988698041,2.2910899403451506,0.5246893628803707,-2.0473969204908213,-1.4725104894179193,LAGO_PJM,Linear,COMPUTED
3,1045,21.36705017089844,24.076715850830077,0.5578947368421052,0.4421052631578947,3.3954045866611278,2.291521592573686,1.894278348347787,1.0130937567167875,-1.196883277801441,-0.5348413027678542,LAGO_PJM,Linear,COMPUTED
4,1044,24.076715850830077,26.602031707763672,0.4003831417624521,0.5996168582375478,3.2537012145850075,2.980994396697218,1.3027271146518515,1.7874544945713202,0.13036144628748844,0.8825961735227951,LAGO_PJM,Linear,COMPUTED
5,1044,26.602031707763672,29.11906929016114,0.29310344827586204,0.7068965517241379,3.144976403978136,3.87586290984942,0.9218034287522122,2.7398341259280383,1.4792362907463665,2.173104976300482,LAGO_PJM,Linear,COMPUTED
6,1045,29.11906929016114,32.05806694030762,0.2755980861244019,0.724401913875598,3.7149820725123086,4.799774719197967,1.0238419491708564,3.4769659927587186,2.0055655317322967,2.941102439967122,LAGO_PJM,Linear,COMPUTED
7,1044,32.05806694030762,35.66989669799805,0.2222222222222222,0.7777777777777778,3.797429314975081,6.134836304951184,0.8438731811055735,4.771539348295366,3.3940114240412314,4.4920452293775375,LAGO_PJM,Linear,COMPUTED
8,1044,35.66989669799805,42.03411521911623,0.11781609195402298,0.882183908045977,3.4931085477999555,7.472413815841095,0.41154439787298325,6.592043222595448,5.616311103582032,6.717703130671267,LAGO_PJM,Linear,COMPUTED
9,1044,42.03411521911623,85.37174224853516,0.14367816091954022,0.8563218390804598,7.579623769124349,8.717723074108696,1.0890264036098203,7.4651766554149175,5.388924206203565,7.269873228084449,LAGO_PJM,Linear,COMPUTED
0,1045,3.0521345138549805,17.349370002746582,0.5320574162679426,0.46794258373205744,2.1506035285030336,2.444026439711604,1.1442445567920447,1.1436640469081094,-0.3317233207346622,0.3261567241854973,LAGO_PJM,LSTM,COMPUTED
1,1044,17.349370002746582,20.049271011352538,0.5565134099616859,0.4434865900383142,1.6935969991240771,1.6135838832505063,0.9425094410834185,0.7156028141235483,-0.4221053779814415,-0.026401252503168247,LAGO_PJM,LSTM,COMPUTED
2,1044,20.049271011352538,21.913706398010255,0.5153256704980843,0.4846743295019157,1.5334050770585865,1.4177960501357971,0.7902029994803828,0.6871693499700319,-0.2617472533394476,0.06202530410057466,LAGO_PJM,LSTM,COMPUTED
3,1045,21.913706398010255,23.623406982421873,0.4813397129186603,0.5186602870813397,1.5033987018744466,1.4930489300801746,0.7236454995625327,0.7743851867018704,-0.09929053692690465,0.2052985251817802,LAGO_PJM,LSTM,COMPUTED
4,1044,23.623406982421873,25.36352252960205,0.42911877394636017,0.5708812260536399,1.7787975754056657,1.6474262259950574,0.7633154346568374,0.9404847037289792,0.010387349532786076,0.34914165884102955,LAGO_PJM,LSTM,COMPUTED
5,1044,25.36352252960205,27.204718017578127,0.42528735632183906,0.5747126436781609,2.010294742412395,1.8946999883651734,0.85495293642826,1.0889080392903294,0.046720408928361136,0.4202118788696274,LAGO_PJM,LSTM,COMPUTED
6,1045,27.204718017578127,29.316989517211915,0.40382775119617226,0.5961722488038278,2.4850129132022225,2.2981998174186695,1.0035171764319024,1.3701229533510346,0.1116928875537273,0.6247916606567787,LAGO_PJM,LSTM,COMPUTED
7,1044,29.316989517211915,32.10175399780273,0.460727969348659,0.539272030651341,2.75305853464995,2.720740072680621,1.2684110681672662,1.4672190238689555,-0.09701704442099164,0.48043984719780836,LAGO_PJM,LSTM,COMPUTED
8,1044,32.10175399780273,36.62785148620606,0.5009578544061303,0.4990421455938697,3.175764722076474,3.219062724635148,1.5909242812701112,1.6064479689031725,-0.370094542550007,0.3728644913949253,LAGO_PJM,LSTM,COMPUTED
9,1044,36.62785148620606,101.83502197265625,0.47413793103448276,0.5258620689655172,5.450533464219835,5.449952554615903,2.5843046597594044,2.865923326134225,-0.7113104519817313,1.2772274117002205,LAGO_PJM,LSTM,COMPUTED
0,1045,4.084897041320801,16.726231002807616,0.6602870813397129,0.3397129186602871,3.0184665064880813,2.573298621177673,1.9930544396906948,0.8741827851847598,-1.506746438813268,-0.722722786429612,LAGO_PJM,MLP,COMPUTED
1,1044,16.726231002807616,19.508280563354493,0.6513409961685823,0.3486590038314176,2.0117807332207174,1.9427126754116226,1.310355266848743,0.6773442661396846,-0.8404016683270733,-0.42374604380439973,LAGO_PJM,MLP,COMPUTED
2,1044,19.508280563354493,21.7505823135376,0.6111111111111112,0.3888888888888889,1.5910663963485288,1.6185741336474866,0.972318353324101,0.629445496418467,-0.5071092486534363,-0.1743644232479164,LAGO_PJM,MLP,COMPUTED
3,1045,21.7505823135376,23.881314086914063,0.4995215311004785,0.5004784688995215,1.6418909021721033,1.6154989740360763,0.8201598573529549,0.8085224530343234,-0.16956759300013122,0.15522335929980943,LAGO_PJM,MLP,COMPUTED
4,1044,23.881314086914063,25.842997550964355,0.40900383141762453,0.5909961685823755,1.9318257048202623,1.9344662414377667,0.7901241149025402,1.1432621369416687,0.15683194767532943,0.5531151364835244,LAGO_PJM,MLP,COMPUTED
5,1044,25.842997550964355,27.62189407348633,0.39080459770114945,0.6091954022988506,2.18086958399006,2.318291643130704,0.8522938604099085,1.4122926101830726,0.3297283312997273,0.802397223569079,LAGO_PJM,MLP,COMPUTED
6,1045,27.62189407348633,29.893125915527346,0.36555023923444974,0.6344497607655503,2.7058625046495366,2.8286737985740418,0.9891286859101655,1.794651414789081,0.5369940030103887,1.0640755489040654,LAGO_PJM,MLP,COMPUTED
7,1044,29.893125915527346,32.99076461791992,0.40229885057471265,0.5977011494252874,3.065826479593913,3.454968354640863,1.233378468802149,2.065038556796838,0.503382669784091,1.1714553248129838,LAGO_PJM,MLP,COMPUTED
8,1044,32.99076461791992,37.833760070800786,0.3505747126436782,0.6494252873563219,3.1095924794348213,3.9566225006868705,1.0901444899168051,2.56953070446906,1.0909235737333733,1.8639018146852209,LAGO_PJM,MLP,COMPUTED
9,1044,37.833760070800786,94.12498474121094,0.3486590038314176,0.6513409961685823,5.364178699451489,5.506840147691615,1.8702692017244653,3.5868307475385994,0.772057435225447,2.6082298059513285,LAGO_PJM,MLP,COMPUTED
