dataset,backbone,evidence_status,normal_mu,normal_sigma,normal_s2_nll,normal_s3_nll,laplace_mu,laplace_b,laplace_s2_nll,laplace_s3_nll,t_mu,t_sigma,t_nu,t_s2_nll,t_s3_nll,t_vs_normal_diff,t_vs_normal_ci_lo,t_vs_normal_ci_hi,t_vs_laplace_diff,t_vs_laplace_ci_lo,t_vs_laplace_ci_hi
LAGO_BE,Linear,COMPUTED,1.0386905640029116,8.488759100641948,3.5576813627326542,6.756023332569593,1.374495506286621,6.308720771583922,3.535080106225142,4.188050161022332,1.374495506286621,6.99619694729628,7.0,3.511758039070991,4.113238738091768,-2.642784594477824,-4.210484310576448,-0.3864908511266798,-0.0748114229305643,-0.13962424720266778,0.017542489238615722
LAGO_BE,LSTM,COMPUTED,-0.4275334270603952,7.608607947027073,3.448218764170445,7.138274093713663,-0.0034656524658203125,5.560681246811391,3.408867807721616,4.119553721170724,-0.0034656524658203125,6.17082358268376,7.0,3.389975094371256,4.024192465395394,-3.1140816283182686,-4.99842548810429,-0.40086374769782374,-0.09536125577532935,-0.17349770004075246,0.017584290666352104
LAGO_BE,MLP,COMPUTED,0.9325081750972404,8.345285039706502,3.5406352466801936,6.936485559043257,1.0613651275634766,6.145882451140983,3.508929518009996,4.2012723941131505,1.0613651275634766,6.811127826915208,7.0,3.488044817604346,4.104323177364399,-2.832162381678858,-4.581648044595031,-0.3332950275859716,-0.09694921674875125,-0.16878905620249446,0.008138856314999445
LAGO_BE,PatchTST,COMPUTED,0.045079786902238635,7.50607345949298,3.43465102063926,7.284126047639602,0.47352027893066406,5.458502291080377,3.390321627025145,4.12807153396599,0.47352027893066406,6.038965770801995,7.0,3.3704034873792073,4.027469889319035,-3.2566561583205673,-5.268031504591178,-0.41213391604282595,-0.10060164464695469,-0.18381183787102767,0.019056604786618643
LAGO_BE,TCN,COMPUTED,1.035571328698845,7.7538579803595225,3.4671290566240205,7.02630867996142,1.4998970031738281,5.65505233678646,3.42569654504302,4.11829504713582,1.4998970031738281,6.280567658723385,7.0,3.4089574294798597,4.025100555260212,-3.0012081247012077,-4.854640816247977,-0.35757608266027524,-0.09319449187560795,-0.17038092894643062,0.01913579596561093
LAGO_DE,Linear,COMPUTED,-1.111953613987943,5.974355253346729,3.2064147178101567,3.2040094368117478,-1.018601417541504,4.436844889384618,3.183090693901803,3.1281311960664646,-1.018601417541504,4.9266661919009165,7.0,3.164956255400652,3.089983743694524,-0.11402569311722445,-0.18209830790774126,-0.00953692029050298,-0.038147452371940595,-0.04678308827417563,-0.02907588406039675
LAGO_DE,LSTM,COMPUTED,-0.9998379449773122,5.5493715062619104,3.1326232124356723,3.031905345089991,-0.946537971496582,4.131964341788159,3.111900102009568,2.9093269993587993,-0.946537971496582,4.607962298115207,7.0,3.096534027348988,2.889665867586004,-0.14223947750398694,-0.21153501387138257,-0.036372589110992705,-0.0196611317727953,-0.029193769428796673,-0.009124711457995444
LAGO_DE,MLP,COMPUTED,-0.9762642522009799,7.731279836187633,3.4642129495232448,3.247443466425739,-0.6287670135498047,5.127283099944466,3.327723089302356,3.1515370581723374,-0.6287670135498047,5.024562942085865,4.0,3.3036199063744855,3.131202653785283,-0.11624081264045621,-0.14196650831553942,-0.08284807418565504,-0.020334404387054694,-0.02626007799634773,-0.014369980077399754
LAGO_DE,PatchTST,COMPUTED,-0.89410464148091,5.4789228997230595,3.119847063700462,3.0547359092797697,-1.0031423568725586,4.078903022451573,3.0989752657786087,2.9137134153001885,-1.0031423568725586,4.535636192822936,7.0,3.0791609947011107,2.8984311747999523,-0.15630473447981721,-0.23352912641059406,-0.03770195628842749,-0.015282240500236202,-0.025985129065386664,-0.003848816261422056
LAGO_DE,TCN,COMPUTED,-0.8739721138060252,5.417910728511152,3.108648799897419,3.0431862549928494,-0.8112702369689941,4.047686703010184,3.0912927140484863,2.91873802144352,-0.8112702369689941,4.510992947876586,7.0,3.07238827273066,2.898591211839027,-0.14459504315382224,-0.21831300436429432,-0.03195404418670023,-0.020146809604492867,-0.030386738982570067,-0.009063014124825566
LAGO_FR,Linear,COMPUTED,1.2361272196626067,6.786953748440822,3.333940736175038,3.3161562252977475,1.299178123474121,5.292251291466868,3.3593909108452977,3.3436987751894924,1.299178123474121,6.304652037012993,15.0,3.328662504976545,3.3092676949787965,-0.006888530318951467,-0.011997985398463031,-0.001015776964139328,-0.03443108021069565,-0.04392943865242073,-0.02564486619122268
LAGO_FR,LSTM,COMPUTED,1.0063164516211938,5.900775371721889,3.1940222944175485,3.248897954900935,1.012578010559082,4.606140081617697,3.22053739435262,3.282834944758925,1.012578010559082,5.4789788595722175,15.0,3.1882750327966005,3.2459607125693655,-0.002937242331568984,-0.007590592010724288,0.0020366135676283697,-0.03687423218955937,-0.04715588853320261,-0.02685358493488187
LAGO_FR,MLP,COMPUTED,2.2197211334468996,6.011370035274795,3.212591215053352,3.244255682928769,2.290170669555664,4.706064238434865,3.2419991210981016,3.2589632050102324,2.290170669555664,5.58052929278322,15.0,3.206369342239883,3.2354595332281644,-0.008796149700604867,-0.014833586029971585,-0.001802064093993439,-0.02350367178206861,-0.03514161723597228,-0.0126165066221195
LAGO_FR,PatchTST,COMPUTED,0.9062563476292897,5.733071143024101,3.165189896442393,3.1992638319684787,0.8579273223876953,4.441364062516991,3.184108731108893,3.203009551860692,0.8579273223876953,5.138268809176066,10.0,3.1569164400719494,3.1809868143356548,-0.018277017632823314,-0.02887560234435102,-0.005090371507935102,-0.02202273752503639,-0.032494669206061214,-0.012244586293198422
LAGO_FR,TCN,COMPUTED,1.151766635450791,5.855089338953664,3.1862497887124364,3.2270211996140055,1.097010612487793,4.55885020054182,3.2102176232873485,3.2439870160590907,1.097010612487793,5.430702235539602,15.0,3.17995333690893,3.2170473430525406,-0.009973856561464751,-0.015780577120326104,-0.0031554970026030755,-0.026939673006550337,-0.03795597654560591,-0.016114880970154847
LAGO_PJM,Linear,COMPUTED,1.089769625255131,5.939069036002889,3.200490926350476,3.456193353115087,0.740656852722168,4.664920041258424,3.233217874574829,3.4027856590981815,0.740656852722168,5.51807985006369,15.0,3.1947761831713732,3.341243742564876,-0.11494961055021093,-0.18330724505261592,-0.010110599838081293,-0.06154191653330504,-0.07635323303752099,-0.04750150091234324
LAGO_PJM,LSTM,COMPUTED,0.10061123899827283,3.707228870235659,2.729223195482446,3.217169000121075,0.1369771957397461,2.4305091148955027,2.581247928270441,2.764363690235336,0.1369771957397461,2.2169039621190416,3.0,2.5640859489212398,2.725195062223455,-0.49197393789761934,-0.7741319693604327,-0.058545120763393035,-0.03916862801188044,-0.06652370890480516,0.0008965021184810393
LAGO_PJM,MLP,COMPUTED,0.36696250107223527,3.9403511105945577,2.7902083669081668,3.1883590775345168,0.23192548751831055,2.7434410407870997,2.702360167336382,2.965089832160839,0.23192548751831055,2.7320787608917767,4.0,2.68744746294708,2.941447397602323,-0.24691167993219396,-0.4076464578558499,-0.004607317028915094,-0.02364243455851562,-0.03761402307521486,-0.004026349548186066
