candidate,mean_gain,gain_ci_lo,gain_ci_hi,harm_rate,tail_gain,normal_gain,dataset,backbone,evidence_status
identity,0.0,0.0,0.0,0.0,0.0,0.0,LAGO_BE,Linear,INVALID_ORACLE_DIAGNOSTIC
mean_residual,-0.12722752585002892,-0.1649854495461903,-0.09255172235449435,0.5934507851397932,0.192806969941113,-0.14413257381319003,LAGO_BE,Linear,INVALID_ORACLE_DIAGNOSTIC
median_residual,0.1491319918623376,0.05271073498562399,0.2518562696572459,0.4605515128303332,-0.5333797221875373,0.18518402191900438,LAGO_BE,Linear,INVALID_ORACLE_DIAGNOSTIC
partial_moment_neg,1.2690971919583183,1.124091511468414,1.4114675775877352,0.10245116813481425,3.60634686094304,1.145637632830496,LAGO_BE,Linear,INVALID_ORACLE_DIAGNOSTIC
partial_moment_pos,1.8074450559918254,1.6742781482145943,1.9497224512545102,0.10168517809268479,1.772919972281994,1.8092687600103692,LAGO_BE,Linear,INVALID_ORACLE_DIAGNOSTIC
side_cond_mean_neg,0.5838230892325885,0.28729248652668604,0.8784042733850669,0.20298736116430485,8.56794509001117,0.1620811609656554,LAGO_BE,Linear,INVALID_ORACLE_DIAGNOSTIC
side_cond_mean_pos,1.7245572071797888,1.4955521283692117,1.9739885240107902,0.1882420528533129,3.0615701373202957,1.6539327338538186,LAGO_BE,Linear,INVALID_ORACLE_DIAGNOSTIC
identity,0.0,0.0,0.0,0.0,0.0,0.0,LAGO_BE,LSTM,INVALID_ORACLE_DIAGNOSTIC
mean_residual,-0.30065246844833154,-0.4222437329842266,-0.17646186341371917,0.5630026809651475,1.693907174328535,-0.4060102560304967,LAGO_BE,LSTM,INVALID_ORACLE_DIAGNOSTIC
median_residual,0.000730899867770408,-0.005851686236720996,0.007291515178452835,0.4963615472998851,-0.0873000166798366,0.005380920056373842,LAGO_BE,LSTM,INVALID_ORACLE_DIAGNOSTIC
partial_moment_neg,1.4107132526556716,1.2551544233051546,1.56239030949862,0.1344312523937189,5.074747913224426,1.2171694863111124,LAGO_BE,LSTM,INVALID_ORACLE_DIAGNOSTIC
partial_moment_pos,1.1683160176219711,1.0777474357948607,1.2622944702165801,0.08828035235541938,0.5284772940671477,1.202113950196843,LAGO_BE,LSTM,INVALID_ORACLE_DIAGNOSTIC
side_cond_mean_neg,0.6862211657658729,0.38957551813453284,0.9732520681676208,0.23726541554959785,10.255547059929544,0.1807446770015821,LAGO_BE,LSTM,INVALID_ORACLE_DIAGNOSTIC
side_cond_mean_pos,1.1936864377238638,1.0250229893289933,1.3737030269154142,0.1767522022213711,1.0461366298781831,1.2014803993479706,LAGO_BE,LSTM,INVALID_ORACLE_DIAGNOSTIC
identity,0.0,0.0,0.0,0.0,0.0,0.0,LAGO_BE,MLP,INVALID_ORACLE_DIAGNOSTIC
mean_residual,-0.3219014956316427,-0.4360970716988412,-0.2070842200231085,0.575450019149751,1.7461213758356269,-0.4311398005357607,LAGO_BE,MLP,INVALID_ORACLE_DIAGNOSTIC
median_residual,0.023537042633138456,-0.01860597368695835,0.06492929393605697,0.48506319417847565,-0.6231499591856512,0.057696718938889044,LAGO_BE,MLP,INVALID_ORACLE_DIAGNOSTIC
partial_moment_neg,1.5201054477508222,1.3635588780023855,1.6815434333220018,0.11853695901953275,5.6604384312368135,1.3014023748328123,LAGO_BE,MLP,INVALID_ORACLE_DIAGNOSTIC
partial_moment_pos,1.5186696818144356,1.407087743788357,1.6284411440880795,0.07736499425507469,0.42368825900468254,1.5765094263257573,LAGO_BE,MLP,INVALID_ORACLE_DIAGNOSTIC
side_cond_mean_neg,0.8298987725997585,0.4936985008111912,1.1582193285287743,0.223094599770203,12.030447492030374,0.23825688459757682,LAGO_BE,MLP,INVALID_ORACLE_DIAGNOSTIC
side_cond_mean_pos,1.717296167963895,1.5087926422818305,1.9179119935955993,0.15702795863653773,0.8001808638417547,1.7657405650767979,LAGO_BE,MLP,INVALID_ORACLE_DIAGNOSTIC
identity,0.0,0.0,0.0,0.0,0.0,0.0,LAGO_BE,PatchTST,INVALID_ORACLE_DIAGNOSTIC
mean_residual,-0.30462805917374036,-0.38908339407077336,-0.2253162215545558,0.5930677901187285,1.1873830377132504,-0.383439935662529,LAGO_BE,PatchTST,INVALID_ORACLE_DIAGNOSTIC
median_residual,0.07886261905303453,0.015270797133910557,0.14600390728529153,0.4687859057832248,-0.9183466088680821,0.13153778391499674,LAGO_BE,PatchTST,INVALID_ORACLE_DIAGNOSTIC
partial_moment_neg,1.232107276874464,1.0920741488624868,1.3662874015126827,0.1126005361930295,4.832048015809786,1.0419491168742516,LAGO_BE,PatchTST,INVALID_ORACLE_DIAGNOSTIC
partial_moment_pos,1.4429985750725203,1.3319172273489444,1.553260728425672,0.0980467253925699,0.5285793968339293,1.4913005558585104,LAGO_BE,PatchTST,INVALID_ORACLE_DIAGNOSTIC
side_cond_mean_neg,0.4875172820812096,0.1842972545257102,0.7806800293344379,0.22060513213328226,11.009142556090188,-0.06826211747329675,LAGO_BE,PatchTST,INVALID_ORACLE_DIAGNOSTIC
side_cond_mean_pos,1.5172308646061405,1.3237435542059146,1.7138839538172617,0.17809268479509766,0.9420619830262046,1.547612769237984,LAGO_BE,PatchTST,INVALID_ORACLE_DIAGNOSTIC
identity,0.0,0.0,0.0,0.0,0.0,0.0,LAGO_BE,TCN,INVALID_ORACLE_DIAGNOSTIC
mean_residual,-0.23585236363215764,-0.3124351055519056,-0.1581001511050146,0.5808119494446572,0.8916093651475995,-0.29540780172495934,LAGO_BE,TCN,INVALID_ORACLE_DIAGNOSTIC
median_residual,0.05791125668277689,-0.004522703316744195,0.11981609520813209,0.47529682114132515,-0.708925582070387,0.09841755743949644,LAGO_BE,TCN,INVALID_ORACLE_DIAGNOSTIC
partial_moment_neg,1.262254612480805,1.1259701609246933,1.3992608725496696,0.11604749138261203,4.47663827804147,1.0924625720822376,LAGO_BE,TCN,INVALID_ORACLE_DIAGNOSTIC
partial_moment_pos,1.4534482932518722,1.3394498803426436,1.5655981317120957,0.09842972041363462,0.7806228389695827,1.488988670070816,LAGO_BE,TCN,INVALID_ORACLE_DIAGNOSTIC
side_cond_mean_neg,0.5588097879618137,0.2547475345910367,0.8470103685438342,0.22079662964381463,9.977381599629771,0.06129651887774001,LAGO_BE,TCN,INVALID_ORACLE_DIAGNOSTIC
side_cond_mean_pos,1.5310646564132573,1.3336161996425429,1.732535649524218,0.18019915741095366,1.4159126311563597,1.5371472835538431,LAGO_BE,TCN,INVALID_ORACLE_DIAGNOSTIC
identity,0.0,0.0,0.0,0.0,0.0,0.0,LAGO_DE,Linear,INVALID_ORACLE_DIAGNOSTIC
mean_residual,0.0379134657667071,-0.014341565642915784,0.08953528349827118,0.4787437763309077,0.37805328192642945,0.019946402896979826,LAGO_DE,Linear,INVALID_ORACLE_DIAGNOSTIC
median_residual,0.03839795039741987,-0.009071448152978168,0.08493005509055444,0.476254308693987,0.3417591793846538,0.022373627414626458,LAGO_DE,Linear,INVALID_ORACLE_DIAGNOSTIC
partial_moment_neg,0.9014152533170513,0.8134103274562876,0.986040115735582,0.09919571045576407,1.8499305530715169,0.8513122274026016,LAGO_DE,Linear,INVALID_ORACLE_DIAGNOSTIC
partial_moment_pos,0.5460932305775443,0.4899836678849429,0.5988594163697054,0.062428188433550365,0.45100577706274597,0.5511159952591729,LAGO_DE,Linear,INVALID_ORACLE_DIAGNOSTIC
side_cond_mean_neg,0.972563508008835,0.8203656198750863,1.1282805676087102,0.17253925698965913,3.3357518467332383,0.8477338014068602,LAGO_DE,Linear,INVALID_ORACLE_DIAGNOSTIC
side_cond_mean_pos,0.6289630781887755,0.5165028620261795,0.7375609259631375,0.1457296055151283,1.0125331761915988,0.6087019157539489,LAGO_DE,Linear,INVALID_ORACLE_DIAGNOSTIC
identity,0.0,0.0,0.0,0.0,0.0,0.0,LAGO_DE,LSTM,INVALID_ORACLE_DIAGNOSTIC
mean_residual,0.09787545368502973,0.04834832826886732,0.14698235670545087,0.4404442742244351,0.3305286704956068,0.08558611037769681,LAGO_DE,LSTM,INVALID_ORACLE_DIAGNOSTIC
median_residual,0.10047285135497265,0.04141406803776666,0.15826180140442214,0.4484871696667943,0.3926605341088681,0.0850387439191822,LAGO_DE,LSTM,INVALID_ORACLE_DIAGNOSTIC
partial_moment_neg,0.8066084203159114,0.7395797674718025,0.87061957739266,0.10934507851397932,1.4765357978630205,0.7712211273890279,LAGO_DE,LSTM,INVALID_ORACLE_DIAGNOSTIC
partial_moment_pos,0.36235142848152013,0.3232606770275984,0.39921546881411196,0.058981233243967826,0.38633696542074314,0.36108445052223054,LAGO_DE,LSTM,INVALID_ORACLE_DIAGNOSTIC
side_cond_mean_neg,0.846824580942353,0.7411742311929008,0.9487832995791057,0.18134814247414785,2.4501016639468354,0.7621353479288097,LAGO_DE,LSTM,INVALID_ORACLE_DIAGNOSTIC
side_cond_mean_pos,0.43884759184301825,0.3468571777426399,0.5212331534279031,0.1344312523937189,0.9722658474347573,0.4106710630194224,LAGO_DE,LSTM,INVALID_ORACLE_DIAGNOSTIC
identity,0.0,0.0,0.0,0.0,0.0,0.0,LAGO_DE,MLP,INVALID_ORACLE_DIAGNOSTIC
mean_residual,-0.0003603713780872846,-0.002841352893696111,0.0021181856892208317,0.5044044427422444,0.010135396731950951,-0.0009147849355126914,LAGO_DE,MLP,INVALID_ORACLE_DIAGNOSTIC
median_residual,0.0001312023558775523,-0.002632703022642705,0.0028987485885199615,0.49885101493680584,-0.01132015781548187,0.0007360927520259734,LAGO_DE,MLP,INVALID_ORACLE_DIAGNOSTIC
partial_moment_neg,0.668866897208117,0.6012730026460222,0.7341396836590698,0.09268479509766372,1.314489848204898,0.6347634268127226,LAGO_DE,MLP,INVALID_ORACLE_DIAGNOSTIC
partial_moment_pos,0.6896015922860814,0.624295576629294,0.7493723622976736,0.0850248946763692,0.7826929429795568,0.6846842669067082,LAGO_DE,MLP,INVALID_ORACLE_DIAGNOSTIC
side_cond_mean_neg,0.6909319295032549,0.5673792496862232,0.8192670378355541,0.17273075450019149,2.6441702570593124,0.5877568404267052,LAGO_DE,MLP,INVALID_ORACLE_DIAGNOSTIC
side_cond_mean_pos,0.7397319378253726,0.6145712072193698,0.8515055414130424,0.1669858291842206,1.556444230098723,0.6965910869028691,LAGO_DE,MLP,INVALID_ORACLE_DIAGNOSTIC
identity,0.0,0.0,0.0,0.0,0.0,0.0,LAGO_DE,PatchTST,INVALID_ORACLE_DIAGNOSTIC
mean_residual,0.1573997329945248,0.09313508364113408,0.2225677427683042,0.4287629260819609,0.41328687961231186,0.14388311355624653,LAGO_DE,PatchTST,INVALID_ORACLE_DIAGNOSTIC
median_residual,0.15996210046372208,0.0849041904007447,0.2354309250472807,0.4364228265032555,0.4770867587955853,0.143210757624418,LAGO_DE,PatchTST,INVALID_ORACLE_DIAGNOSTIC
partial_moment_neg,0.8738252108878828,0.7988025056889462,0.9435124856228025,0.12313289927230946,1.576832262866315,0.836690564190635,LAGO_DE,PatchTST,INVALID_ORACLE_DIAGNOSTIC
partial_moment_pos,0.3199714140147306,0.2842444953787594,0.3536721985284905,0.052661815396399844,0.36896651033364947,0.31738336658820704,LAGO_DE,PatchTST,INVALID_ORACLE_DIAGNOSTIC
side_cond_mean_neg,0.8755613028622989,0.7594638157053049,0.9818571155639446,0.19590195327460744,2.4959739547401933,0.7899669248800392,LAGO_DE,PatchTST,INVALID_ORACLE_DIAGNOSTIC
side_cond_mean_pos,0.39068608993166803,0.3032151883920005,0.4717753858239191,0.13366526235158943,1.0019464986803526,0.3583977376953464,LAGO_DE,PatchTST,INVALID_ORACLE_DIAGNOSTIC
identity,0.0,0.0,0.0,0.0,0.0,0.0,LAGO_DE,TCN,INVALID_ORACLE_DIAGNOSTIC
mean_residual,0.07418591977727432,0.023355389763761118,0.12383507184108383,0.45097663730371507,0.4915154487817879,0.052141497075826194,LAGO_DE,TCN,INVALID_ORACLE_DIAGNOSTIC
median_residual,0.0743839955795592,0.020579273276147534,0.1271508987564047,0.4538490999617005,0.520492986868356,0.05081936741067517,LAGO_DE,TCN,INVALID_ORACLE_DIAGNOSTIC
partial_moment_neg,0.7698658066660078,0.7022147690271866,0.8357948091204774,0.10972807353504405,1.7067050099889107,0.720379542296935,LAGO_DE,TCN,INVALID_ORACLE_DIAGNOSTIC
partial_moment_pos,0.3893583913719647,0.34645073841433716,0.42757798546740444,0.060513213328226734,0.25082246750009374,0.3966762163829386,LAGO_DE,TCN,INVALID_ORACLE_DIAGNOSTIC
side_cond_mean_neg,0.7841774913483183,0.6788877850736619,0.887642641645583,0.1918805055534278,2.911601947782453,0.6718014414318377,LAGO_DE,TCN,INVALID_ORACLE_DIAGNOSTIC
side_cond_mean_pos,0.46687374740538995,0.37658820750496547,0.5484991295587851,0.13577173496744543,0.6061059348845391,0.4595191439538705,LAGO_DE,TCN,INVALID_ORACLE_DIAGNOSTIC
identity,0.0,0.0,0.0,0.0,0.0,0.0,LAGO_FR,Linear,INVALID_ORACLE_DIAGNOSTIC
mean_residual,0.004161508964239358,-0.03509541808225554,0.04333523536822633,0.4973190348525469,0.24345835435788454,-0.008478767949699156,LAGO_FR,Linear,INVALID_ORACLE_DIAGNOSTIC
median_residual,0.009551339567689228,-0.013085939468022195,0.03192253074553499,0.48697816928379933,0.13990702155892176,0.0026656160431523476,LAGO_FR,Linear,INVALID_ORACLE_DIAGNOSTIC
partial_moment_neg,0.740960254765018,0.6778971460893671,0.7992919100117857,0.07353504404442743,0.7194154037032404,0.7420983093977168,LAGO_FR,Linear,INVALID_ORACLE_DIAGNOSTIC
partial_moment_pos,1.0099015481861455,0.9238902759199075,1.0947381402499927,0.08942933741861356,1.9854923821076136,0.9583683226846484,LAGO_FR,Linear,INVALID_ORACLE_DIAGNOSTIC
side_cond_mean_neg,0.8622941582137387,0.740608333604403,0.9710170107834505,0.1478360781309843,1.5087498948346683,0.8281466979325522,LAGO_FR,Linear,INVALID_ORACLE_DIAGNOSTIC
side_cond_mean_pos,1.0939254106877312,0.9325833962485833,1.250614596913599,0.1664113366526235,3.795110255990467,0.9512418563592401,LAGO_FR,Linear,INVALID_ORACLE_DIAGNOSTIC
identity,0.0,0.0,0.0,0.0,0.0,0.0,LAGO_FR,LSTM,INVALID_ORACLE_DIAGNOSTIC
mean_residual,0.032410678134434504,0.01221423078106231,0.05377129823446221,0.4534661049406358,-0.09006656674949755,0.03888024227951317,LAGO_FR,LSTM,INVALID_ORACLE_DIAGNOSTIC
median_residual,0.050160144855582546,0.002598449316148665,0.1003923640238374,0.46859440827269244,-0.2121117424418908,0.06401402277331199,LAGO_FR,LSTM,INVALID_ORACLE_DIAGNOSTIC
partial_moment_neg,0.9287636925624706,0.8502262839822636,1.0073142121655754,0.09651474530831099,0.9356337190004601,0.9284008000369153,LAGO_FR,LSTM,INVALID_ORACLE_DIAGNOSTIC
partial_moment_pos,0.6440646086154538,0.5823838072969592,0.7053872494494903,0.07487552661815397,1.3729980179441266,0.6055604648162376,LAGO_FR,LSTM,INVALID_ORACLE_DIAGNOSTIC
side_cond_mean_neg,1.0117392613540934,0.8733518718250217,1.1445874152764461,0.17502872462657987,1.6761163912934491,0.9766451468290708,LAGO_FR,LSTM,INVALID_ORACLE_DIAGNOSTIC
side_cond_mean_pos,0.7265425645414374,0.5986814047223953,0.8604461083016918,0.15683646112600536,3.1078438013455703,0.6007560879199287,LAGO_FR,LSTM,INVALID_ORACLE_DIAGNOSTIC
identity,0.0,0.0,0.0,0.0,0.0,0.0,LAGO_FR,MLP,INVALID_ORACLE_DIAGNOSTIC
mean_residual,0.11023364699513971,0.015661470167515276,0.20574476780668485,0.46553044810417465,0.9552420860424732,0.06559812057772005,LAGO_FR,MLP,INVALID_ORACLE_DIAGNOSTIC
median_residual,0.11649997313786904,0.03995108024595642,0.19393655626817463,0.45423209498276523,0.7811338264523572,0.0813922978216602,LAGO_FR,MLP,INVALID_ORACLE_DIAGNOSTIC
partial_moment_neg,0.47666488636900917,0.4304483793095968,0.5236741432528075,0.0585982382229031,0.31262859154683487,0.4853297067809869,LAGO_FR,MLP,INVALID_ORACLE_DIAGNOSTIC
partial_moment_pos,1.128550764167404,1.0225733081482489,1.234666130408188,0.12160091918805055,2.575615118535151,1.0521130906100753,LAGO_FR,MLP,INVALID_ORACLE_DIAGNOSTIC
side_cond_mean_neg,0.5790446261588783,0.4834900040448365,0.6723049074506067,0.13577173496744543,0.773718722776101,0.5687614379907912,LAGO_FR,MLP,INVALID_ORACLE_DIAGNOSTIC
side_cond_mean_pos,1.1322390565965659,0.962016139747178,1.3052232201655178,0.20011489850631942,4.321935137850436,0.9637510781109786,LAGO_FR,MLP,INVALID_ORACLE_DIAGNOSTIC
identity,0.0,0.0,0.0,0.0,0.0,0.0,LAGO_FR,PatchTST,INVALID_ORACLE_DIAGNOSTIC
mean_residual,-0.005856489963252864,-0.04603654532021526,0.03536113145339344,0.504787437763309,0.2996050167724424,-0.021991755036791603,LAGO_FR,PatchTST,INVALID_ORACLE_DIAGNOSTIC
median_residual,0.006626038202514415,-0.009871953136374048,0.023834187999025088,0.4890846418996553,0.12634443326760794,0.0003022036244792323,LAGO_FR,PatchTST,INVALID_ORACLE_DIAGNOSTIC
partial_moment_neg,0.6215188319206082,0.5688533407628857,0.6751942971849337,0.0762160091918805,0.533424041242934,0.6261722261055982,LAGO_FR,PatchTST,INVALID_ORACLE_DIAGNOSTIC
partial_moment_pos,0.8576119104844135,0.7808025689250744,0.9372046706337046,0.0959402527767139,1.869206317503481,0.8041768833394548,LAGO_FR,PatchTST,INVALID_ORACLE_DIAGNOSTIC
side_cond_mean_neg,0.6967048384048422,0.5960532689408863,0.7963869076527814,0.15855993872079663,1.1168966894028072,0.6745092204690626,LAGO_FR,PatchTST,INVALID_ORACLE_DIAGNOSTIC
side_cond_mean_pos,0.8867157507129113,0.7453055039778878,1.0348230254740711,0.17598621217924168,3.5780774890040976,0.7445510782467236,LAGO_FR,PatchTST,INVALID_ORACLE_DIAGNOSTIC
identity,0.0,0.0,0.0,0.0,0.0,0.0,LAGO_FR,TCN,INVALID_ORACLE_DIAGNOSTIC
mean_residual,-0.002970735571907952,-0.005856586371995644,-0.00023287396892534594,0.5308310991957105,0.016613248405481607,-0.0040052121449071585,LAGO_FR,TCN,INVALID_ORACLE_DIAGNOSTIC
median_residual,0.0103728562102652,-0.009674418375193507,0.031070431493451334,0.48506319417847565,-0.12149432233271708,0.017338420883301765,LAGO_FR,TCN,INVALID_ORACLE_DIAGNOSTIC
partial_moment_neg,0.7933579531386645,0.7284735897416609,0.8600374029817957,0.08693986978169284,0.7394987362453699,0.7962029359664957,LAGO_FR,TCN,INVALID_ORACLE_DIAGNOSTIC
partial_moment_pos,0.6956471551886217,0.6264635864067413,0.7632368124990668,0.08540788969743393,1.545880892763827,0.6507356150183186,LAGO_FR,TCN,INVALID_ORACLE_DIAGNOSTIC
side_cond_mean_neg,0.85797012262029,0.7438825723321427,0.9747753797219958,0.1664113366526235,1.398139898867966,0.8294369610523683,LAGO_FR,TCN,INVALID_ORACLE_DIAGNOSTIC
side_cond_mean_pos,0.7275710464350021,0.5899919905428858,0.8639309175869373,0.17043278437380313,3.2815406593547576,0.592663780591257,LAGO_FR,TCN,INVALID_ORACLE_DIAGNOSTIC
identity,0.0,0.0,0.0,0.0,0.0,0.0,LAGO_PJM,Linear,INVALID_ORACLE_DIAGNOSTIC
mean_residual,0.1788943072389606,0.0951142547688046,0.25873125804080643,0.4159325928762926,-0.18031051994900024,0.19786843319122782,LAGO_PJM,Linear,INVALID_ORACLE_DIAGNOSTIC
median_residual,0.22541943104022402,0.07607478993415948,0.369545996692131,0.44408272692455,-0.32658959891049916,0.2545779725416533,LAGO_PJM,Linear,INVALID_ORACLE_DIAGNOSTIC
partial_moment_neg,1.321457405507562,1.2051662338795828,1.447121249619783,0.09287629260819609,1.3167109634188323,1.3217081248275715,LAGO_PJM,Linear,INVALID_ORACLE_DIAGNOSTIC
partial_moment_pos,0.5891014017206008,0.5130811580749403,0.6639031445836459,0.05132133282267331,1.2212384621655747,0.555710290866451,LAGO_PJM,Linear,INVALID_ORACLE_DIAGNOSTIC
side_cond_mean_neg,1.40778135950361,1.223097419105467,1.601005809845416,0.1664113366526235,2.1386826286075085,1.3691732682727185,LAGO_PJM,Linear,INVALID_ORACLE_DIAGNOSTIC
side_cond_mean_pos,0.7616980054344902,0.5902860212730127,0.9326419047948651,0.1284948295672156,3.1775322617980235,0.6340874056023843,LAGO_PJM,Linear,INVALID_ORACLE_DIAGNOSTIC
identity,0.0,0.0,0.0,0.0,0.0,0.0,LAGO_PJM,LSTM,INVALID_ORACLE_DIAGNOSTIC
mean_residual,0.005142169540322159,-0.008406825304656676,0.018861756946140992,0.4881271543469935,0.03827848783219506,0.003391823695065966,LAGO_PJM,LSTM,INVALID_ORACLE_DIAGNOSTIC
median_residual,0.005397089136738012,-0.005629521491506973,0.01657586264742549,0.4854461891995404,0.03126400663652493,0.004030731801063784,LAGO_PJM,LSTM,INVALID_ORACLE_DIAGNOSTIC
partial_moment_neg,0.3809375404039338,0.3427567410779473,0.4178814754449474,0.09536576024511681,0.5517723830146121,0.37191360315312777,LAGO_PJM,LSTM,INVALID_ORACLE_DIAGNOSTIC
partial_moment_pos,0.4839826442857336,0.43659847159065135,0.5322072431617039,0.10915358100344695,0.9076109307822952,0.46160550495869757,LAGO_PJM,LSTM,INVALID_ORACLE_DIAGNOSTIC
side_cond_mean_neg,0.32554942590628794,0.256612413554981,0.393963734471588,0.18919954040597473,1.1684328402685742,0.28102614877666715,LAGO_PJM,LSTM,INVALID_ORACLE_DIAGNOSTIC
side_cond_mean_pos,0.43699603010889937,0.3555018156368966,0.5209597513620422,0.1976254308693987,1.7197185343052053,0.36923931718562675,LAGO_PJM,LSTM,INVALID_ORACLE_DIAGNOSTIC
identity,0.0,0.0,0.0,0.0,0.0,0.0,LAGO_PJM,MLP,INVALID_ORACLE_DIAGNOSTIC
mean_residual,0.08324827069601771,0.029118180575409228,0.14112777791920436,0.4548065875143623,0.35934611510892656,0.06866407004356165,LAGO_PJM,MLP,INVALID_ORACLE_DIAGNOSTIC
median_residual,0.08333456119053759,0.027371910973652682,0.14273641620175506,0.4559555725775565,0.37025564499483765,0.06817864910248787,LAGO_PJM,MLP,INVALID_ORACLE_DIAGNOSTIC
partial_moment_neg,0.3681473919661907,0.3289391467362812,0.4046790287172142,0.06319417847567982,0.3889706454988069,0.36704745397716937,LAGO_PJM,MLP,INVALID_ORACLE_DIAGNOSTIC
partial_moment_pos,0.8098204179173926,0.7397871836723015,0.8848818754230865,0.10704710838759096,1.5413423940314517,0.7711795393403998,LAGO_PJM,MLP,INVALID_ORACLE_DIAGNOSTIC
side_cond_mean_neg,0.36639927533351035,0.2900047382364248,0.4413392510657677,0.1535810034469552,0.9504935474004536,0.33554590854287747,LAGO_PJM,MLP,INVALID_ORACLE_DIAGNOSTIC
side_cond_mean_pos,0.8179528135932616,0.7063985005221797,0.9333490465953846,0.19264649559555727,2.609040512684681,0.7233429391654487,LAGO_PJM,MLP,INVALID_ORACLE_DIAGNOSTIC
