dataset,backbone,method,mae,tail_rmse,neg_miss,mae_neg,mae_normal,gain_vs_base,gain_vs_ref,n_touched,touch_rate,worst_harm,harm_rate,dm_p_vs_base,dm_p_vs_ref,dm_p_bech_beats
NEM_SA1,Linear,base,83.87087241639173,1597.154953188413,0.6371681415929203,81.00061276760263,59.68306518359107,0.0,0.0,0,0.0,,,,,6.999290036446837e-10
NEM_SA1,Linear,M0 retrain-on-S1+S2,82.9899119842454,1596.0211673346457,0.6456329357445171,81.42939465669943,58.19401468777988,1.0503770936978631,1.0503770936978631,8728,1.0,92.96504879925652,0.4649404216315307,0.007883610560571741,0.007883610560571741,0.014912169031686573
NEM_SA1,Linear,M1 delta-global-L2,94.78942158594514,1647.8849455049112,0.6317814544055406,75.82783061282082,76.77976877785274,-13.018284959939773,-13.018284959939773,8728,1.0,1295.3840442127184,0.5160403299725023,0.9999999590916401,0.9999999590916401,4.8428150378754253e-11
NEM_SA1,Linear,M2 delta-global-L1,75.33660355674472,1610.0672671382347,0.5421315890727203,57.87446949982938,56.58906813218699,10.1754859747698,10.1754859747698,8728,1.0,333.5083826610844,0.40799725022914757,7.97387045281539e-09,7.97387045281539e-09,0.9999987683428357
NEM_SA1,Linear,M3 delta-global-L1+shrink,75.83746339758456,1605.3670231328317,0.577914582531743,62.94284908920892,55.32911022461122,9.578306255029638,9.578306255029638,8728,1.0,250.13128699581375,0.38817598533455544,5.388023360808347e-12,5.388023360808347e-12,0.9999999911490882
NEM_SA1,Linear,M4 quantile-postproc,72.65270779272592,1604.5990909847537,0.5571373605232782,56.84385435686936,53.10219728134876,13.375519176635313,13.375519176635313,8728,1.0,569.7304505442573,0.40444546287809346,1.6194410257241998e-09,1.6194410257241998e-09,0.999999866672336
NEM_SA1,Linear,M5 EVT-tail-rescale,82.67565715306262,1597.0936933589896,0.6660253943824548,78.43152650979569,59.06529887324289,1.4250659721235053,1.4250659721235053,1186,0.13588450962419799,41.094708269992125,0.3600337268128162,6.956213383091381e-12,6.956213383091381e-12,0.01812748535254516
NEM_SA1,Linear,M6 selective-no-cert,83.5364829063803,1597.3603493014073,0.42631781454405543,69.86133668997336,63.966123242554325,0.39869563816064546,0.39869563816064546,2006,0.22983501374885426,225.85433633323024,0.4661016949152542,0.2593470896837331,0.2593470896837331,4.01482180834023e-10
NEM_SA1,Linear,M7 BECH v1,81.91247424510588,1597.0005975357767,0.4890342439399769,70.95002600765852,61.168516935830596,2.3350158581432625,2.3350158581432625,2006,0.22983501374885426,124.21988498327664,0.3793619142572283,6.999290036446837e-10,6.999290036446837e-10,
NEM_SA1,Linear,M8 delta-global-L1 -> BECH,75.33660355674472,1610.0672671382347,0.5421315890727203,57.87446949982938,56.58906813218699,10.1754859747698,0.0,0,0.0,,,7.97387045281539e-09,,0.9999987683428357
NEM_SA1,Linear,M9 retrain-on-S1+S2 -> BECH,80.99931918256982,1595.8566122330215,0.5225086571758368,71.51411627748188,59.57111443872105,3.4237789009342614,2.398596111360456,2089,0.23934463794683777,89.16219965963332,0.38439444710387743,2.1277046791112753e-10,9.822631596989595e-11,0.9916327443707664
NEM_SA1,GBDT,base,113.60462953845368,1744.3506273205096,0.6814159292035398,101.50571066172263,95.43029713559199,0.0,0.0,0,0.0,,,,,1.2454481890245006e-12
NEM_SA1,GBDT,M0 retrain-on-S1+S2,95.52594443361004,1607.7198721075542,0.6244709503655252,77.23125817927527,78.66596953419487,15.913686949460317,15.913686949460317,8728,1.0,1140.908319780112,0.490032080659945,0.0013714769432323637,0.0013714769432323637,0.9939165248048341
NEM_SA1,GBDT,M1 delta-global-L2,127.52772137945199,1832.4953092928727,0.6263947672181608,102.77399484150853,114.18511148254832,-12.255743359724198,-12.255743359724198,8728,1.0,2440.490992891403,0.4934692942254812,0.9989682732542857,0.9989682732542857,4.324338138950168e-05
NEM_SA1,GBDT,M2 delta-global-L1,79.94245498641817,1615.8603199227948,0.5317429780684879,63.309603085026495,61.49524956864023,29.630988357425437,29.630988357425437,8728,1.0,948.9156474239287,0.39424839596700273,5.691785931460913e-10,5.691785931460913e-10,0.999999994411905
NEM_SA1,GBDT,M3 delta-global-L1+shrink,79.94245498641817,1615.8603199227948,0.5317429780684879,63.309603085026495,61.49524956864023,29.630988357425437,29.630988357425437,8728,1.0,948.9156474239287,0.39424839596700273,5.691785931460913e-10,5.691785931460913e-10,0.999999994411905
NEM_SA1,GBDT,M4 quantile-postproc,71.90774653902987,1606.194666050021,0.5063485956136976,51.19816021611795,54.36757396595187,36.70350686308075,36.70350686308075,8728,1.0,2754.3926272734243,0.40730980751604035,1.5402971964562084e-07,1.5402971964562084e-07,0.9999993247625811
NEM_SA1,GBDT,M5 EVT-tail-rescale,87.72772846667588,1618.0327243530678,0.6814159292035398,77.58438873978912,66.00110538170728,22.778033938325375,22.778033938325375,1377,0.15776810265811184,2917.8107101938804,0.3355119825708061,0.0003361354303617059,0.0003361354303617059,0.9987410948277238
NEM_SA1,GBDT,M6 selective-no-cert,111.586471090998,1732.6802654647831,0.3889957676029242,84.06530828368024,99.9898757553911,1.776475532427625,1.776475532427625,2252,0.25802016498625113,1615.5318451821502,0.5501776198934281,0.011942687418527997,0.011942687418527997,0.0002969529891863054
NEM_SA1,GBDT,M7 BECH v1,110.02677803215323,1735.683741453976,0.48980377068103115,85.98745752960211,96.92823263137856,3.1493888240614276,3.1493888240614276,2251,0.25790559120073325,93.35345802567201,0.4411372723234118,1.2454481890245006e-12,1.2454481890245006e-12,
NEM_SA1,GBDT,M8 delta-global-L1 -> BECH,79.8603393882548,1615.4080331067848,0.47441323585994616,60.86421741600631,62.422997579994885,29.703270269260354,0.1027183843394858,2189,0.2508020164986251,50.85646543620612,0.5541343079031521,7.131760737522086e-10,0.2539557999522317,0.999999993359266
NEM_SA1,GBDT,M9 retrain-on-S1+S2 -> BECH,93.99047634926497,1606.7515976709242,0.4605617545209696,67.95003227807467,80.42976365677738,17.265276308611682,1.6073833066494418,2119,0.24278185151237397,221.74040499033634,0.4818310523831996,0.0007326121522026607,9.691367095387982e-06,0.9967243344829511
NEM_VIC1,Linear,base,64.28494676789816,1406.977482433111,0.6199709161415414,49.91216370329489,54.41685158575957,0.0,0.0,0,0.0,,,,,5.581677955390774e-07
NEM_VIC1,Linear,M0 retrain-on-S1+S2,63.34247828842572,1383.969715886503,0.6175472612699952,51.89818100235424,52.39463342557629,1.4660795829469118,1.4660795829469118,8728,1.0,679.7450065576404,0.5426214482126489,0.24632654955731226,0.24632654955731226,0.5494827569007665
NEM_VIC1,Linear,M1 delta-global-L2,83.64624175607783,1631.89911481234,0.5831313620940378,51.9034823601977,78.89377807386002,-30.11792956457432,-30.11792956457432,8728,1.0,2687.9096949251943,0.4688359303391384,0.9966726712912082,0.9966726712912082,0.0023357926689292485
NEM_VIC1,Linear,M2 delta-global-L1,60.845983425686235,1404.4309135305807,0.5511391177896268,41.65470203221567,52.29201902995841,5.349562401643359,5.349562401643359,8728,1.0,185.09254460300872,0.44179651695692024,3.878121956901737e-06,3.878121956901737e-06,0.9998808826820191
NEM_VIC1,Linear,M3 delta-global-L1+shrink,61.62635435098594,1404.6607341752592,0.58167716917111,44.53520885454668,52.489846533755674,4.135637580149381,4.135637580149381,8728,1.0,111.0555267618056,0.42277726856095327,8.067371659592482e-09,8.067371659592482e-09,0.9999919324351706
NEM_VIC1,Linear,M4 quantile-postproc,56.73940950640864,1388.2917724900806,0.5157537566650509,39.030028573580736,47.286238366215905,11.737642544424599,11.737642544424599,8728,1.0,973.424104501205,0.43274518790100824,0.0012003520947425628,0.0012003520947425628,0.9970366552454013
NEM_VIC1,Linear,M5 EVT-tail-rescale,63.8701100676656,1406.9391018055214,0.7033446437227339,49.84654304157488,53.89116240106855,0.6453092381492317,0.6453092381492317,1081,0.12385426214482126,24.265503404324093,0.40980573543015725,5.666960756744999e-05,5.666960756744999e-05,0.043908700136739975
NEM_VIC1,Linear,M6 selective-no-cert,66.34479084632856,1407.6955384994021,0.39214735821619,44.113937639778726,58.93269766201513,-3.2042401557358398,-3.2042401557358398,2032,0.23281393217231897,465.33266605674606,0.5969488188976378,0.9999985489199008,0.9999985489199008,0.0
NEM_VIC1,Linear,M7 BECH v1,63.514052247995664,1406.8796706811872,0.5254483761512361,45.2836682093942,54.8422239589433,1.19918357043341,1.19918357043341,2027,0.2322410632447296,52.975984596633765,0.4306857424765664,5.581677955390774e-07,5.581677955390774e-07,
NEM_VIC1,Linear,M8 delta-global-L1 -> BECH,60.845983425686235,1404.4309135305807,0.5511391177896268,41.65470203221567,52.29201902995841,5.349562401643359,0.0,0,0.0,,,3.878121956901737e-06,,0.9998808826820191
NEM_VIC1,Linear,M9 retrain-on-S1+S2 -> BECH,62.49077704985217,1383.6362767208175,0.5428986912263694,47.1513423370743,52.750452393329326,2.790963994298496,1.3445972775100188,1918,0.2197525206232814,53.40992884984141,0.4118873826903024,0.09892293872095415,1.2125292307985092e-06,0.7702742014158577
NEM_VIC1,GBDT,base,65.26392716762268,1372.0026320961742,0.637905962190984,45.20734731303524,56.957302401497834,0.0,0.0,0,0.0,,,,,0.12155653838258407
NEM_VIC1,GBDT,M0 retrain-on-S1+S2,66.23798804948808,1400.0393856564958,0.6151236063984489,51.88392419739652,56.295720737904354,-1.4924950491619022,-1.4924950491619022,8728,1.0,2959.177932957349,0.48762603116406966,0.7377242984308969,0.7377242984308969,0.21532310822354106
NEM_VIC1,GBDT,M1 delta-global-L2,71.56182617143766,1434.0641570565733,0.5777993213766359,53.95700451760657,62.35817645041038,-9.649892792445,-9.649892792445,8728,1.0,2280.1850763245884,0.5258936755270394,0.999271306564748,0.999271306564748,0.00042917562834365874
NEM_VIC1,GBDT,M2 delta-global-L1,59.09647087388226,1379.6305905654685,0.5288414929714008,39.16811779578514,50.48087306421908,9.450023253887311,9.450023253887311,8728,1.0,529.994376899951,0.4640238313473877,2.3725377218397625e-10,2.3725377218397625e-10,0.9999999997513198
NEM_VIC1,GBDT,M3 delta-global-L1+shrink,59.26286075888612,1376.6328203585745,0.5424139602520601,39.73020957771343,50.560491516778264,9.195074015885579,9.195074015885579,8728,1.0,450.4952203649591,0.4541704857928506,2.2031265700661606e-12,2.2031265700661606e-12,0.99999999999767
NEM_VIC1,GBDT,M4 quantile-postproc,56.897887964447435,1388.5431581112375,0.5075133301017936,37.07651000373631,48.105421521378666,12.818779939012964,12.818779939012964,8728,1.0,1020.9071656671931,0.45130614115490375,7.578558891552234e-10,7.578558891552234e-10,0.9999999987885013
NEM_VIC1,GBDT,M5 EVT-tail-rescale,62.81112544224084,1402.7809041249761,0.637905962190984,44.78151125223809,53.25578012860492,3.7582809245942475,3.7582809245942475,1174,0.1345096241979835,1113.7714926534045,0.596252129471891,0.0014360370896506769,0.0014360370896506769,0.9961245412326087
NEM_VIC1,GBDT,M6 selective-no-cert,68.3142244493634,1372.822823435288,0.41299079011148815,42.03525591351812,61.95986940485178,-4.673787518036392,-4.673787518036392,1924,0.22043996333638863,161.52470750939457,0.6860706860706861,0.9999999999999912,0.9999999999999912,0.0
NEM_VIC1,GBDT,M7 BECH v1,65.03108923351974,1372.033445608002,0.4963645176926806,39.853284871878294,58.31676263185323,0.35676359699429266,0.35676359699429266,1920,0.21998166819431714,64.60988300375783,0.528125,0.12155653838258407,0.12155653838258407,
NEM_VIC1,GBDT,M8 delta-global-L1 -> BECH,59.09647087388226,1379.6305905654685,0.5288414929714008,39.16811779578514,50.48087306421908,9.450023253887311,0.0,0,0.0,,,2.3725377218397625e-10,,0.9999999997513198
NEM_VIC1,GBDT,M9 retrain-on-S1+S2 -> BECH,65.7457459477753,1397.6974442548874,0.46728065923412504,46.0102758284213,57.47536591459315,-0.7382620094483857,0.7431416868293305,2087,0.23911549037580201,78.60719984921877,0.5218016291327264,0.626346301733176,0.011546100503096124,0.31449590582527764
NEM_NSW1,Linear,base,62.51199632159607,1561.0420603969703,0.5574977000919963,42.07239409961411,44.595415014931575,0.0,0.0,0,0.0,,,,,
NEM_NSW1,Linear,M0 retrain-on-S1+S2,62.45245153126595,1549.5168459036554,0.5326586936522539,44.93414555639461,44.01077872849121,0.09525338148503676,0.09525338148503676,8728,1.0,228.32663799560737,0.581576535288726,0.4752075893858503,0.4752075893858503,0.5247924106141497
NEM_NSW1,Linear,M1 delta-global-L2,94.02499109458897,2307.3653253653856,0.7276908923643054,49.51214518953164,77.83024810578553,-50.411115669499225,-50.411115669499225,8728,1.0,11335.805393531844,0.49140696608615947,0.9962306108308863,0.9962306108308863,0.003769389169113735
NEM_NSW1,Linear,M2 delta-global-L1,53.93297667075615,1560.4132618476701,0.7203311867525299,40.340770087082944,34.146267473595756,13.723797279972842,13.723797279972842,8728,1.0,796.4032114682009,0.4022685609532539,5.866418462119327e-13,5.866418462119327e-13,0.9999999999994134
NEM_NSW1,Linear,M3 delta-global-L1+shrink,54.06860611269431,1557.296657271528,0.6982520699172033,40.25608626036309,34.46587331450291,13.506831817471193,13.506831817471193,8728,1.0,676.9427297479707,0.3901237396883593,1.099120794378905e-14,1.099120794378905e-14,0.999999999999989
NEM_NSW1,Linear,M4 quantile-postproc,51.06885965113016,1543.067650131037,0.7801287948482061,41.761314851157984,30.69758051211174,18.305505093128247,18.305505093128247,8728,1.0,1036.8743392952417,0.39333180568285975,5.260676338991743e-10,5.260676338991743e-10,0.9999999994739324
NEM_NSW1,Linear,M5 EVT-tail-rescale,60.3107399801742,1539.5708010861974,0.7479300827966882,41.785181798165425,41.978456934792995,3.5213342573438258,3.5213342573438258,704,0.08065994500458296,452.8611874839793,0.41761363636363635,0.002107580838778822,0.002107580838778822,0.9978924191612212
NEM_NSW1,Linear,M6 selective-no-cert,64.68366235081773,1573.7602429329977,0.47930082796688134,42.13063732456261,47.07948618496113,-3.4739988434370432,-3.4739988434370432,644,0.07378551787351054,1411.6004258227483,0.717391304347826,0.9999378701479504,0.9999378701479504,6.21298520495639e-05
NEM_NSW1,Linear,M7 BECH v1,62.51199632159607,1561.0420603969703,0.5574977000919963,42.07239409961411,44.595415014931575,0.0,0.0,0,0.0,,,,,
NEM_NSW1,Linear,M8 delta-global-L1 -> BECH,53.93297667075615,1560.4132618476701,0.7203311867525299,40.340770087082944,34.146267473595756,13.723797279972842,0.0,0,0.0,,,5.866418462119327e-13,,0.9999999999994134
NEM_NSW1,Linear,M9 retrain-on-S1+S2 -> BECH,62.45245153126595,1549.5168459036554,0.5326586936522539,44.93414555639461,44.01077872849121,0.09525338148503676,0.0,0,0.0,,,0.4752075893858503,,0.5247924106141497
NEM_NSW1,GBDT,base,69.64677784033334,1581.8724576360726,0.9724011039558418,65.54987628533033,49.06724722718726,0.0,0.0,0,0.0,,,,,5.959832627411288e-11
NEM_NSW1,GBDT,M0 retrain-on-S1+S2,88.94293770844405,1758.555755165437,0.8518859245630175,50.976525198996846,73.54729679575613,-27.705746721474387,-27.705746721474387,8728,1.0,2840.288707652899,0.47296058661778184,0.9992801251626551,0.9992801251626551,0.00046772225594082784
NEM_NSW1,GBDT,M1 delta-global-L2,87.79450712190871,1858.2479537900472,0.8454461821527139,53.435355340181204,71.04704341483296,-26.056811017416205,-26.056811017416205,8728,1.0,7000.653620488513,0.4545142071494042,0.9994631701075902,0.9994631701075902,0.000332558779500447
NEM_NSW1,GBDT,M2 delta-global-L1,54.42395287816009,1563.3611529608124,0.858325666973321,44.17743790525961,34.01735445377102,21.85718483211369,21.85718483211369,8728,1.0,788.9975386634875,0.375916590284143,0.0,0.0,1.0
NEM_NSW1,GBDT,M3 delta-global-L1+shrink,54.42395287816009,1563.3611529608124,0.858325666973321,44.17743790525961,34.01735445377102,21.85718483211369,21.85718483211369,8728,1.0,788.9975386634875,0.375916590284143,0.0,0.0,1.0
NEM_NSW1,GBDT,M4 quantile-postproc,51.05181536316708,1550.2560734729666,0.8509659613615456,42.748585588006016,30.408829895182702,26.698955865259975,26.698955865259975,8728,1.0,860.2716096811146,0.3690421631530706,0.0,0.0,1.0
NEM_NSW1,GBDT,M5 EVT-tail-rescale,67.74164116939681,1565.7347969249424,1.0,66.20080051670003,46.89481871020358,2.7354268639736543,2.7354268639736543,168,0.01924839596700275,186.81726471571812,0.22023809523809523,1.6797001567425696e-09,1.6797001567425696e-09,0.9996362058052122
NEM_NSW1,GBDT,M6 selective-no-cert,69.43937655674355,1583.8562108553726,0.6927322907083716,55.92149002689473,50.19492931597822,0.2977902065552273,0.2977902065552273,505,0.05785976168652612,966.9499670788398,0.4,0.2280960077486709,0.2280960077486709,0.011199086757947008
NEM_NSW1,GBDT,M7 BECH v1,68.93278982946994,1582.0999728448871,0.8969641214351426,58.85123050683401,49.200747368751976,1.0251558406624859,1.0251558406624859,496,0.05682859761686526,30.91952467875764,0.25806451612903225,5.959832627411288e-11,5.959832627411288e-11,
NEM_NSW1,GBDT,M8 delta-global-L1 -> BECH,54.36448084845303,1563.3720087765914,0.8482060717571297,43.53056086017378,34.0413148508609,21.942575759808005,0.10927546891017009,555,0.0635884509624198,4.11731347934375,0.32432432432432434,0.0,5.188654528254233e-08,1.0
NEM_NSW1,GBDT,M9 retrain-on-S1+S2 -> BECH,88.7419618836766,1758.5038981366483,0.8012879484820608,48.76768557858304,73.63263870457136,-27.41718229538106,0.2259604078136648,622,0.07126489459211732,13.288220327138859,0.3504823151125402,0.9991892996337141,8.948539198527783e-08,0.0005285484487060899
LAGO_DE,Linear,base,6.084079015869973,28.154457147981976,0.211340206185567,19.97145706060459,5.504336122917446,0.0,0.0,0,0.0,,,,,
LAGO_DE,Linear,M0 retrain-on-S1+S2,5.415021889229563,29.284862329626062,0.4072164948453608,22.30549492830759,4.7375848721643905,10.99685137052317,10.99685137052317,10446,1.0,7.154774000367588,0.3138043270151254,0.0,0.0,1.0
LAGO_DE,Linear,M1 delta-global-L2,4.963288352848354,28.58681215850326,0.44329896907216493,23.777792474903812,4.252334661900553,18.421698010464706,18.421698010464706,10446,1.0,26.837373147070167,0.3703810070840513,0.0,0.0,1.0
LAGO_DE,Linear,M2 delta-global-L1,5.024494716992826,29.984608464191613,0.5979381443298969,26.00724382019896,4.239734617383936,17.415689311616138,17.415689311616138,10446,1.0,21.827575708581463,0.3755504499329887,0.0,0.0,1.0
LAGO_DE,Linear,M3 delta-global-L1+shrink,5.024494716992826,29.984608464191613,0.5979381443298969,26.00724382019896,4.239734617383936,17.415689311616138,17.415689311616138,10446,1.0,21.827575708581463,0.3755504499329887,0.0,0.0,1.0
LAGO_DE,Linear,M4 quantile-postproc,5.584758695903777,36.136212478935754,0.7680412371134021,28.54950177208539,4.523375525242244,8.206999262562947,8.206999262562947,10446,1.0,46.44183786216455,0.4082902546429255,0.0006851450864333586,0.0006851450864333586,0.9993148549135666
LAGO_DE,Linear,M5 EVT-tail-rescale,6.109647659170973,31.167877246377657,0.9639175257731959,26.653602092280895,5.401964321821071,-0.42025495123099965,-0.42025495123099965,292,0.027953283553513307,32.57388424568693,0.4520547945205479,0.6910589913689567,0.6910589913689567,0.30894100863104335
LAGO_DE,Linear,M6 selective-no-cert,6.046628096323155,27.36533787474019,0.21649484536082475,19.25476707264753,5.531067417426035,0.6155561005885923,0.6155561005885923,375,0.035898908673176334,14.048637665003023,0.376,0.03976580724445444,0.03976580724445444,0.9602341927555456
LAGO_DE,Linear,M7 BECH v1,6.084079015869973,28.154457147981976,0.211340206185567,19.97145706060459,5.504336122917446,0.0,0.0,0,0.0,,,,,
LAGO_DE,Linear,M8 delta-global-L1 -> BECH,5.024494716992826,29.984608464191613,0.5979381443298969,26.00724382019896,4.239734617383936,17.415689311616138,0.0,0,0.0,,,0.0,,1.0
LAGO_DE,Linear,M9 retrain-on-S1+S2 -> BECH,5.415021889229563,29.284862329626062,0.4072164948453608,22.30549492830759,4.7375848721643905,10.99685137052317,0.0,0,0.0,,,0.0,,1.0
LAGO_DE,GBDT,base,6.664246267347285,35.76571648679787,0.23711340206185566,26.562905878079345,6.0213274427909935,0.0,0.0,0,0.0,,,,,0.00721794161668865
LAGO_DE,GBDT,M0 retrain-on-S1+S2,5.909123139341393,34.3617229681254,0.28865979381443296,28.903463802021733,5.186070243484764,11.330960737536945,11.330960737536945,10446,1.0,26.847104816171473,0.40398238560214433,0.0,0.0,1.0
LAGO_DE,GBDT,M1 delta-global-L2,5.26127162743508,28.855079006107868,0.3917525773195876,24.244984589233034,4.598875037222,21.052262831077247,21.052262831077247,10446,1.0,34.61155535932622,0.3820601187057247,0.0,0.0,1.0
LAGO_DE,GBDT,M2 delta-global-L1,5.418847326703068,31.218173493053886,0.4536082474226804,27.003788876196197,4.682736600878679,18.68776888912826,18.68776888912826,10446,1.0,28.303638227168292,0.3907715872104155,0.0,0.0,1.0
LAGO_DE,GBDT,M3 delta-global-L1+shrink,5.460066715903976,31.225291897059975,0.4020618556701031,26.35050605495964,4.741918488888391,18.069253492978053,18.069253492978053,10446,1.0,25.47327440445146,0.3828259620907524,0.0,0.0,1.0
LAGO_DE,GBDT,M4 quantile-postproc,5.8069721611085185,34.84899071747509,0.6237113402061856,27.302270990635968,4.816179497723145,12.863781916930959,12.863781916930959,10446,1.0,62.417438939759506,0.44035994639096304,6.1564819660020476e-06,6.1564819660020476e-06,0.9999923337487941
LAGO_DE,GBDT,M5 EVT-tail-rescale,6.144357619585668,30.3169714127439,0.6288659793814433,24.92913376229622,5.512693563334467,7.801162005505527,7.801162005505527,489,0.046812176909821944,50.58194613658689,0.17791411042944785,3.566541418131841e-05,3.566541418131841e-05,0.9999855120052745
LAGO_DE,GBDT,M6 selective-no-cert,6.548069562176306,33.685507481537506,0.23711340206185566,24.966362610240516,5.961868745590225,1.7432834938919974,1.7432834938919974,386,0.036951943327589505,27.21059058424742,0.3160621761658031,0.005054675093763006,0.005054675093763006,0.7833198626482043
LAGO_DE,GBDT,M7 BECH v1,6.55909717806704,33.92622639863158,0.23711340206185566,24.966362610240516,5.942885231466076,1.577809178442923,1.577809178442923,148,0.014168102623013594,27.21059058424742,0.2702702702702703,0.00721794161668865,0.00721794161668865,
LAGO_DE,GBDT,M8 delta-global-L1 -> BECH,5.418847326703068,31.218173493053886,0.4536082474226804,27.003788876196197,4.682736600878679,18.68776888912826,0.0,0,0.0,,,0.0,,1.0
LAGO_DE,GBDT,M9 retrain-on-S1+S2 -> BECH,5.9093698285226814,34.28978221072154,0.27835051546391754,28.78457388819906,5.188620627259317,11.327259055885452,-0.004174717220669866,144,0.013785180930499713,5.998880824371717,0.5069444444444444,0.0,0.5151495355341145,1.0
LAGO_BE,Linear,base,6.894393465041269,59.20406451056275,1.0,17.213790462773325,6.004608003265843,0.0,0.0,0,0.0,,,,,
LAGO_BE,Linear,M0 retrain-on-S1+S2,6.625558063190917,58.68325247604511,1.0,18.91102689828529,5.739217736172476,3.899333613805318,3.899333613805318,10446,1.0,10.455442405854285,0.4197779054183419,9.992007221626409e-16,9.992007221626409e-16,0.999999999999999
LAGO_BE,Linear,M1 delta-global-L2,7.4072727051934795,60.21137091095031,1.0,18.43326932955549,6.468191477492396,-7.439077023277215,-7.439077023277215,10446,1.0,17.14798946326661,0.562894887995405,0.9999998973643471,0.9999998973643471,1.0263565286550147e-07
LAGO_BE,Linear,M2 delta-global-L1,6.884115694461707,60.08027165255503,1.0,18.830878056379753,5.939631228121228,0.1490743258515177,0.1490743258515177,10446,1.0,15.081983730856464,0.5121577637373157,0.4539234328023942,0.4539234328023942,0.5460765671976058
LAGO_BE,Linear,M3 delta-global-L1+shrink,6.842132588762486,60.00480216758352,1.0,18.75002367669943,5.899707199194455,0.7580199265356198,0.7580199265356198,10446,1.0,14.32788454431364,0.5071797817346353,0.26881176771701787,0.26881176771701787,0.7311882322829821
LAGO_BE,Linear,M4 quantile-postproc,8.278443073326232,66.68073347011273,1.0,26.99164419491217,7.153371164073292,-20.075001743125465,-20.075001743125465,10446,1.0,135.4465790761865,0.6180356117174038,1.0,1.0,0.0
LAGO_BE,Linear,M5 EVT-tail-rescale,6.894393465041269,59.20406451056275,1.0,17.213790462773325,6.004608003265843,0.0,0.0,0,0.0,,,,,
LAGO_BE,Linear,M6 selective-no-cert,6.893494000984772,59.15389459418429,1.0,17.213790462773325,6.00715222425428,0.013046311630712596,0.013046311630712596,3,0.0002871912693854107,26.14695909816242,0.3333333333333333,0.3978394670948494,0.3978394670948494,0.6021605329051506
LAGO_BE,Linear,M7 BECH v1,6.894393465041269,59.20406451056275,1.0,17.213790462773325,6.004608003265843,0.0,0.0,0,0.0,,,,,
LAGO_BE,Linear,M8 delta-global-L1 -> BECH,6.884115694461707,60.08027165255503,1.0,18.830878056379753,5.939631228121228,0.1490743258515177,0.0,0,0.0,,,0.4539234328023942,,0.5460765671976058
LAGO_BE,Linear,M9 retrain-on-S1+S2 -> BECH,6.625558063190917,58.68325247604511,1.0,18.91102689828529,5.739217736172476,3.899333613805318,0.0,0,0.0,,,9.992007221626409e-16,,0.999999999999999
LAGO_BE,GBDT,base,8.50167494478965,74.25484357679252,1.0,33.57261012208192,7.532949927187038,0.0,0.0,0,0.0,,,,,
LAGO_BE,GBDT,M0 retrain-on-S1+S2,7.4628679095981285,69.80328731519839,1.0,12.727840175033716,6.49101617288535,12.218851484414454,12.218851484414454,10446,1.0,42.817965836479495,0.4233199310740953,6.217248937900877e-14,6.217248937900877e-14,0.9999999999999378
LAGO_BE,GBDT,M1 delta-global-L2,7.502903717297532,68.95189868795231,1.0,19.39963379709454,6.319096799845557,11.74793477730205,11.74793477730205,10446,1.0,35.41245077100783,0.46898334290637567,0.00035798939275788477,0.00035798939275788477,0.9996420106072421
LAGO_BE,GBDT,M2 delta-global-L1,7.078143896838019,69.44878780603538,1.0,26.44895034264615,5.902386177093516,16.744124624807718,16.744124624807718,10446,1.0,36.71543388468699,0.4103005935286234,8.70055583135354e-10,8.70055583135354e-10,0.9999999991299444
LAGO_BE,GBDT,M3 delta-global-L1+shrink,7.1277876917489,69.35739949903247,1.0,27.873682298533303,5.990293858971596,16.160195043480854,16.160195043480854,10446,1.0,28.804426949832312,0.3907715872104155,3.2363001167823313e-13,3.2363001167823313e-13,0.9999999999996764
LAGO_BE,GBDT,M4 quantile-postproc,8.064436725669887,67.31681662298362,1.0,33.79958275070311,6.921963195291128,5.142965615119518,5.142965615119518,10446,1.0,37.740255713820645,0.5084242772353054,0.04562607838505117,0.04562607838505117,0.9543739216149488
LAGO_BE,GBDT,M5 EVT-tail-rescale,8.164243782337387,67.71708983090957,1.0,33.57261012208192,7.151176917066869,3.968996281833408,3.968996281833408,87,0.00832854681217691,42.259694459735925,0.1839080459770115,0.025451546493790778,0.025451546493790778,0.9745484535062092
LAGO_BE,GBDT,M6 selective-no-cert,8.50167494478965,74.25484357679252,1.0,33.57261012208192,7.532949927187038,0.0,0.0,0,0.0,,,,,
LAGO_BE,GBDT,M7 BECH v1,8.50167494478965,74.25484357679252,1.0,33.57261012208192,7.532949927187038,0.0,0.0,0,0.0,,,,,
LAGO_BE,GBDT,M8 delta-global-L1 -> BECH,7.078143896838019,69.44878780603538,1.0,26.44895034264615,5.902386177093516,16.744124624807718,0.0,0,0.0,,,8.70055583135354e-10,,0.9999999991299444
LAGO_BE,GBDT,M9 retrain-on-S1+S2 -> BECH,7.4628679095981285,69.80328731519839,1.0,12.727840175033716,6.49101617288535,12.218851484414454,0.0,0,0.0,,,6.217248937900877e-14,,0.9999999999999378
LAGO_FR,Linear,base,5.79236040285587,60.6542418548329,1.0,7.02713953838275,5.2086458635356845,0.0,0.0,0,0.0,,,,,
LAGO_FR,Linear,M0 retrain-on-S1+S2,5.490949784905147,60.188847646184506,1.0,9.92707211529243,4.904658757713951,5.203588813329286,5.203588813329286,10446,1.0,19.55535704061856,0.3698066245452805,0.0,0.0,1.0
LAGO_FR,Linear,M1 delta-global-L2,5.07317062341004,60.53860605895485,1.0,7.62466515813168,4.465024028160613,12.416178024613936,12.416178024613936,10446,1.0,15.088242305759763,0.42140532261152597,3.774758283725532e-14,3.774758283725532e-14,0.9999999999999623
LAGO_FR,Linear,M2 delta-global-L1,5.099284654025417,61.23872438629325,1.0,8.022361637023842,4.473615246304903,11.965342289280523,11.965342289280523,10446,1.0,14.614631953519407,0.41929925330269957,1.2612133559741778e-12,1.2612133559741778e-12,0.9999999999987388
LAGO_FR,Linear,M3 delta-global-L1+shrink,5.067588817543254,61.11774624677349,1.0,7.922839427159734,4.44499057255988,12.512542986021275,12.512542986021275,10446,1.0,13.15316875816746,0.40627991575722766,2.220446049250313e-16,2.220446049250313e-16,0.9999999999999998
LAGO_FR,Linear,M4 quantile-postproc,5.485968769947673,69.77136686276941,1.0,15.010770449376022,4.716575479617824,5.289581648910055,5.289581648910055,10446,1.0,240.09903755453047,0.4330844342331993,0.011723999437680988,0.011723999437680988,0.988276000562319
LAGO_FR,Linear,M5 EVT-tail-rescale,5.79236040285587,60.6542418548329,1.0,7.02713953838275,5.2086458635356845,0.0,0.0,0,0.0,,,,,
LAGO_FR,Linear,M6 selective-no-cert,5.794608440049592,60.70770054913899,1.0,7.02713953838275,5.209752427373337,-0.03881038190602421,-0.03881038190602421,2,0.00019146084625694046,12.051085518834327,1.0,0.9176607552217548,0.9176607552217548,0.08233924477824517
LAGO_FR,Linear,M7 BECH v1,5.79236040285587,60.6542418548329,1.0,7.02713953838275,5.2086458635356845,0.0,0.0,0,0.0,,,,,
LAGO_FR,Linear,M8 delta-global-L1 -> BECH,5.099284654025417,61.23872438629325,1.0,8.022361637023842,4.473615246304903,11.965342289280523,0.0,0,0.0,,,1.2612133559741778e-12,,0.9999999999987388
LAGO_FR,Linear,M9 retrain-on-S1+S2 -> BECH,5.490949784905147,60.188847646184506,1.0,9.92707211529243,4.904658757713951,5.203588813329286,0.0,0,0.0,,,0.0,,1.0
LAGO_FR,GBDT,base,6.4590808666671515,76.50219471002562,0.0,18.989807741364007,5.723255745303004,0.0,0.0,0,0.0,,,,,
LAGO_FR,GBDT,M0 retrain-on-S1+S2,5.926583169589202,70.21953182274652,0.0,16.874387247962353,5.225229352583565,8.244171393270001,8.244171393270001,10446,1.0,112.420843174297,0.45730423128470227,2.8508182487785305e-05,2.8508182487785305e-05,0.9999714918175122
LAGO_FR,GBDT,M1 delta-global-L2,6.31468942806667,72.16659321176095,0.0,5.296789836153446,5.579075811280709,2.235479653856494,2.235479653856494,10446,1.0,52.69110237651546,0.5091901206203331,0.15932295597274582,0.15932295597274582,0.8406770440272542
LAGO_FR,GBDT,M2 delta-global-L1,6.132723217773274,74.63841524508081,0.5,11.303657194745767,5.34605881847884,5.052694890043646,5.052694890043646,10446,1.0,32.10404677599821,0.46764311698257705,0.0023039558452455644,0.0023039558452455644,0.9976960441547544
LAGO_FR,GBDT,M3 delta-global-L1+shrink,6.111297081692154,74.98091397866588,0.0,14.378117413393063,5.345981150841031,5.384416020703144,5.384416020703144,10446,1.0,19.26242806559894,0.4353819643882826,2.6277226494730854e-07,2.6277226494730854e-07,0.999999737227735
LAGO_FR,GBDT,M4 quantile-postproc,6.3029324731557494,73.20596428909164,1.0,13.483742725689046,5.479042996189809,2.417501758140609,2.417501758140609,10446,1.0,82.09296759130393,0.4851617844150871,0.15183478664536854,0.15183478664536854,0.8481652133546315
LAGO_FR,GBDT,M5 EVT-tail-rescale,6.154566641598014,71.32969279916459,1.0,12.20801635709908,5.434229344500388,4.714513277587517,4.714513277587517,112,0.010721807390388666,15.787750184085358,0.017857142857142856,0.00022467724380825782,0.00022467724380825782,0.9997753227561917
LAGO_FR,GBDT,M6 selective-no-cert,6.4628151615365335,76.5090247755469,0.0,18.989807741364007,5.727482892330418,-0.05781464803534502,-0.05781464803534502,7,0.0006701129618992916,12.253790331307137,0.7142857142857143,0.9596455455314126,0.9596455455314126,0.04035445446858743
LAGO_FR,GBDT,M7 BECH v1,6.4590808666671515,76.50219471002562,0.0,18.989807741364007,5.723255745303004,0.0,0.0,0,0.0,,,,,
LAGO_FR,GBDT,M8 delta-global-L1 -> BECH,6.132723217773274,74.63841524508081,0.5,11.303657194745767,5.34605881847884,5.052694890043646,0.0,0,0.0,,,0.0023039558452455644,,0.9976960441547544
LAGO_FR,GBDT,M9 retrain-on-S1+S2 -> BECH,5.926583169589202,70.21953182274652,0.0,16.874387247962353,5.225229352583565,8.244171393270001,0.0,0,0.0,,,2.8508182487785305e-05,,0.9999714918175122
LAGO_PJM,Linear,base,5.719771197402827,23.271785576111768,0.8,10.419424567413477,5.649665262404015,0.0,0.0,0,0.0,,,,,
LAGO_PJM,Linear,M0 retrain-on-S1+S2,5.2275989204712126,22.66957133543773,0.8,10.65306777051234,5.150982963384056,8.604754629959587,8.604754629959587,10446,1.0,5.7040498034104985,0.2993490331227264,0.0,0.0,1.0
LAGO_PJM,Linear,M1 delta-global-L2,3.924166251299625,22.04977122836684,0.9166666666666666,13.294786951877073,3.819719224890595,31.39295059422187,31.39295059422187,10446,1.0,16.106054025227532,0.3131342140532261,0.0,0.0,1.0
LAGO_PJM,Linear,M2 delta-global-L1,3.850760216429501,22.055371891261178,0.95,13.696666149253897,3.7433225691231353,32.67632421768875,32.67632421768875,10446,1.0,13.342248778041487,0.3068160061267471,0.0,0.0,1.0
LAGO_PJM,Linear,M3 delta-global-L1+shrink,3.850760216429501,22.055371891261178,0.95,13.696666149253897,3.7433225691231353,32.67632421768875,32.67632421768875,10446,1.0,13.342248778041487,0.3068160061267471,0.0,0.0,1.0
LAGO_PJM,Linear,M4 quantile-postproc,3.729168114750731,23.032875418087947,1.0,16.103415322355264,3.5884474269861006,34.80214529483221,34.80214529483221,10446,1.0,34.099157665092946,0.3079647712042887,0.0,0.0,1.0
LAGO_PJM,Linear,M5 EVT-tail-rescale,5.719771197402827,23.271785576111768,0.8,10.419424567413477,5.649665262404015,0.0,0.0,0,0.0,,,,,
LAGO_PJM,Linear,M6 selective-no-cert,5.744309626064651,23.404737383480718,0.8,10.419424567413477,5.674172597739065,-0.4290106686953865,-0.4290106686953865,103,0.009860233582232434,21.09205080630086,0.6504854368932039,0.9852942326892508,0.9852942326892508,0.01470576731074924
LAGO_PJM,Linear,M7 BECH v1,5.719771197402827,23.271785576111768,0.8,10.419424567413477,5.649665262404015,0.0,0.0,0,0.0,,,,,
LAGO_PJM,Linear,M8 delta-global-L1 -> BECH,3.850760216429501,22.055371891261178,0.95,13.696666149253897,3.7433225691231353,32.67632421768875,0.0,0,0.0,,,0.0,,1.0
LAGO_PJM,Linear,M9 retrain-on-S1+S2 -> BECH,5.2275989204712126,22.66957133543773,0.8,10.65306777051234,5.150982963384056,8.604754629959587,0.0,0,0.0,,,0.0,,1.0
LAGO_PJM,GBDT,base,4.378071972513213,42.79313536582134,1.0,15.92384300673548,4.251877101367024,0.0,0.0,0,0.0,,,,,
LAGO_PJM,GBDT,M0 retrain-on-S1+S2,4.0797981701310455,37.658714665808,1.0,17.446439507641852,3.9526811086391844,6.812903128473355,6.812903128473355,10446,1.0,32.352698243648874,0.4476354585487268,5.31203379061651e-07,5.31203379061651e-07,0.9999994687966209
LAGO_PJM,GBDT,M1 delta-global-L2,3.926187966027245,29.872410217744445,1.0,16.004639849401247,3.8288771221263107,10.321529872579193,10.321529872579193,10446,1.0,42.228428462080906,0.46955772544514646,0.002064175640466459,0.002064175640466459,0.9979358243595335
LAGO_PJM,GBDT,M2 delta-global-L1,3.9717779405760556,34.084515690495266,1.0,16.60867586460942,3.8590668316322643,9.28020449384998,9.28020449384998,10446,1.0,24.120084836113094,0.44830557151062606,0.00013075668324036283,0.00013075668324036283,0.9998692433167596
LAGO_PJM,GBDT,M3 delta-global-L1+shrink,4.001313898224109,35.52562595648352,1.0,16.47170929303463,3.8855520780677417,8.60557059487599,8.60557059487599,10446,1.0,19.296067868890475,0.4344246601569979,1.6336683433482158e-05,1.6336683433482158e-05,0.9999836633165665
LAGO_PJM,GBDT,M4 quantile-postproc,3.7791742325528803,25.200172470864768,1.0,16.99955186983383,3.620252679291431,13.67948594085214,13.67948594085214,10446,1.0,60.46114825174256,0.44131725062224775,0.004200685659676129,0.004200685659676129,0.9957993143403239
LAGO_PJM,GBDT,M5 EVT-tail-rescale,4.378071972513213,42.79313536582134,1.0,15.92384300673548,4.251877101367024,0.0,0.0,0,0.0,,,,,
LAGO_PJM,GBDT,M6 selective-no-cert,4.405558753266433,42.943242161066856,1.0,15.92384300673548,4.279745244117659,-0.6278284351145855,-0.6278284351145855,87,0.00832854681217691,27.879520991663263,0.6206896551724138,0.9703487180662641,0.9703487180662641,0.029651281933735896
LAGO_PJM,GBDT,M7 BECH v1,4.378071972513213,42.79313536582134,1.0,15.92384300673548,4.251877101367024,0.0,0.0,0,0.0,,,,,
LAGO_PJM,GBDT,M8 delta-global-L1 -> BECH,3.9717779405760556,34.084515690495266,1.0,16.60867586460942,3.8590668316322643,9.28020449384998,0.0,0,0.0,,,0.00013075668324036283,,0.9998692433167596
LAGO_PJM,GBDT,M9 retrain-on-S1+S2 -> BECH,4.0797981701310455,37.658714665808,1.0,17.446439507641852,3.9526811086391844,6.812903128473355,0.0,0,0.0,,,5.31203379061651e-07,,0.9999994687966209
LAGO_NP,Linear,base,2.5960836303218886,17.923323555686753,,,2.3591208988690195,0.0,0.0,0,0.0,,,,,
LAGO_NP,Linear,M0 retrain-on-S1+S2,2.629775736184753,17.946699351731965,,,2.3911976636027363,-1.2978051041709717,-1.2978051041709717,10446,1.0,4.703628762621889,0.5512157763737315,0.9921984068892267,0.9921984068892267,0.0078015931107733305
LAGO_NP,Linear,M1 delta-global-L2,3.4095317121536852,21.4430438718142,,,2.6226376309238137,-31.333662457204323,-31.333662457204323,10446,1.0,43.39498502076633,0.5344629523262493,0.999999999837058,0.999999999837058,1.6294199323141356e-10
LAGO_NP,Linear,M2 delta-global-L1,3.0091090564052196,17.984370122306125,,,2.5849895211612917,-15.909557814673327,-15.909557814673327,10446,1.0,12.61487092452849,0.6056863871338312,0.9999999998925215,0.9999999998925215,1.0747847056791215e-10
LAGO_NP,Linear,M3 delta-global-L1+shrink,2.8906221689847804,17.856916339119763,,,2.5004247279115592,-11.345495007276478,-11.345495007276478,10446,1.0,10.722640285849216,0.5887421022400919,0.9999999346087765,0.9999999346087765,6.539122354709548e-08
LAGO_NP,Linear,M4 quantile-postproc,4.894454445146322,21.08754522081667,,,3.7153164524027784,-88.53223324471479,-88.53223324471479,10446,1.0,22.24980901831482,0.7179781734635267,1.0,1.0,0.0
LAGO_NP,Linear,M5 EVT-tail-rescale,2.5960836303218886,17.923323555686753,,,2.3591208988690195,0.0,0.0,0,0.0,,,,,
LAGO_NP,Linear,M6 selective-no-cert,2.6374853696364156,18.002427304809835,,,2.4389060421094797,-1.5947767949753433,-1.5947767949753433,236,0.022592379858318974,24.46235982945747,0.5720338983050848,0.9623142460242162,0.9623142460242162,0.037685753975783776
LAGO_NP,Linear,M7 BECH v1,2.5960836303218886,17.923323555686753,,,2.3591208988690195,0.0,0.0,0,0.0,,,,,
LAGO_NP,Linear,M8 delta-global-L1 -> BECH,3.0091090564052196,17.984370122306125,,,2.5849895211612917,-15.909557814673327,0.0,0,0.0,,,0.9999999998925215,,1.0747847056791215e-10
LAGO_NP,Linear,M9 retrain-on-S1+S2 -> BECH,2.629775736184753,17.946699351731965,,,2.3911976636027363,-1.2978051041709717,0.0,0,0.0,,,0.9921984068892267,,0.0078015931107733305
LAGO_NP,GBDT,base,3.544835169006712,17.428572428073664,,,2.948229656707876,0.0,0.0,0,0.0,,,,,
LAGO_NP,GBDT,M0 retrain-on-S1+S2,3.563586938259779,17.22645162867526,,,3.006935768083001,-0.5289884679834455,-0.5289884679834455,10446,1.0,16.91175854391203,0.519146084625694,0.6853833615420802,0.6853833615420802,0.31461663845791976
LAGO_NP,GBDT,M1 delta-global-L2,4.10622359705666,20.33412843864226,,,3.479784090864407,-15.83679921025081,-15.83679921025081,10446,1.0,49.1773539410857,0.5582998276852383,0.9999999957754248,0.9999999957754248,4.2245752451819385e-09
LAGO_NP,GBDT,M2 delta-global-L1,3.5876854132191416,17.67263399538415,,,3.0820894979942692,-1.2088078054257283,-1.2088078054257283,10446,1.0,11.8062339774905,0.4584529963622439,0.8207452825044756,0.8207452825044756,0.17925471749552435
LAGO_NP,GBDT,M3 delta-global-L1+shrink,3.544444545291501,17.461183417602356,,,3.008548832433593,0.011019517032166559,0.011019517032166559,10446,1.0,8.26436378424335,0.4426574765460463,0.49523598824182213,0.49523598824182213,0.5047640117581779
LAGO_NP,GBDT,M4 quantile-postproc,4.158947903645214,19.274905930511835,,,3.3343015949299923,-17.32415487207493,-17.32415487207493,10446,1.0,18.773336172528502,0.6016657093624354,1.0,1.0,0.0
LAGO_NP,GBDT,M5 EVT-tail-rescale,3.544835169006712,17.428572428073664,,,2.948229656707876,0.0,0.0,0,0.0,,,,,
LAGO_NP,GBDT,M6 selective-no-cert,3.596674228640235,17.864000086278025,,,3.0237277478695916,-1.462382795306345,-1.462382795306345,262,0.0250813708596592,40.819327794281534,0.6145038167938931,0.9637468181100342,0.9637468181100342,0.036253181889965846
LAGO_NP,GBDT,M7 BECH v1,3.544835169006712,17.428572428073664,,,2.948229656707876,0.0,0.0,0,0.0,,,,,
LAGO_NP,GBDT,M8 delta-global-L1 -> BECH,3.5876854132191416,17.67263399538415,,,3.0820894979942692,-1.2088078054257283,0.0,0,0.0,,,0.8207452825044756,,0.17925471749552435
LAGO_NP,GBDT,M9 retrain-on-S1+S2 -> BECH,3.563586938259779,17.22645162867526,,,3.006935768083001,-0.5289884679834455,0.0,0,0.0,,,0.6853833615420802,,0.31461663845791976
GEFCOM14P,Linear,base,5.755013419463846,40.05265796787878,,,5.069530426939506,0.0,0.0,0,0.0,,,,,
GEFCOM14P,Linear,M0 retrain-on-S1+S2,5.563227701368907,40.45674446711054,,,4.898621954051774,3.3324981909912874,3.3324981909912874,5156,1.0,17.332842267006228,0.4134988363072149,0.002296133422733493,0.002296133422733493,0.9977038665772665
GEFCOM14P,Linear,M1 delta-global-L2,4.981511781944483,38.75389449522245,,,4.396806861406692,13.440483646889998,13.440483646889998,5156,1.0,59.22061893789311,0.4045771916214119,8.953735314731759e-06,8.953735314731759e-06,0.9999910462646853
GEFCOM14P,Linear,M2 delta-global-L1,4.636455462558115,35.411145860329576,,,4.095437318453133,19.436235424277065,19.436235424277065,5156,1.0,20.54510034970029,0.3797517455391777,3.7773395522577857e-10,3.7773395522577857e-10,0.999999999622266
GEFCOM14P,Linear,M3 delta-global-L1+shrink,5.253546926402885,38.12834315606834,,,4.605353849014803,8.713559057307616,8.713559057307616,5156,1.0,5.136275087425076,0.3027540729247479,0.0,0.0,1.0
GEFCOM14P,Linear,M4 quantile-postproc,4.9071089352025785,45.05900423583166,,,4.269242829066522,14.733318977043508,14.733318977043508,5156,1.0,77.70857346188734,0.391388673390225,0.00037341446062510997,0.00037341446062510997,0.9996265855393749
GEFCOM14P,Linear,M5 EVT-tail-rescale,5.755013419463846,40.05265796787878,,,5.069530426939506,0.0,0.0,0,0.0,,,,,
GEFCOM14P,Linear,M6 selective-no-cert,5.755013419463846,40.05265796787878,,,5.069530426939506,0.0,0.0,0,0.0,,,,,
GEFCOM14P,Linear,M7 BECH v1,5.755013419463846,40.05265796787878,,,5.069530426939506,0.0,0.0,0,0.0,,,,,
GEFCOM14P,Linear,M8 delta-global-L1 -> BECH,4.636455462558115,35.411145860329576,,,4.095437318453133,19.436235424277065,0.0,0,0.0,,,3.7773395522577857e-10,,0.999999999622266
GEFCOM14P,Linear,M9 retrain-on-S1+S2 -> BECH,5.563227701368907,40.45674446711054,,,4.898621954051774,3.3324981909912874,0.0,0,0.0,,,0.002296133422733493,,0.9977038665772665
GEFCOM14P,GBDT,base,6.2184649626593504,50.1905683290398,,,5.463817802160631,0.0,0.0,0,0.0,,,,,
GEFCOM14P,GBDT,M0 retrain-on-S1+S2,5.455905015056538,47.58005080978533,,,4.743605355885921,12.262832582990079,12.262832582990079,5156,1.0,63.17166503245758,0.4086501163692785,4.7134588935904276e-05,4.7134588935904276e-05,0.9999528654110641
GEFCOM14P,GBDT,M1 delta-global-L2,5.997218653743983,53.298104782387874,,,5.273694726150677,3.5578926671438693,3.5578926671438693,5156,1.0,71.92758685756124,0.4478277734678045,0.2710080151604739,0.2710080151604739,0.7289919848395261
GEFCOM14P,GBDT,M2 delta-global-L1,5.287659401725579,42.72264208549119,,,4.714072894652351,14.968413692496052,14.968413692496052,5156,1.0,41.46606283929614,0.43638479441427463,7.413511293741237e-05,7.413511293741237e-05,0.9999258648870626
GEFCOM14P,GBDT,M3 delta-global-L1+shrink,6.2184649626593504,50.1905683290398,,,5.463817802160631,0.0,0.0,0,0.0,,,,,
GEFCOM14P,GBDT,M4 quantile-postproc,5.523941309452524,46.83356001874637,,,4.953222039926945,11.168731469539564,11.168731469539564,5156,1.0,68.14921003389861,0.4435608999224205,0.01812005243016479,0.01812005243016479,0.9818799475698352
GEFCOM14P,GBDT,M5 EVT-tail-rescale,6.2184649626593504,50.1905683290398,,,5.463817802160631,0.0,0.0,0,0.0,,,,,
GEFCOM14P,GBDT,M6 selective-no-cert,6.2184649626593504,50.1905683290398,,,5.463817802160631,0.0,0.0,0,0.0,,,,,
GEFCOM14P,GBDT,M7 BECH v1,6.2184649626593504,50.1905683290398,,,5.463817802160631,0.0,0.0,0,0.0,,,,,
GEFCOM14P,GBDT,M8 delta-global-L1 -> BECH,5.287659401725579,42.72264208549119,,,4.714072894652351,14.968413692496052,0.0,0,0.0,,,7.413511293741237e-05,,0.9999258648870626
GEFCOM14P,GBDT,M9 retrain-on-S1+S2 -> BECH,5.455905015056538,47.58005080978533,,,4.743605355885921,12.262832582990079,0.0,0,0.0,,,4.7134588935904276e-05,,0.9999528654110641
